CODIGO_SINIESTRO,CLASE SINIESTRO,CANTIDAD DE FALLECIDOS,CANTIDAD DE LESIONADOS,CANTIDAD DE VEHICULOS DAÑADOS,DEPARTAMENTO,PROVINCIA,DISTRITO,ZONA,TIPO DE VÍA,RED VIAL,COD CARRETERA,COORDENADAS LATITUD,COORDENADAS  LONGITUD,CONDICIÓN CLIMÁTICA,ZONIFICACIÓN,CARACTERÍSTICAS DE VÍA,PERFIL LONGITUDINAL VÍA,SUPERFICIE DE CALZADA,¿EXISTE SEÑAL VERTICAL?,CLASIFICACIÓN DE LA SEÑAL VERTICAL Nº 1,CLASIFICACIÓN DE LA SEÑAL VERTICAL Nº 2,¿EXISTE SEÑAL HORIZONTAL?,CAUSA FACTOR PRINCIPAL,CAUSA ESPECÍFICA,AÑO,MES,DIA_SEMANA,ES_FIN_SEMANA,HORA_NUM,FRANJA_HORARIA,REGION_NATURAL,CATEGORIA_SEVERIDAD,MORTALIDAD_MULTIPLE,LESION_MULTIPLE,MTC_RVN_LONGITUD_KM,MTC_RVN_N_CARRILES_MEDIANA,MTC_RVN_SUPERFICIE_DOMINANTE,MTC_RVN_ESTADO_DOMINANTE,MTC_RVN_ES_CONCESIONADA,MTC_RVN_CONCESION_PRINCIPAL,MTC_RVN_CORREDOR_LOGISTICO,MTC_RVN_N_TRAMOS,IDH_UBIGEO,IDH_2019,IDH_ESP_VIDA_2019,IDH_EDUC_SECUND_PCT_2019,IDH_ANIOS_EDUC_2019,IDH_INGRESO_PERCAP_2019,IDH_POBLACION_2019,MTC_DEP_RED_TOTAL_KM,MTC_DEP_NACIONAL_TOTAL_KM,MTC_DEP_DEPARTAMENTAL_TOTAL_KM,MTC_DEP_VECINAL_TOTAL_KM,MTC_DEP_PAV_TOTAL_KM,MTC_DEP_NO_PAV_TOTAL_KM,MTC_DEP_PCT_PAVIMENTADA,PER_TOTAL_PERSONAS,PER_N_CONDUCTORES,PER_N_CONDUCTORES_FUGADOS,PER_N_PEATONES,PER_N_PASAJEROS_OCUPANTES,PER_EDAD_COND_PROM,PER_EDAD_COND_MIN,PER_EDAD_COND_MAX,PER_ANY_COND_MASCULINO,PER_ANY_LIC_PROBLEMA,PER_ANY_DOSAJE_POS,PER_ANY_DOSAJE_EVALUADO,VEH_TOTAL,VEH_N_FUGADOS,VEH_ANY_FUGADO,VEH_ANY_CARGA,VEH_ANY_PUBLICO,VEH_ANY_PARTICULAR,VEH_ANY_MOTO,VEH_ANY_AUTO,VEH_ANY_CAMION_BUS,VEH_ANY_SOAT_PROBLEMA,VEH_ANY_CITV_PROBLEMA,VEH_ANY_SEGURO_PROBLEMA
A-2021-04-113,ATROPELLO,1,0,2,LA LIBERTAD,TRUJILLO,HUANCHACO,RURAL,AVENIDA,URBANO,NO CORRESPONDE,-8.041961,-79.058879,DESPEJADO,RURAL,TRAMO RECTO,PLANA ,ASFALTADA,SIN_DATO,SIN_DATO,SIN_DATO,SIN_DATO,IMPRUDENCIA DEL CONDUCTOR,OTRO (IMPRUDENCIA DEL CONDUCTOR),2021,4,0,0,19,NOCHE,COSTA,LEVE,0,0,,,,,,,,,130104.0,0.583006771156836,78.2441938961209,62.24037484511178,8.807312392374042,1028.2282118265089,76607.295503212,8931.828000000005,1335.5899999999997,1935.9830000000004,5660.255000000005,1219.309,7712.519000000005,13.651281686122925,2,1,0,1,0,32.0,32.0,32.0,1.0,0.0,0.0,0.0,1,0,0.0,0.0,0.0,0.0,0.0,0.0,1.0,0.0,1.0,0.0
A-2021-04-245,ATROPELLO,1,0,1,LIMA,LIMA,SANTIAGO DE SURCO,URBANA,CARRETERA,NACIONAL,PE-1S,-12.143660765494351,-76.98169504559282,DESPEJADO,INDUSTRIAL,TRAMO RECTO,PLANA ,ASFALTADA,SIN_DATO,SIN_DATO,SIN_DATO,SIN_DATO,IMPRUDENCIA DEL PEATÓN,OTRO (IMPRUDENCIA DEL PEATÓN),2021,4,0,0,19,NOCHE,COSTA,LEVE,0,0,6639.975,2.0,Pavimentado,Bueno,1.0,No concesionado,Eje Estructurante Sur,1616.0,150140.0,0.8017574897902351,80.48487267736287,78.74302427848284,13.156716040468266,1766.1488062170545,359776.608137045,7626.313,1683.4029999999998,1599.0829999999996,4343.827000000001,1814.875,5811.438000000001,23.797541485643197,2,1,0,1,0,38.0,38.0,38.0,1.0,0.0,0.0,0.0,1,0,0.0,0.0,0.0,1.0,0.0,1.0,0.0,0.0,0.0,0.0
A-2021-04-105,DESPISTE,1,9,1,ICA,ICA,SAN JOSE DE LOS MOLINOS,RURAL,CARRETERA,NACIONAL,PE-1SC,-13.837511143746196,-75.55509477784405,DESPEJADO,RURAL,SINUOSA,PLANA ,ASFALTADA,SIN_DATO,PREVENTIVA (P),SIN_DATO,SIN_DATO,INFRAESTRUCTURA Y ENTORNO VIAL,OTRO (INFRAESTRUCTURA Y ENTORNO VIAL),2021,4,0,0,19,NOCHE,COSTA,GRAVE_LESIONADOS,0,1,583.2950000000001,1.0,Asfaltado económico,Regular,0.0,No concesionado,No corresponde,248.0,110109.0,0.6267320904570742,78.75055145863993,77.68950629139908,9.132898531488795,1104.4394499003888,6644.670235546039,3721.461,698.1859999999996,744.866,2278.409,1102.9029999999996,2618.558,29.636290693359403,10,1,0,0,9,68.0,68.0,68.0,1.0,0.0,0.0,1.0,1,0,0.0,0.0,0.0,1.0,0.0,0.0,1.0,0.0,0.0,0.0
A-2021-04-181,DESPISTE,1,0,1,CUSCO,ANTA,ANCAHUASI,RURAL,CARRETERA,SIN CLASIFICAR,SIN CLASIFICAR,-13.491315,-72.277111,DESPEJADO,RURAL,CURVA,INCLINADA,TROCHA,SIN_DATO,SIN_DATO,SIN_DATO,SIN_DATO,IMPRUDENCIA DEL CONDUCTOR,CONDUCIR EN ESTADO DE EBRIEDAD Y/O DROGADICCIÓN,2021,4,0,0,23,NOCHE,SIERRA,LEVE,0,0,,,,,,,,,80302.0,0.2811173960891883,77.11100763906057,59.78223574586323,5.012239116376277,206.45731953948768,6402.226980728051,17779.13499998999,2097.3709999899997,2863.123,12818.640999999989,2878.713,14900.421999989989,16.19152450331032,2,1,0,0,1,23.0,23.0,23.0,1.0,0.0,0.0,0.0,1,0,0.0,0.0,0.0,0.0,1.0,0.0,0.0,0.0,0.0,0.0
A-2021-04-165,VOLCADURA,1,0,1,JUNIN,HUANCAYO,EL TAMBO,URBANA,AVENIDA,URBANO,NO CORRESPONDE,-12.055297,-75.212626,SOLEADO,INDUSTRIAL,TRAMO RECTO,INCLINADA,ASFALTADA,SIN_DATO,SIN_DATO,SIN_DATO,SIN_DATO,EN PROCESO DE INVESTIGACIÓN,NO CUENTA CON CAUSA ESPECIFICA,2021,4,1,0,9,MAÑANA,SIERRA,LEVE,0,0,,,,,,,,,120114.0,0.6349620447591086,73.34739425042062,78.85040671556425,11.216598893401857,1118.0127433957432,167365.50535331905,12264.545,1826.4639999999995,1105.5389999999998,9332.542,1588.5359999999996,10676.009,12.952261987705208,1,1,0,0,0,75.0,75.0,75.0,1.0,0.0,0.0,0.0,1,0,0.0,0.0,0.0,1.0,0.0,0.0,0.0,1.0,1.0,0.0
A-2021-04-212,CHOQUE,2,3,2,LAMBAYEQUE,CHICLAYO,PATAPO,RURAL,CARRETERA,NACIONAL,PE-06A,-6.740117852627036,-79.67576966896017,DESPEJADO,RURAL,TRAMO RECTO,PLANA ,ASFALTADA,SIN_DATO,SIN_DATO,SIN_DATO,SIN_DATO,EN PROCESO DE INVESTIGACIÓN,NO CUENTA CON CAUSA ESPECIFICA,2021,4,1,0,20,NOCHE,COSTA,GRAVE_MORTALIDAD,1,1,919.085,2.0,Pavimentado,Regular,0.0,No concesionado,CO 16: Chiclayo - Cajamarca,218.0,140117.0,0.5368990377599975,81.14791216819076,67.58350560537582,7.829746599316162,796.0036204699745,23182.03854389721,3459.691,515.0619999999999,689.7280000000001,2254.901,703.3549999999999,2756.336,20.329994788551925,5,2,0,0,3,49.0,38.0,60.0,1.0,1.0,0.0,1.0,2,0,0.0,0.0,1.0,1.0,1.0,1.0,0.0,0.0,1.0,0.0
A-2021-04-121,CHOQUE,1,0,2,ICA,ICA,SALAS,RURAL,CARRETERA,NACIONAL,PE-1S,-13.9346253,-75.870705217,DESPEJADO,RURAL,TRAMO RECTO,PLANA ,ASFALTADA,SIN_DATO,SIN_DATO,SIN_DATO,SIN_DATO,IMPRUDENCIA DEL CONDUCTOR,OTRO (IMPRUDENCIA DEL CONDUCTOR),2021,4,2,0,5,MADRUGADA,COSTA,LEVE,0,0,6639.975,2.0,Pavimentado,Bueno,1.0,No concesionado,Eje Estructurante Sur,1616.0,110108.0,0.6053164595604621,78.88848309050202,67.63954639531094,9.133324993872453,1064.9426147896202,27932.19700214133,3721.461,698.1859999999996,744.866,2278.409,1102.9029999999996,2618.558,29.636290693359403,2,2,0,0,0,41.5,32.0,51.0,1.0,0.0,0.0,1.0,3,1,1.0,1.0,0.0,1.0,1.0,0.0,1.0,0.0,1.0,0.0
A-2021-04-225,DESPISTE,1,0,1,AREQUIPA,CAMANA,SAMUEL PASTOR,RURAL,CARRETERA,NACIONAL,PE-1S,-16.605183,-72.630501,LLUVIOSO,RURAL,CURVA,INCLINADA,ASFALTADA,NO,SIN_DATO,SIN_DATO,SI,INFRAESTRUCTURA Y ENTORNO VIAL,OTRO (INFRAESTRUCTURA Y ENTORNO VIAL),2021,4,2,0,5,MADRUGADA,COSTA,LEVE,0,0,6639.975,2.0,Pavimentado,Bueno,1.0,No concesionado,Eje Estructurante Sur,1616.0,40208.0,0.6438160463426852,84.71218617950387,69.3595667037428,8.966372569949256,1152.2024707992498,16526.967880085653,10322.272,1495.236,1749.739,7077.2970000000005,2886.595,7435.677000000001,27.964725207783708,2,1,0,0,1,34.0,34.0,34.0,1.0,0.0,0.0,0.0,1,0,0.0,0.0,0.0,1.0,0.0,0.0,1.0,0.0,0.0,0.0
A-2021-04-309,ATROPELLO,1,0,0,CALLAO,CALLAO,CARMEN DE LA LEGUA REYNOSO,URBANA,AVENIDA,URBANO,NO CORRESPONDE,-12.039089714698626,-77.09487395265722,DESPEJADO,RESIDENCIAL,TRAMO RECTO,PLANA ,ASFALTADA,NO,SIN_DATO,SIN_DATO,SI,EN PROCESO DE INVESTIGACIÓN,NO CUENTA CON CAUSA ESPECIFICA,2021,4,2,0,8,MAÑANA,COSTA,LEVE,0,0,,,,,,,,,,,,,,,,51.58600000000001,44.68700000000001,6.899000000000001,0.0,49.838000000000015,1.748,96.61148373589734,2,1,0,1,0,36.0,36.0,36.0,1.0,0.0,0.0,0.0,1,0,0.0,1.0,0.0,0.0,0.0,0.0,1.0,0.0,0.0,0.0
A-2021-04-246,ATROPELLO,1,0,1,LIMA,LIMA,SAN JUAN DE LURIGANCHO,URBANA,AVENIDA,URBANO,NO CORRESPONDE,-11.916645,-76.969383,DESPEJADO,COMERCIAL,TRAMO RECTO,PLANA ,ASFALTADA,SIN_DATO,SIN_DATO,SIN_DATO,SIN_DATO,IMPRUDENCIA DEL PEATÓN,OTRO (IMPRUDENCIA DEL PEATÓN),2021,4,2,0,10,MAÑANA,COSTA,LEVE,0,0,,,,,,,,,150132.0,0.701053025277506,79.62867561460851,73.1469484600971,10.064317505194426,1464.6926161541437,1150285.0494171206,7626.313,1683.4029999999998,1599.0829999999996,4343.827000000001,1814.875,5811.438000000001,23.797541485643197,2,1,0,1,0,32.0,32.0,32.0,1.0,0.0,0.0,0.0,1,0,0.0,0.0,0.0,1.0,0.0,0.0,1.0,0.0,0.0,0.0
A-2021-04-313,DESPISTE,2,0,1,HUANCAVELICA,CASTROVIRREYNA,TANTARA,RURAL,CARRETERA,DEPARTAMENTAL,HV-114,-13.15336,-75.64931,DESPEJADO,RURAL,SINUOSA,INCLINADA,CASCAJO/RIPIO,SIN_DATO,SIN_DATO,SIN_DATO,SIN_DATO,EN PROCESO DE INVESTIGACIÓN,NO CUENTA CON CAUSA ESPECIFICA,2021,4,2,0,10,MAÑANA,SIERRA,GRAVE_MORTALIDAD,1,0,,,,,,,,,90412.0,0.431948728633663,70.59723527683362,53.21296545556788,7.899489412244051,581.7829501469798,617.1498929336187,8511.426,1445.3929999999996,2008.516,5057.516999999999,1879.579,6631.846999999998,22.08300935706896,2,1,0,0,1,37.0,37.0,37.0,1.0,0.0,0.0,0.0,1,0,0.0,0.0,0.0,1.0,0.0,1.0,0.0,0.0,0.0,0.0
A-2021-04-218,DESPISTE,1,1,1,HUANCAVELICA,CASTROVIRREYNA,ARMA,RURAL,CARRETERA,NACIONAL,PE-26,-13.185949,-75.572333,DESPEJADO,RURAL,CURVA,PLANA ,ASFALTADA,SIN_DATO,SIN_DATO,SIN_DATO,SIN_DATO,EN PROCESO DE INVESTIGACIÓN,NO CUENTA CON CAUSA ESPECIFICA,2021,4,2,0,11,MAÑANA,SIERRA,LEVE,0,0,1482.81,1.0,Asfaltado económico,Regular,0.0,No concesionado,Corredor Chincha - Huancavelica - Izcuchaca,270.0,90402.0,0.3350977923231871,68.89558289355473,47.3438883832626,6.105182048508107,369.6405022278763,1173.4582441113491,8511.426,1445.3929999999996,2008.516,5057.516999999999,1879.579,6631.846999999998,22.08300935706896,2,1,0,0,1,41.0,41.0,41.0,1.0,0.0,1.0,1.0,1,0,0.0,0.0,0.0,1.0,0.0,0.0,1.0,0.0,0.0,0.0
A-2021-04-291,CHOQUE,1,2,2,LAMBAYEQUE,CHICLAYO,SAÑA,RURAL,CARRETERA,DEPARTAMENTAL,LA-116,-6.79093,-79.598616,DESPEJADO,RURAL,TRAMO RECTO,PLANA ,ASFALTADA,SIN_DATO,SIN_DATO,SIN_DATO,SIN_DATO,EN PROCESO DE INVESTIGACIÓN,NO CUENTA CON CAUSA ESPECIFICA,2021,4,2,0,19,NOCHE,COSTA,LEVE,0,0,,,,,,,,,140115.0,0.5269774463263404,80.68574196150158,64.40465614050751,7.841572542584764,777.5245054244522,9737.584582441114,3459.691,515.0619999999999,689.7280000000001,2254.901,703.3549999999999,2756.336,20.329994788551925,4,2,0,0,2,56.0,56.0,56.0,1.0,0.0,0.0,0.0,2,0,0.0,1.0,1.0,0.0,1.0,0.0,1.0,0.0,1.0,0.0
A-2021-04-129,ATROPELLO,1,0,1,LAMBAYEQUE,CHICLAYO,PIMENTEL,URBANA,CARRETERA,NACIONAL,PE-1N,-6.7296316,-79.8883738,DESPEJADO,INDUSTRIAL,TRAMO RECTO,PLANA ,ASFALTADA,SI,PREVENTIVA (P),REGULADORA (R),NO,EN PROCESO DE INVESTIGACIÓN,NO CUENTA CON CAUSA ESPECIFICA,2021,4,2,0,20,NOCHE,COSTA,LEVE,0,0,6543.555,3.0,Pavimentado,Bueno,1.0,Autopista del Sol,Eje Estructurante Norte,1475.0,140112.0,0.582874900209372,79.91553229957624,74.28629633563499,9.98490789682274,850.0456977651463,50544.90364025696,3459.691,515.0619999999999,689.7280000000001,2254.901,703.3549999999999,2756.336,20.329994788551925,2,1,0,1,0,34.0,34.0,34.0,1.0,1.0,0.0,0.0,1,0,0.0,0.0,0.0,0.0,0.0,1.0,0.0,0.0,0.0,0.0
A-2021-04-301,ATROPELLO,1,0,1,JUNIN,JUNIN,CARHUAMAYO,URBANA,CARRETERA,NACIONAL,PE-3N,-10.9311262,-76.0555103,DESPEJADO,COMERCIAL,TRAMO RECTO,PLANA ,ASFALTADA,SI,REGULADORA (R),PREVENTIVA (P),NO,EN PROCESO DE INVESTIGACIÓN,NO CUENTA CON CAUSA ESPECIFICA,2021,4,2,0,21,NOCHE,SIERRA,LEVE,0,0,9936.932,2.0,Pavimentado,Bueno,1.0,No concesionado,No corresponde,3830.0,120502.0,0.4515021227868664,71.4196998727447,62.336219650226376,7.581270728582125,617.1133018029116,6161.010706638115,12264.545,1826.4639999999995,1105.5389999999998,9332.542,1588.5359999999996,10676.009,12.952261987705208,2,1,0,1,0,36.0,36.0,36.0,1.0,0.0,0.0,1.0,1,0,0.0,1.0,0.0,0.0,0.0,0.0,1.0,0.0,1.0,0.0
A-2021-04-133,ATROPELLO,1,0,1,TUMBES,TUMBES,TUMBES,URBANA,CARRETERA,NACIONAL,PE-1N,-3.568419150202117,-80.45914645042534,DESPEJADO,COMERCIAL,INTERSECCIÓN,PLANA ,ASFALTADA,SI,PREVENTIVA (P),SIN_DATO,NO,IMPRUDENCIA DEL PEATÓN,OTRO (IMPRUDENCIA DEL PEATÓN),2021,4,2,0,22,NOCHE,COSTA,LEVE,0,0,6543.555,3.0,Pavimentado,Bueno,1.0,Autopista del Sol,Eje Estructurante Norte,1475.0,240101.0,0.6025111043634478,77.63758231637303,72.22144062196868,9.79150322507506,998.9716590818762,109744.95931477516,1009.101,138.47399999999996,287.471,583.156,276.972,732.129,27.447401201663663,2,1,0,1,0,53.0,53.0,53.0,1.0,0.0,0.0,1.0,1,0,0.0,1.0,0.0,0.0,0.0,0.0,1.0,0.0,0.0,0.0
A-2021-04-128,DESPISTE,3,0,2,LA LIBERTAD,VIRU,GUADALUPITO,RURAL,CARRETERA,NACIONAL,PE-1N,-8.960994,-78.628281,DESPEJADO,RURAL,TRAMO RECTO,PLANA ,ASFALTADA,SIN_DATO,SIN_DATO,SIN_DATO,SIN_DATO,NEGLIGENCIA DEL CONDUCTOR,OTRO (NEGLIGENCIA DEL CONDUCTOR),2021,4,3,0,11,MAÑANA,COSTA,GRAVE_MORTALIDAD,1,0,6543.555,3.0,Pavimentado,Bueno,1.0,Autopista del Sol,Eje Estructurante Norte,1475.0,131203.0,0.4867987483268106,77.5825534369154,52.95148122709723,6.150547060309878,840.5788229266196,9838.736616702356,8931.828000000005,1335.5899999999997,1935.9830000000004,5660.255000000005,1219.309,7712.519000000005,13.651281686122925,3,1,0,0,2,62.0,62.0,62.0,1.0,0.0,0.0,0.0,1,0,0.0,0.0,0.0,1.0,0.0,1.0,0.0,0.0,0.0,0.0
A-2021-04-167,ATROPELLO FUGA,1,0,0,JUNIN,JAUJA,ACOLLA,URBANA,CARRETERA,NACIONAL,PE-3SA,-11.70311,-75.559091,DESPEJADO,RURAL,TRAMO RECTO,PLANA ,ASFALTADA,SIN_DATO,SIN_DATO,SIN_DATO,SIN_DATO,EN PROCESO DE INVESTIGACIÓN,NO CUENTA CON CAUSA ESPECIFICA,2021,4,3,0,12,TARDE,SIERRA,LEVE,0,0,311.82,2.0,Pavimentado,Bueno,0.0,No concesionado,No corresponde,74.0,120402.0,0.4846609581848212,71.70970037684953,62.978404663645314,7.681608625268467,740.7899756467436,5696.379014989293,12264.545,1826.4639999999995,1105.5389999999998,9332.542,1588.5359999999996,10676.009,12.952261987705208,2,1,1,1,0,,,,0.0,0.0,0.0,0.0,1,1,1.0,0.0,0.0,0.0,0.0,0.0,0.0,0.0,0.0,1.0
A-2021-04-318,CHOQUE,1,2,2,HUANUCO,HUANUCO,PILLCO MARCA,URBANA,CARRETERA,NACIONAL,PE-3N,-9.950517,-76.250307,DESPEJADO,COMERCIAL,TRAMO RECTO,PLANA ,ASFALTADA,SIN_DATO,SIN_DATO,SIN_DATO,SIN_DATO,IMPRUDENCIA DEL CONDUCTOR,CONDUCIR EN ESTADO DE EBRIEDAD Y/O DROGADICCIÓN,2021,4,3,0,16,TARDE,SIERRA,LEVE,0,0,9936.932,2.0,Pavimentado,Bueno,1.0,No concesionado,No corresponde,3830.0,100111.0,0.6216164930359083,73.83445245401661,82.32001856648495,9.834238570262777,1100.9295903910202,39141.07922912206,8209.057,1333.4779999999996,791.9770000000001,6083.602,1059.8589999999997,7149.198,12.910849565303296,3,2,0,0,1,46.0,39.0,53.0,1.0,1.0,1.0,1.0,2,0,0.0,0.0,0.0,1.0,1.0,1.0,0.0,0.0,1.0,1.0
A-2021-04-195,DESPISTE,2,0,1,APURIMAC,ANTABAMBA,JUAN ESPINOZA MEDRANO,RURAL,CARRETERA,DEPARTAMENTAL,AP-109,-14.392414259366753,-72.92141519023642,DESPEJADO,RURAL,CURVA,INCLINADA,TROCHA,SIN_DATO,SIN_DATO,SIN_DATO,SIN_DATO,EN PROCESO DE INVESTIGACIÓN,NO CUENTA CON CAUSA ESPECIFICA,2021,4,3,0,18,NOCHE,SIERRA,GRAVE_MORTALIDAD,1,0,,,,,,,,,30304.0,0.2922073932238643,54.579295591827965,51.82017867565583,5.921432724945376,356.6803688048953,1782.4582441113494,8358.971,1282.451,1298.0969999999998,5778.423,1432.683,6926.288,17.139466089785454,2,1,0,0,1,53.0,53.0,53.0,1.0,1.0,0.0,0.0,1,0,0.0,0.0,0.0,1.0,0.0,1.0,0.0,0.0,0.0,0.0
A-2021-04-273,ATROPELLO FUGA,1,0,1,LIMA,BARRANCA,BARRANCA,RURAL,CARRETERA,DEPARTAMENTAL,LM-100,-10.721502022389227,-77.77330574542792,SIN_DATO,SIN_DATO,SIN_DATO,SIN_DATO,SIN_DATO,SIN_DATO,SIN_DATO,SIN_DATO,SIN_DATO,EN PROCESO DE INVESTIGACIÓN,NO CUENTA CON CAUSA ESPECIFICA,2021,4,3,0,19,NOCHE,COSTA,LEVE,0,0,,,,,,,,,150201.0,0.6351794046894105,80.8024412070713,71.35332766738335,9.404359888374977,1133.7779214188106,74926.62740899358,7626.313,1683.4029999999998,1599.0829999999996,4343.827000000001,1814.875,5811.438000000001,23.797541485643197,2,1,1,1,0,,,,0.0,0.0,0.0,0.0,1,1,1.0,0.0,0.0,0.0,0.0,0.0,0.0,0.0,0.0,0.0
A-2021-04-250,ATROPELLO,1,0,1,LIMA,LIMA,SANTIAGO DE SURCO,URBANA,CARRETERA,NACIONAL,PE-1S,-12.139552,-76.981017,DESPEJADO,INDUSTRIAL,TRAMO RECTO,PLANA ,ASFALTADA,SIN_DATO,SIN_DATO,SIN_DATO,SIN_DATO,IMPRUDENCIA DEL PEATÓN,OTRO (IMPRUDENCIA DEL PEATÓN),2021,4,3,0,22,NOCHE,COSTA,LEVE,0,0,6639.975,2.0,Pavimentado,Bueno,1.0,No concesionado,Eje Estructurante Sur,1616.0,150140.0,0.8017574897902351,80.48487267736287,78.74302427848284,13.156716040468266,1766.1488062170545,359776.608137045,7626.313,1683.4029999999998,1599.0829999999996,4343.827000000001,1814.875,5811.438000000001,23.797541485643197,2,1,0,1,0,46.0,46.0,46.0,1.0,0.0,0.0,0.0,1,0,0.0,0.0,0.0,1.0,0.0,0.0,1.0,0.0,1.0,0.0
A-2021-04-226,DESPISTE,1,1,1,AREQUIPA,CARAVELI,BELLA UNION,RURAL,CARRETERA,NACIONAL,PE-1S,-15.615523,-74.649963,DESPEJADO,RURAL,CURVA,INCLINADA,ASFALTADA,SIN_DATO,SIN_DATO,SIN_DATO,SIN_DATO,EN PROCESO DE INVESTIGACIÓN,NO CUENTA CON CAUSA ESPECIFICA,2021,4,4,0,0,MADRUGADA,COSTA,LEVE,0,0,6639.975,2.0,Pavimentado,Bueno,1.0,No concesionado,Eje Estructurante Sur,1616.0,40305.0,0.6797600924877553,85.0,57.62627477620983,8.647491043389012,1503.7642038027566,6089.3083511777295,10322.272,1495.236,1749.739,7077.2970000000005,2886.595,7435.677000000001,27.964725207783708,2,1,0,0,1,26.0,26.0,26.0,1.0,1.0,0.0,0.0,1,0,0.0,0.0,0.0,1.0,0.0,1.0,0.0,1.0,1.0,0.0
A-2021-04-187,ATROPELLO,1,0,1,MOQUEGUA,MARISCAL NIETO,MOQUEGUA,URBANA,CARRETERA,NACIONAL,PE-36A,-17.20278080851402,-70.91790671033618,DESPEJADO,RURAL,TRAMO RECTO,INCLINADA,ASFALTADA,SI,REGULADORA (R),REGULADORA (R),SI,IMPRUDENCIA DEL PEATÓN,CRUCE INDEBIDO POR LA CALZADA,2021,4,4,0,4,MADRUGADA,COSTA,LEVE,0,0,1529.105,2.0,Pavimentado,Bueno,1.0,No concesionado,Corredor Ilo - Moquegua - Desaguadero,200.0,180101.0,0.7019393796398946,77.75173796903684,74.13909206921859,10.843210004831542,1446.2028877191838,64680.35760171306,2949.174,470.28500000000025,903.055,1575.834,866.4460000000004,2082.728,29.37927704503025,2,1,0,1,0,63.0,63.0,63.0,1.0,0.0,0.0,1.0,1,0,0.0,0.0,0.0,0.0,0.0,1.0,0.0,0.0,0.0,0.0
A-2021-04-147,CHOQUE,1,0,3,ICA,NASCA,MARCONA,RURAL,CARRETERA,NACIONAL,PE-1S,-15.1371348,-74.9825958,DESPEJADO,RURAL,TRAMO RECTO,PLANA ,ASFALTADA,SIN_DATO,SIN_DATO,SIN_DATO,SIN_DATO,IMPRUDENCIA DEL CONDUCTOR,CONDUCIR EN ESTADO DE EBRIEDAD Y/O DROGADICCIÓN,2021,4,4,0,5,MADRUGADA,COSTA,LEVE,0,0,6639.975,2.0,Pavimentado,Bueno,1.0,No concesionado,Eje Estructurante Sur,1616.0,,,,,,,,3721.461,698.1859999999996,744.866,2278.409,1102.9029999999996,2618.558,29.636290693359403,3,3,0,0,0,43.333333333333336,41.0,45.0,1.0,0.0,1.0,1.0,3,0,0.0,1.0,0.0,0.0,0.0,0.0,1.0,0.0,1.0,0.0
A-2021-04-134,ATROPELLO FUGA,1,0,0,PUNO,EL COLLAO,ILAVE,RURAL,CARRETERA,NACIONAL,PE-3S,-16.124706747287654,-69.58561060283843,DESPEJADO,RURAL,TRAMO RECTO,PLANA ,ASFALTADA,SIN_DATO,SIN_DATO,SIN_DATO,SIN_DATO,IMPRUDENCIA DEL CONDUCTOR,EXCESO DE VELOCIDAD,2021,4,4,0,6,MAÑANA,SIERRA,LEVE,0,0,7586.903,2.0,Pavimentado,Bueno,1.0,No concesionado,CO 10: Abancay - Ayacucho- Huancayo- La Oroya,1198.0,210501.0,0.4020198374784472,77.80062735845667,75.295761294875,7.279851651626652,372.63390314535104,50686.62526766595,13642.312999999998,2020.7790000000005,2354.117,9267.416999999998,3314.0520000000006,10328.260999999997,24.29244952817019,2,1,1,1,0,,,,0.0,0.0,0.0,0.0,1,1,1.0,0.0,0.0,0.0,0.0,0.0,0.0,0.0,0.0,0.0
A-2021-04-145,CHOQUE,1,0,2,CUSCO,CANCHIS,CHECACUPE,RURAL,CARRETERA,SIN CLASIFICAR,SIN CLASIFICAR,-14.0437031306402,-71.2729837080364,DESPEJADO,RURAL,TRAMO RECTO,PLANA ,ASFALTADA,SIN_DATO,SIN_DATO,SIN_DATO,SIN_DATO,IMPRUDENCIA DEL CONDUCTOR,EXCESO DE VELOCIDAD,2021,4,4,0,7,MAÑANA,SIERRA,LEVE,0,0,,,,,,,,,80602.0,0.3409107564841972,74.2782790389362,69.85088681249269,5.816184127144114,302.53841952167744,4833.456102783726,17779.13499998999,2097.3709999899997,2863.123,12818.640999999989,2878.713,14900.421999989989,16.19152450331032,2,2,0,0,0,65.5,60.0,71.0,1.0,0.0,0.0,0.0,2,0,0.0,0.0,1.0,1.0,0.0,0.0,1.0,1.0,0.0,0.0
A-2021-04-146,ATROPELLO,1,0,1,CUSCO,CHUMBIVILCAS,SANTO TOMAS,URBANA,CALLE,URBANO,NO CORRESPONDE,-14.452748,-72.082632,SOLEADO,RESIDENCIAL,PUENTE,INCLINADA,CONCRETO,SIN_DATO,SIN_DATO,SIN_DATO,SIN_DATO,NEGLIGENCIA DEL CONDUCTOR,OTRO (NEGLIGENCIA DEL CONDUCTOR),2021,4,4,0,7,MAÑANA,SIERRA,LEVE,0,0,,,,,,,,,80701.0,0.339323744940919,67.8567694463257,60.573677132379146,5.206321478431428,388.7128879370376,24527.03426124197,17779.13499998999,2097.3709999899997,2863.123,12818.640999999989,2878.713,14900.421999989989,16.19152450331032,2,1,0,1,0,23.0,23.0,23.0,1.0,1.0,0.0,0.0,1,0,0.0,0.0,0.0,1.0,0.0,1.0,0.0,0.0,0.0,0.0