CODIGO_SINIESTRO,CLASE SINIESTRO,CANTIDAD DE FALLECIDOS,CANTIDAD DE LESIONADOS,CANTIDAD DE VEHICULOS DAÑADOS,DEPARTAMENTO,PROVINCIA,DISTRITO,ZONA,TIPO DE VÍA,RED VIAL,COD CARRETERA,COORDENADAS LATITUD,COORDENADAS  LONGITUD,CONDICIÓN CLIMÁTICA,ZONIFICACIÓN,CARACTERÍSTICAS DE VÍA,PERFIL LONGITUDINAL VÍA,SUPERFICIE DE CALZADA,¿EXISTE SEÑAL VERTICAL?,CLASIFICACIÓN DE LA SEÑAL VERTICAL Nº 1,CLASIFICACIÓN DE LA SEÑAL VERTICAL Nº 2,¿EXISTE SEÑAL HORIZONTAL?,CAUSA FACTOR PRINCIPAL,CAUSA ESPECÍFICA,AÑO,MES,DIA_SEMANA,ES_FIN_SEMANA,HORA_NUM,FRANJA_HORARIA,REGION_NATURAL,CATEGORIA_SEVERIDAD,MORTALIDAD_MULTIPLE,LESION_MULTIPLE,MTC_RVN_LONGITUD_KM,MTC_RVN_N_CARRILES_MEDIANA,MTC_RVN_SUPERFICIE_DOMINANTE,MTC_RVN_ESTADO_DOMINANTE,MTC_RVN_ES_CONCESIONADA,MTC_RVN_CONCESION_PRINCIPAL,MTC_RVN_CORREDOR_LOGISTICO,MTC_RVN_N_TRAMOS,IDH_UBIGEO,IDH_2019,IDH_ESP_VIDA_2019,IDH_EDUC_SECUND_PCT_2019,IDH_ANIOS_EDUC_2019,IDH_INGRESO_PERCAP_2019,IDH_POBLACION_2019,MTC_DEP_RED_TOTAL_KM,MTC_DEP_NACIONAL_TOTAL_KM,MTC_DEP_DEPARTAMENTAL_TOTAL_KM,MTC_DEP_VECINAL_TOTAL_KM,MTC_DEP_PAV_TOTAL_KM,MTC_DEP_NO_PAV_TOTAL_KM,MTC_DEP_PCT_PAVIMENTADA,PER_TOTAL_PERSONAS,PER_N_CONDUCTORES,PER_N_CONDUCTORES_FUGADOS,PER_N_PEATONES,PER_N_PASAJEROS_OCUPANTES,PER_EDAD_COND_PROM,PER_EDAD_COND_MIN,PER_EDAD_COND_MAX,PER_ANY_COND_MASCULINO,PER_ANY_LIC_PROBLEMA,PER_ANY_DOSAJE_POS,PER_ANY_DOSAJE_EVALUADO,VEH_TOTAL,VEH_N_FUGADOS,VEH_ANY_FUGADO,VEH_ANY_CARGA,VEH_ANY_PUBLICO,VEH_ANY_PARTICULAR,VEH_ANY_MOTO,VEH_ANY_AUTO,VEH_ANY_CAMION_BUS,VEH_ANY_SOAT_PROBLEMA,VEH_ANY_CITV_PROBLEMA,VEH_ANY_SEGURO_PROBLEMA
A-2021-06-182,CHOQUE,1,2,2,SAN MARTIN,RIOJA,NUEVA CAJAMARCA,URBANA,CARRETERA,NACIONAL,PE-5N,-5.919407,-77.318197,DESPEJADO,COMERCIAL,TRAMO RECTO,PLANA ,ASFALTADA,SIN_DATO,SIN_DATO,SIN_DATO,SIN_DATO,IMPRUDENCIA DEL CONDUCTOR,INVASIÓN DE CARRIL,2021,6,6,1,16,TARDE,SELVA,LEVE,0,0,7758.33400008,2.0,Pavimentado,Bueno,1.0,No concesionado,Corredor IIRSA Norte,2133.0,220804.0,0.4789759027469384,73.43778249935497,54.01635312204597,6.285279694551369,847.2910954428505,47552.6295503212,5645.136,815.0759999999999,965.298,3864.762,1013.406,4631.73,17.95184385283189,3,2,0,0,1,31.5,25.0,38.0,1.0,1.0,0.0,0.0,2,0,0.0,0.0,1.0,1.0,1.0,0.0,0.0,0.0,1.0,0.0
A-2021-06-171,DESPISTE,1,0,1,PUNO,SAN ROMAN,JULIACA,RURAL,CARRETERA,PROVINCIAL,PU-971,-15.470276780585063,-70.25011717576817,DESPEJADO,RURAL,TRAMO RECTO,INCLINADA,TROCHA,SIN_DATO,SIN_DATO,SIN_DATO,SIN_DATO,IMPRUDENCIA DEL CONDUCTOR,CONDUCIR EN ESTADO DE EBRIEDAD Y/O DROGADICCIÓN,2021,6,6,1,18,NOCHE,SIERRA,LEVE,0,0,,,,,,,,,211101.0,0.5759734352119,73.55929462493827,78.89306383943827,10.174966342239475,888.1716010638444,232834.39603082248,13642.312999999998,2020.7790000000005,2354.117,9267.416999999998,3314.0520000000006,10328.260999999997,24.29244952817019,1,1,0,0,0,45.0,45.0,45.0,1.0,1.0,1.0,1.0,1,0,0.0,0.0,0.0,1.0,1.0,0.0,0.0,1.0,1.0,0.0
A-2021-06-254,CHOQUE FUGA,1,0,2,LIMA,HUARAL,CHANCAY,URBANA,CARRETERA,NACIONAL,PE-1N,-11.600641488817583,-77.2478833363662,DESPEJADO,RURAL,TRAMO RECTO,PLANA ,ASFALTADA,SI,REGULADORA (R),INFORMATIVA (I),NO,IMPRUDENCIA DEL CONDUCTOR,OTRO (IMPRUDENCIA DEL CONDUCTOR),2021,6,6,1,18,NOCHE,COSTA,LEVE,0,0,6543.555,3.0,Pavimentado,Bueno,1.0,Autopista del Sol,Eje Estructurante Norte,1475.0,150605.0,0.6328991168419597,79.8522840328396,72.51785912375117,8.65057438382499,1190.6734036432963,65701.61456102783,7626.313,1683.4029999999998,1599.0829999999996,4343.827000000001,1814.875,5811.438000000001,23.797541485643197,3,3,1,0,0,26.5,23.0,30.0,1.0,1.0,0.0,1.0,3,1,1.0,0.0,0.0,1.0,1.0,1.0,0.0,0.0,0.0,1.0
A-2021-06-335,CHOQUE,1,0,2,LIMA,BARRANCA,PATIVILCA,RURAL,CARRETERA,NACIONAL,PE-1N,-10.696839077604036,-77.7831887438248,DESPEJADO,RURAL,TRAMO RECTO,PLANA ,ASFALTADA,SIN_DATO,SIN_DATO,SIN_DATO,SIN_DATO,IMPRUDENCIA DEL CONDUCTOR,EXCESO DE VELOCIDAD,2021,6,6,1,18,NOCHE,COSTA,LEVE,0,0,6543.555,3.0,Pavimentado,Bueno,1.0,Autopista del Sol,Eje Estructurante Norte,1475.0,150203.0,0.6089995249782627,83.27989923505345,68.21266463461673,7.753898352965485,1106.793700553604,19807.916488222698,7626.313,1683.4029999999998,1599.0829999999996,4343.827000000001,1814.875,5811.438000000001,23.797541485643197,2,2,0,0,0,45.0,30.0,60.0,1.0,1.0,0.0,0.0,2,0,0.0,1.0,0.0,0.0,1.0,0.0,1.0,0.0,1.0,0.0
A-2021-06-281,CHOQUE FUGA,1,0,1,CAJAMARCA,JAEN,JAEN,RURAL,CARRETERA,NACIONAL,PE-5N,-5.676544528004914,-78.77824641056534,NUBLADO,RURAL,TRAMO RECTO,PLANA ,ASFALTADA,SIN_DATO,SIN_DATO,SIN_DATO,SIN_DATO,EN PROCESO DE INVESTIGACIÓN,NO CUENTA CON CAUSA ESPECIFICA,2021,6,6,1,19,NOCHE,SIERRA,LEVE,0,0,7758.33400008,2.0,Pavimentado,Bueno,1.0,No concesionado,Corredor IIRSA Norte,2133.0,60801.0,0.5803239946829384,74.49544278598792,68.33065356443184,8.733179344969395,1046.078117086984,102362.46895074946,15935.565011852366,1733.9250000199986,935.692,13265.948011832368,2000.1670000199988,13935.398011832369,12.551591352627522,2,2,1,0,0,70.0,70.0,70.0,1.0,1.0,0.0,0.0,2,1,1.0,0.0,0.0,1.0,1.0,0.0,0.0,0.0,1.0,1.0
A-2021-06-282,CHOQUE FUGA,1,0,2,LAMBAYEQUE,FERREÑAFE,PITIPO,RURAL,CARRETERA,DEPARTAMENTAL,LA-103,-6.480815578994556,-79.66632859822731,DESPEJADO,RURAL,TRAMO RECTO,PLANA ,ASFALTADA,SIN_DATO,SIN_DATO,SIN_DATO,SIN_DATO,EN PROCESO DE INVESTIGACIÓN,NO CUENTA CON CAUSA ESPECIFICA,2021,6,6,1,21,NOCHE,COSTA,LEVE,0,0,,,,,,,,,140205.0,0.4223480801354451,69.21333797191475,54.90787428957437,6.076241918149045,654.7580359381622,22806.316916488224,3459.691,515.0619999999999,689.7280000000001,2254.901,703.3549999999999,2756.336,20.329994788551925,2,2,1,0,0,43.0,43.0,43.0,1.0,0.0,0.0,0.0,2,0,0.0,0.0,0.0,1.0,1.0,1.0,0.0,1.0,1.0,0.0
A-2021-06-187,DESPISTE,2,5,1,HUANCAVELICA,TAYACAJA,PAZOS,RURAL,CARRETERA,PROVINCIAL,HV-561,-12.218205,-74.972588,DESPEJADO,RURAL,SINUOSA,INCLINADA,AFIRMADO,SIN_DATO,SIN_DATO,SIN_DATO,SIN_DATO,EN PROCESO DE INVESTIGACIÓN,NO CUENTA CON CAUSA ESPECIFICA,2021,6,0,0,1,MADRUGADA,SIERRA,GRAVE_MORTALIDAD,1,1,,,,,,,,,90711.0,0.2778374067164198,76.3467601260823,56.08796064531988,4.776256490985982,215.1778698122941,5514.537473233406,8511.426,1445.3929999999996,2008.516,5057.516999999999,1879.579,6631.846999999998,22.08300935706896,7,1,0,0,6,21.0,21.0,21.0,1.0,1.0,0.0,0.0,1,0,0.0,0.0,0.0,1.0,0.0,0.0,0.0,0.0,1.0,0.0
A-2021-06-228,ATROPELLO FUGA,1,0,0,PUNO,SAN ROMAN,JULIACA,RURAL,CARRETERA,NACIONAL,PE-34A,-15.540820543812828,-70.21040975838613,DESPEJADO,RURAL,TRAMO RECTO,PLANA ,ASFALTADA,SIN_DATO,SIN_DATO,SIN_DATO,SIN_DATO,IMPRUDENCIA DEL CONDUCTOR,EXCESO DE VELOCIDAD,2021,6,0,0,5,MADRUGADA,SIERRA,LEVE,0,0,1504.4250000000002,2.0,Pavimentado,Bueno,1.0,IIRSA Sur - Tramo 5: Matarani - Azángaro - Ilo,Corredor Matarani - Arequipa - Juliaca,241.0,211101.0,0.5759734352119,73.55929462493827,78.89306383943827,10.174966342239475,888.1716010638444,232834.39603082248,13642.312999999998,2020.7790000000005,2354.117,9267.416999999998,3314.0520000000006,10328.260999999997,24.29244952817019,2,1,1,1,0,,,,0.0,0.0,0.0,0.0,1,1,1.0,1.0,0.0,0.0,0.0,0.0,1.0,1.0,1.0,0.0
A-2021-06-73,CHOQUE,1,1,1,AREQUIPA,AREQUIPA,VITOR,RURAL,CARRETERA,NACIONAL,PE-1S,-16.436571,-71.995343,SIN_DATO,SIN_DATO,SIN_DATO,SIN_DATO,SIN_DATO,SIN_DATO,SIN_DATO,SIN_DATO,SIN_DATO,EN PROCESO DE INVESTIGACIÓN,NO CUENTA CON CAUSA ESPECIFICA,2021,6,0,0,13,TARDE,COSTA,LEVE,0,0,6639.975,2.0,Pavimentado,Bueno,1.0,No concesionado,Eje Estructurante Sur,1616.0,40125.0,0.6455852322566902,78.58826324858522,78.38415596279924,8.472481180514539,1258.6172876652156,2628.282655246253,10322.272,1495.236,1749.739,7077.2970000000005,2886.595,7435.677000000001,27.964725207783708,3,2,0,0,1,44.0,36.0,52.0,1.0,1.0,0.0,0.0,2,0,0.0,0.0,1.0,1.0,0.0,0.0,1.0,0.0,0.0,0.0
A-2021-06-203,ATROPELLO,1,0,1,SAN MARTIN,RIOJA,POSIC,URBANA,CARRETERA,DEPARTAMENTAL,SM-114,-6.014192,-77.166105,DESPEJADO,RESIDENCIAL,TRAMO RECTO,PLANA ,CONCRETO,SIN_DATO,SIN_DATO,SIN_DATO,SIN_DATO,IMPRUDENCIA DEL CONDUCTOR,NO DAR PASO PREFERENTE AL PEATÓN,2021,6,0,0,14,TARDE,SELVA,LEVE,0,0,,,,,,,,,220806.0,0.4373955627788819,76.3317023344811,38.415843335752136,5.060708244370348,846.7805495484145,1935.1820128479656,5645.136,815.0759999999999,965.298,3864.762,1013.406,4631.73,17.95184385283189,2,1,0,1,0,30.0,30.0,30.0,1.0,1.0,0.0,0.0,1,0,0.0,0.0,0.0,1.0,1.0,0.0,0.0,1.0,1.0,1.0
A-2021-06-255,ATROPELLO,1,0,1,LIMA,HUAURA,SAYAN,RURAL,OTRO,URBANO,NO CORRESPONDE,-11.230432,-77.377681,DESPEJADO,RURAL,TRAMO RECTO,PLANA ,TROCHA,SIN_DATO,SIN_DATO,SIN_DATO,SIN_DATO,IMPRUDENCIA DEL CONDUCTOR,NO DAR PASO PREFERENTE AL PEATÓN,2021,6,0,0,17,TARDE,COSTA,LEVE,0,0,,,,,,,,,150811.0,0.625259356790912,76.00710856837651,64.39893010534446,7.928807895834627,1379.4198272918734,24684.304068522484,7626.313,1683.4029999999998,1599.0829999999996,4343.827000000001,1814.875,5811.438000000001,23.797541485643197,2,1,0,1,0,52.0,52.0,52.0,1.0,1.0,0.0,1.0,1,0,0.0,0.0,0.0,1.0,1.0,0.0,0.0,1.0,1.0,0.0
A-2021-06-89,ATROPELLO FUGA,1,0,0,CAJAMARCA,CAJAMARCA,CAJAMARCA,RURAL,CARRETERA,NACIONAL,PE-3N,-7.0983,-78.559943,DESPEJADO,RURAL,TRAMO RECTO,INCLINADA,ASFALTADA,SI,PREVENTIVA (P),SIN_DATO,SI,EN PROCESO DE INVESTIGACIÓN,NO CUENTA CON CAUSA ESPECIFICA,2021,6,0,0,20,NOCHE,SIERRA,LEVE,0,0,9936.932,2.0,Pavimentado,Bueno,1.0,No concesionado,No corresponde,3830.0,60101.0,0.6070175276741574,73.19224654097276,74.29530430690215,9.490386956642766,1117.141592366869,257380.9443254818,15935.565011852366,1733.9250000199986,935.692,13265.948011832368,2000.1670000199988,13935.398011832369,12.551591352627522,2,1,1,1,0,,,,0.0,0.0,0.0,0.0,1,1,1.0,0.0,0.0,0.0,0.0,0.0,0.0,0.0,0.0,1.0
A-2021-06-268,CHOQUE,1,1,2,PIURA,PIURA,LAS LOMAS,RURAL,CARRETERA,PROVINCIAL,PI-748,-4.679770326056327,-80.0868020487453,DESPEJADO,RURAL,CURVA,INCLINADA,TROCHA,SIN_DATO,SIN_DATO,SIN_DATO,SIN_DATO,EN PROCESO DE INVESTIGACIÓN,NO CUENTA CON CAUSA ESPECIFICA,2021,6,1,0,6,MAÑANA,COSTA,LEVE,0,0,,,,,,,,,200111.0,0.4460358515525411,78.78138598624281,47.04925171219679,5.992153605249824,689.7789450041487,25138.147751606,8965.846000060003,1782.4120000599992,636.9959999999999,6546.438000000004,2214.505000059999,6751.341000000004,24.699342371541725,3,2,0,0,1,29.0,29.0,29.0,1.0,0.0,0.0,1.0,2,0,0.0,0.0,0.0,1.0,1.0,0.0,1.0,1.0,1.0,0.0
A-2021-06-116,ATROPELLO,1,0,1,LIMA,LIMA,VILLA MARIA DEL TRIUNFO,URBANA,AVENIDA,URBANO,NO CORRESPONDE,-12.169581,-76.928672,DESPEJADO,INDUSTRIAL,TRAMO RECTO,PLANA ,ASFALTADA,SIN_DATO,SIN_DATO,SIN_DATO,SIN_DATO,IMPRUDENCIA DEL CONDUCTOR,EXCESO DE VELOCIDAD,2021,6,1,0,12,TARDE,COSTA,LEVE,0,0,,,,,,,,,150143.0,0.689811994580126,79.88015655965044,73.89553442371854,9.755251380104111,1409.8432274455126,452660.364025696,7626.313,1683.4029999999998,1599.0829999999996,4343.827000000001,1814.875,5811.438000000001,23.797541485643197,2,1,0,1,0,60.0,60.0,60.0,1.0,1.0,0.0,0.0,1,0,0.0,0.0,1.0,0.0,0.0,0.0,1.0,0.0,0.0,0.0
A-2021-06-161,DESPISTE,1,0,1,TACNA,TACNA,PACHIA,RURAL,CARRETERA,NACIONAL,PE-40,-17.825808,-70.021437,DESPEJADO,RURAL,CURVA,INCLINADA,ASFALTADA,SI,PREVENTIVA (P),PREVENTIVA (P),NO,IMPRUDENCIA DEL CONDUCTOR,EXCESO DE VELOCIDAD,2021,6,1,0,15,TARDE,COSTA,LEVE,0,0,800.5849999999999,2.0,Pavimentado,Bueno,0.0,No concesionado,No corresponde,395.0,230106.0,0.5335430708458155,76.02230116703623,72.9884945459019,8.8006611285477,768.9458607810982,1745.796573875803,2650.572,630.6729999999998,487.3610000000001,1532.5379999999998,1068.7019999999998,1581.87,40.31967439480987,1,1,0,0,0,31.0,31.0,31.0,1.0,1.0,0.0,0.0,1,0,0.0,0.0,0.0,1.0,0.0,1.0,0.0,0.0,0.0,0.0
A-2021-06-134,CHOQUE,1,1,2,AREQUIPA,CAMANA,QUILCA,RURAL,CARRETERA,NACIONAL,PE-1SD,-16.666453065904008,-72.57973363860539,DESPEJADO,RURAL,SINUOSA,INCLINADA,ASFALTADA,SI,PREVENTIVA (P),PREVENTIVA (P),SI,IMPRUDENCIA DEL CONDUCTOR,EXCESO DE VELOCIDAD,2021,6,1,0,18,NOCHE,COSTA,LEVE,0,0,1926.94,2.0,Pavimentado,Bueno,1.0,No concesionado,No corresponde,393.0,40207.0,0.5506134487544145,84.11518135609504,66.07904665694413,8.594478109433165,777.7519971785225,628.7494646680942,10322.272,1495.236,1749.739,7077.2970000000005,2886.595,7435.677000000001,27.964725207783708,3,2,0,0,1,40.5,25.0,56.0,1.0,0.0,0.0,1.0,2,0,0.0,1.0,0.0,1.0,0.0,1.0,1.0,0.0,0.0,0.0
A-2021-06-129,DESPISTE,1,1,1,CUSCO,ANTA,ZURITE,RURAL,CARRETERA,PROVINCIAL,CU-905,-13.462478,-72.248585,DESPEJADO,RURAL,TRAMO RECTO,PLANA ,ASFALTADA,SIN_DATO,SIN_DATO,SIN_DATO,SIN_DATO,NEGLIGENCIA DEL CONDUCTOR,OTRO (NEGLIGENCIA DEL CONDUCTOR),2021,6,2,0,0,MADRUGADA,SIERRA,LEVE,0,0,,,,,,,,,80309.0,0.429914756045985,74.25916870636927,79.51566557864805,7.366336486335375,462.32789717794617,3225.312633832976,17779.13499998999,2097.3709999899997,2863.123,12818.640999999989,2878.713,14900.421999989989,16.19152450331032,2,1,0,0,1,28.0,28.0,28.0,1.0,1.0,0.0,0.0,1,0,0.0,0.0,0.0,1.0,0.0,1.0,0.0,0.0,0.0,0.0
A-2021-06-141,DESPISTE,2,1,1,HUANCAVELICA,HUANCAVELICA,HUANDO,RURAL,CARRETERA,NACIONAL,PE-26,-12.514322,-74.969003,DESPEJADO,RURAL,CURVA,PLANA ,ASFALTADA,SI,PREVENTIVA (P),SIN_DATO,SI,EN PROCESO DE INVESTIGACIÓN,NO CUENTA CON CAUSA ESPECIFICA,2021,6,2,0,3,MADRUGADA,SIERRA,GRAVE_MORTALIDAD,1,0,1482.81,1.0,Asfaltado económico,Regular,0.0,No concesionado,Corredor Chincha - Huancavelica - Izcuchaca,270.0,90119.0,0.2801642166208027,68.87893983955698,56.77777118363479,4.867314215710151,246.65372283067316,6425.578158458245,8511.426,1445.3929999999996,2008.516,5057.516999999999,1879.579,6631.846999999998,22.08300935706896,3,1,0,0,2,40.0,40.0,40.0,1.0,0.0,0.0,0.0,1,0,0.0,0.0,0.0,1.0,0.0,1.0,0.0,0.0,0.0,0.0
A-2021-06-133,ATROPELLO FUGA,1,0,1,CUSCO,ESPINAR,PALLPATA,URBANA,AVENIDA,URBANO,NO CORRESPONDE,-14.892449,-71.206354,DESPEJADO,RESIDENCIAL,TRAMO RECTO,PLANA ,ASFALTADA,SIN_DATO,SIN_DATO,SIN_DATO,SIN_DATO,IMPRUDENCIA DEL PEATÓN,ESTADO DE EBRIEDAD Y/O DROGADICCIÓN,2021,6,2,0,5,MADRUGADA,SIERRA,LEVE,0,0,,,,,,,,,80805.0,0.3947357298822749,66.64682076332791,61.05871728905667,5.999409696750664,549.0221656567701,5092.139186295502,17779.13499998999,2097.3709999899997,2863.123,12818.640999999989,2878.713,14900.421999989989,16.19152450331032,2,1,1,1,0,,,,1.0,0.0,0.0,0.0,1,1,1.0,0.0,0.0,0.0,0.0,0.0,0.0,0.0,0.0,0.0
A-2021-06-119,ATROPELLO,1,0,1,LIMA,HUAROCHIRI,CHICLA,URBANA,CARRETERA,NACIONAL,PE-22,-11.734287793443714,-76.260489446376,NUBLADO,INDUSTRIAL,TRAMO RECTO,PLANA ,CONCRETO,SIN_DATO,SIN_DATO,SIN_DATO,SIN_DATO,IMPRUDENCIA DEL PEATÓN,OTRO (IMPRUDENCIA DEL PEATÓN),2021,6,2,0,6,MAÑANA,COSTA,LEVE,0,0,875.67,2.0,Pavimentado,Bueno,1.0,IIRSA Centro - Tramo 2: Pte. Ricardo Palma - La Oroya - Huancayo y La Oroya - Dv. Cerro de Pasco,Corredor Central,156.0,150705.0,0.748110396131153,71.69031523892282,68.09304145514763,11.546293237750138,1975.0436727135664,6121.71948608137,7626.313,1683.4029999999998,1599.0829999999996,4343.827000000001,1814.875,5811.438000000001,23.797541485643197,2,1,0,1,0,45.0,45.0,45.0,1.0,0.0,0.0,0.0,1,0,0.0,0.0,1.0,0.0,0.0,0.0,1.0,0.0,0.0,0.0
A-2021-06-117,DESPISTE,1,0,0,LIMA,LIMA,SAN MARTIN DE PORRES,URBANA,AVENIDA,URBANO,NO CORRESPONDE,-12.031643,-77.075594,DESPEJADO,INDUSTRIAL,TRAMO RECTO,PLANA ,ASFALTADA,SIN_DATO,SIN_DATO,SIN_DATO,SIN_DATO,EN PROCESO DE INVESTIGACIÓN,NO CUENTA CON CAUSA ESPECIFICA,2021,6,2,0,8,MAÑANA,COSTA,LEVE,0,0,,,,,,,,,150135.0,0.7419979630670723,80.31822295927182,79.00446395716813,11.084203715652809,1554.6868971011318,739416.2413542903,7626.313,1683.4029999999998,1599.0829999999996,4343.827000000001,1814.875,5811.438000000001,23.797541485643197,3,3,0,0,0,43.0,39.0,47.0,1.0,1.0,0.0,0.0,3,0,0.0,0.0,0.0,1.0,1.0,1.0,1.0,1.0,1.0,0.0
A-2021-06-284,CHOQUE,1,0,2,LAMBAYEQUE,LAMBAYEQUE,MOTUPE,RURAL,CARRETERA,NACIONAL,PE-1NJ,-6.024251,-79.683434,DESPEJADO,RURAL,TRAMO RECTO,PLANA ,ASFALTADA,SI,INFORMATIVA (I),INFORMATIVA (I),NO,EN PROCESO DE INVESTIGACIÓN,NO CUENTA CON CAUSA ESPECIFICA,2021,6,2,0,8,MAÑANA,COSTA,LEVE,0,0,1305.18,2.0,Pavimentado,Bueno,1.0,Eje Multimodal Amazonas Norte,Corredor IIRSA Norte,163.0,140307.0,0.4974674218418852,75.93907983080418,58.3357972839862,7.69595447676265,761.2908213145297,28734.96573875803,3459.691,515.0619999999999,689.7280000000001,2254.901,703.3549999999999,2756.336,20.329994788551925,2,2,0,0,0,45.5,45.0,46.0,1.0,1.0,0.0,1.0,2,0,0.0,0.0,0.0,1.0,1.0,1.0,0.0,0.0,1.0,0.0
A-2021-06-135,CHOQUE,1,1,2,AREQUIPA,CAMANA,SAMUEL PASTOR,RURAL,CARRETERA,NACIONAL,PE-1S,-16.64149615479502,-72.62531820964662,DESPEJADO,RURAL,CURVA,INCLINADA,ASFALTADA,SI,PREVENTIVA (P),PREVENTIVA (P),SI,IMPRUDENCIA DEL CONDUCTOR,INVASIÓN DE CARRIL,2021,6,2,0,9,MAÑANA,COSTA,LEVE,0,0,6639.975,2.0,Pavimentado,Bueno,1.0,No concesionado,Eje Estructurante Sur,1616.0,40208.0,0.6438160463426852,84.71218617950387,69.3595667037428,8.966372569949256,1152.2024707992498,16526.967880085653,10322.272,1495.236,1749.739,7077.2970000000005,2886.595,7435.677000000001,27.964725207783708,3,2,0,0,1,50.0,37.0,63.0,1.0,1.0,0.0,1.0,2,0,0.0,0.0,1.0,1.0,0.0,1.0,1.0,0.0,0.0,0.0
A-2021-06-109,ATROPELLO,1,0,1,AREQUIPA,AREQUIPA,TIABAYA,URBANA,OTRO,URBANO,NO CORRESPONDE,-16.4336445,-71.6064368,DESPEJADO,RURAL,TRAMO RECTO,PLANA ,TROCHA,SIN_DATO,SIN_DATO,SIN_DATO,SIN_DATO,EN PROCESO DE INVESTIGACIÓN,NO CUENTA CON CAUSA ESPECIFICA,2021,6,2,0,14,TARDE,COSTA,LEVE,0,0,,,,,,,,,40123.0,0.6361781248622183,79.02998716357858,73.27695818275072,9.907690388126271,1124.6358478167767,14391.67880085653,10322.272,1495.236,1749.739,7077.2970000000005,2886.595,7435.677000000001,27.964725207783708,2,1,0,1,0,40.0,40.0,40.0,0.0,0.0,0.0,1.0,1,0,0.0,0.0,0.0,1.0,0.0,0.0,1.0,0.0,0.0,0.0
A-2021-06-126,VOLCADURA,1,0,1,JUNIN,HUANCAYO,EL TAMBO,URBANA,CARRETERA,PROVINCIAL,JU-1047,-12.034909,-75.20063,SOLEADO,RESIDENCIAL,TRAMO RECTO,PLANA ,TROCHA,SIN_DATO,SIN_DATO,SIN_DATO,SIN_DATO,IMPRUDENCIA DEL CONDUCTOR,CONDUCIR EN ESTADO DE EBRIEDAD Y/O DROGADICCIÓN,2021,6,2,0,20,NOCHE,SIERRA,LEVE,0,0,,,,,,,,,120114.0,0.6349620447591086,73.34739425042062,78.85040671556425,11.216598893401857,1118.0127433957432,167365.50535331905,12264.545,1826.4639999999995,1105.5389999999998,9332.542,1588.5359999999996,10676.009,12.952261987705208,2,1,0,0,1,52.0,52.0,52.0,1.0,1.0,1.0,1.0,1,0,0.0,0.0,0.0,1.0,1.0,0.0,0.0,0.0,1.0,0.0
A-2021-06-269,ATROPELLO,1,0,1,PIURA,SULLANA,SULLANA,RURAL,CARRETERA,PROVINCIAL,PI-579,-4.866312452609063,-80.61768646737686,NUBLADO,RURAL,TRAMO RECTO,PLANA ,AFIRMADO,SIN_DATO,SIN_DATO,SIN_DATO,SIN_DATO,IMPRUDENCIA DEL CONDUCTOR,EXCESO DE VELOCIDAD,2021,6,3,0,5,MADRUGADA,COSTA,LEVE,0,0,,,,,,,,,200601.0,0.5657000696312142,79.93504063107561,71.14438533384025,9.31841991972829,829.1233898514824,181599.8115631692,8965.846000060003,1782.4120000599992,636.9959999999999,6546.438000000004,2214.505000059999,6751.341000000004,24.699342371541725,2,1,0,1,0,29.0,29.0,29.0,1.0,1.0,0.0,1.0,1,0,0.0,0.0,0.0,1.0,1.0,0.0,0.0,1.0,1.0,0.0
A-2021-06-285,DESPISTE,1,0,0,LAMBAYEQUE,CHICLAYO,OYOTUN,RURAL,CARRETERA,NACIONAL,PE-1NI,-6.862141175009053,-79.30387614648784,DESPEJADO,RURAL,TRAMO RECTO,PLANA ,ASFALTADA,SI,REGULADORA (R),REGULADORA (R),SI,EN PROCESO DE INVESTIGACIÓN,NO CUENTA CON CAUSA ESPECIFICA,2021,6,3,0,5,MADRUGADA,COSTA,LEVE,0,0,574.472,1.0,Pavimentado,Regular,1.0,No concesionado,No corresponde,139.0,140110.0,0.5049427160403157,79.3508741938355,62.5964538890523,6.820893877260073,779.6749777103271,8234.751605995718,3459.691,515.0619999999999,689.7280000000001,2254.901,703.3549999999999,2756.336,20.329994788551925,1,1,0,0,0,18.0,18.0,18.0,1.0,1.0,0.0,0.0,1,1,1.0,0.0,0.0,0.0,0.0,0.0,0.0,0.0,0.0,1.0
A-2021-06-298,VOLCADURA,2,1,1,PUNO,SAN ROMAN,CABANILLAS,RURAL,CARRETERA,NACIONAL,PE-34A,-15.652198101772528,-70.35858040240547,DESPEJADO,RURAL,CURVA,PLANA ,ASFALTADA,NO,SIN_DATO,SIN_DATO,SI,IMPRUDENCIA DEL CONDUCTOR,EXCESO DE VELOCIDAD,2021,6,3,0,8,MAÑANA,SIERRA,GRAVE_MORTALIDAD,1,0,1504.4250000000002,2.0,Pavimentado,Bueno,1.0,IIRSA Sur - Tramo 5: Matarani - Azángaro - Ilo,Corredor Matarani - Arequipa - Juliaca,241.0,211103.0,0.4387767884413746,74.08026937973001,72.73571788884047,7.487249530915593,506.6407671536068,4885.396145610278,13642.312999999998,2020.7790000000005,2354.117,9267.416999999998,3314.0520000000006,10328.260999999997,24.29244952817019,3,1,0,0,2,30.0,30.0,30.0,1.0,0.0,0.0,1.0,1,0,0.0,0.0,0.0,1.0,0.0,0.0,1.0,0.0,1.0,0.0