CODIGO_SINIESTRO,CLASE SINIESTRO,CANTIDAD DE FALLECIDOS,CANTIDAD DE LESIONADOS,CANTIDAD DE VEHICULOS DAÑADOS,DEPARTAMENTO,PROVINCIA,DISTRITO,ZONA,TIPO DE VÍA,RED VIAL,COD CARRETERA,COORDENADAS LATITUD,COORDENADAS  LONGITUD,CONDICIÓN CLIMÁTICA,ZONIFICACIÓN,CARACTERÍSTICAS DE VÍA,PERFIL LONGITUDINAL VÍA,SUPERFICIE DE CALZADA,¿EXISTE SEÑAL VERTICAL?,CLASIFICACIÓN DE LA SEÑAL VERTICAL Nº 1,CLASIFICACIÓN DE LA SEÑAL VERTICAL Nº 2,¿EXISTE SEÑAL HORIZONTAL?,CAUSA FACTOR PRINCIPAL,CAUSA ESPECÍFICA,AÑO,MES,DIA_SEMANA,ES_FIN_SEMANA,HORA_NUM,FRANJA_HORARIA,REGION_NATURAL,CATEGORIA_SEVERIDAD,MORTALIDAD_MULTIPLE,LESION_MULTIPLE,MTC_RVN_LONGITUD_KM,MTC_RVN_N_CARRILES_MEDIANA,MTC_RVN_SUPERFICIE_DOMINANTE,MTC_RVN_ESTADO_DOMINANTE,MTC_RVN_ES_CONCESIONADA,MTC_RVN_CONCESION_PRINCIPAL,MTC_RVN_CORREDOR_LOGISTICO,MTC_RVN_N_TRAMOS,IDH_UBIGEO,IDH_2019,IDH_ESP_VIDA_2019,IDH_EDUC_SECUND_PCT_2019,IDH_ANIOS_EDUC_2019,IDH_INGRESO_PERCAP_2019,IDH_POBLACION_2019,MTC_DEP_RED_TOTAL_KM,MTC_DEP_NACIONAL_TOTAL_KM,MTC_DEP_DEPARTAMENTAL_TOTAL_KM,MTC_DEP_VECINAL_TOTAL_KM,MTC_DEP_PAV_TOTAL_KM,MTC_DEP_NO_PAV_TOTAL_KM,MTC_DEP_PCT_PAVIMENTADA,PER_TOTAL_PERSONAS,PER_N_CONDUCTORES,PER_N_CONDUCTORES_FUGADOS,PER_N_PEATONES,PER_N_PASAJEROS_OCUPANTES,PER_EDAD_COND_PROM,PER_EDAD_COND_MIN,PER_EDAD_COND_MAX,PER_ANY_COND_MASCULINO,PER_ANY_LIC_PROBLEMA,PER_ANY_DOSAJE_POS,PER_ANY_DOSAJE_EVALUADO,VEH_TOTAL,VEH_N_FUGADOS,VEH_ANY_FUGADO,VEH_ANY_CARGA,VEH_ANY_PUBLICO,VEH_ANY_PARTICULAR,VEH_ANY_MOTO,VEH_ANY_AUTO,VEH_ANY_CAMION_BUS,VEH_ANY_SOAT_PROBLEMA,VEH_ANY_CITV_PROBLEMA,VEH_ANY_SEGURO_PROBLEMA
A-2021-09-286,ATROPELLO,1,0,1,JUNIN,JAUJA,LEONOR ORDOÑEZ,RURAL,CARRETERA,NACIONAL,PE-3SB,-11.8742168,-75.4044973,DESPEJADO,RURAL,TRAMO RECTO,PLANA ,ASFALTADA,SIN_DATO,SIN_DATO,SIN_DATO,SIN_DATO,IMPRUDENCIA DEL PEATÓN,CRUCE INDEBIDO POR LA CALZADA,2021,9,4,0,19,NOCHE,SIERRA,LEVE,0,0,196.88,2.0,Pavimentado,Bueno,1.0,IIRSA Centro - Tramo 2: Pte. Ricardo Palma - La Oroya - Huancayo y La Oroya - Dv. Cerro de Pasco,No corresponde,35.0,120413.0,0.5133198537844352,70.28651371450412,78.22676770393541,8.69535658098749,751.7234024977862,1410.132762312634,12264.545,1826.4639999999995,1105.5389999999998,9332.542,1588.5359999999996,10676.009,12.952261987705208,2,1,0,1,0,26.0,26.0,26.0,1.0,0.0,0.0,1.0,1,0,0.0,0.0,0.0,1.0,0.0,1.0,0.0,0.0,0.0,0.0
A-2021-09-39,VOLCADURA,1,0,1,PIURA,PIURA,VEINTISEIS DE OCTUBRE,URBANA,AVENIDA,URBANO,NO CORRESPONDE,-5.1801321,-80.6552988,DESPEJADO,RESIDENCIAL,TRAMO RECTO,INCLINADA,ASFALTADA,SI,PREVENTIVA (P),REGULADORA (R),SI,EN PROCESO DE INVESTIGACIÓN,NO CUENTA CON CAUSA ESPECIFICA,2021,9,4,0,23,NOCHE,COSTA,LEVE,0,0,,,,,,,,,200115.0,0.5997462042553465,78.40793944726823,72.26811532412637,9.714064362322326,976.3169831713308,183875.0,8965.846000060003,1782.4120000599992,636.9959999999999,6546.438000000004,2214.505000059999,6751.341000000004,24.699342371541725,1,1,0,0,0,21.0,21.0,21.0,1.0,1.0,0.0,1.0,1,0,0.0,0.0,0.0,1.0,1.0,0.0,0.0,1.0,0.0,0.0
A-2021-09-208,ATROPELLO,1,0,1,AYACUCHO,HUAMANGA,VINCHOS,RURAL,CARRETERA,PROVINCIAL,AY-811,-13.253825,-74.341918,NUBLADO,RURAL,TRAMO RECTO,PLANA ,ASFALTADA,NO,SIN_DATO,SIN_DATO,SI,IMPRUDENCIA DEL CONDUCTOR,EXCESO DE VELOCIDAD,2021,9,5,1,1,MADRUGADA,SIERRA,LEVE,0,0,,,,,,,,,50114.0,0.1859776092837948,69.85250115366037,39.77024304701982,3.1640035399309645,143.5227500887571,15617.884368308352,12678.733000000004,1805.074000000001,1774.0339999999994,9099.625000000004,2485.375000000001,10193.358000000002,19.602707936195205,2,1,0,1,0,26.0,26.0,26.0,1.0,0.0,0.0,1.0,1,0,0.0,0.0,0.0,1.0,0.0,1.0,0.0,0.0,0.0,0.0
A-2021-09-63,DESPISTE,1,1,1,CAJAMARCA,CAJABAMBA,CONDEBAMBA,URBANA,CARRETERA,NACIONAL,PE-3N,-7.585538,-78.133861,DESPEJADO,RESIDENCIAL,TRAMO RECTO,PLANA ,ASFALTADA,NO,SIN_DATO,SIN_DATO,SI,IMPRUDENCIA DEL CONDUCTOR,INVASIÓN DE CARRIL,2021,9,5,1,3,MADRUGADA,SIERRA,LEVE,0,0,9936.932,2.0,Pavimentado,Bueno,1.0,No concesionado,No corresponde,3830.0,60203.0,0.2517980913588912,79.04120044279121,35.01748350135311,3.323753479451267,260.3952910099023,13301.858672376871,15935.565011852366,1733.9250000199986,935.692,13265.948011832368,2000.1670000199988,13935.398011832369,12.551591352627522,2,1,0,0,1,25.0,25.0,25.0,1.0,0.0,0.0,0.0,1,0,0.0,0.0,0.0,1.0,0.0,1.0,0.0,0.0,0.0,0.0
A-2021-09-38,ATROPELLO,1,0,1,ANCASH,HUARAZ,INDEPENDENCIA,URBANA,CARRETERA,NACIONAL,PE-3N,-9.509058417527417,-77.532194,DESPEJADO,COMERCIAL,TRAMO RECTO,PLANA ,ASFALTADA,SIN_DATO,SIN_DATO,SIN_DATO,SIN_DATO,NEGLIGENCIA DEL CONDUCTOR,OTRO (NEGLIGENCIA DEL CONDUCTOR),2021,9,5,1,14,TARDE,SIERRA,LEVE,0,0,9936.932,2.0,Pavimentado,Bueno,1.0,No concesionado,No corresponde,3830.0,20105.0,0.5849977076393457,75.29860916717843,73.3703897539794,9.670945225325228,958.0920369809884,78605.04710920772,10767.648,1885.0630000000003,1222.721,7659.864000000001,2100.343,8667.305000000002,19.506051832303577,2,1,0,1,0,69.0,69.0,69.0,1.0,0.0,0.0,1.0,1,0,0.0,0.0,0.0,1.0,0.0,0.0,1.0,0.0,0.0,0.0
A-2021-09-40,DESPISTE,1,2,1,PUNO,PUNO,PUNO,URBANA,AVENIDA,URBANO,NO CORRESPONDE,-15.87,-69.987,DESPEJADO,COMERCIAL,TRAMO RECTO,PLANA ,ASFALTADA,SIN_DATO,SIN_DATO,SIN_DATO,SIN_DATO,IMPRUDENCIA DEL CONDUCTOR,CONDUCIR EN ESTADO DE EBRIEDAD Y/O DROGADICCIÓN,2021,9,5,1,15,TARDE,SIERRA,LEVE,0,0,,,,,,,,,210101.0,0.6488901960567479,69.67312345830231,82.12448375199249,11.701623814093702,1230.336353415943,144745.3597430407,13642.312999999998,2020.7790000000005,2354.117,9267.416999999998,3314.0520000000006,10328.260999999997,24.29244952817019,3,1,0,0,2,22.0,22.0,22.0,1.0,0.0,0.0,0.0,1,0,0.0,1.0,0.0,0.0,1.0,0.0,0.0,0.0,0.0,0.0
A-2021-09-118,ESPECIAL,1,0,0,LIMA,LIMA,CHACLACAYO,URBANA,CARRETERA,NACIONAL,PE-22,-11.985570801507548,-76.8095719742455,DESPEJADO,RESIDENCIAL,TRAMO RECTO,PLANA ,ASFALTADA,SIN_DATO,SIN_DATO,SIN_DATO,SIN_DATO,EN PROCESO DE INVESTIGACIÓN,NO CUENTA CON CAUSA ESPECIFICA,2021,9,5,1,17,TARDE,COSTA,LEVE,0,0,875.67,2.0,Pavimentado,Bueno,1.0,IIRSA Centro - Tramo 2: Pte. Ricardo Palma - La Oroya - Huancayo y La Oroya - Dv. Cerro de Pasco,Corredor Central,156.0,150107.0,0.7410537419693288,80.72873693175681,77.76911521289269,11.20634409407566,1539.7635062745433,43755.852248394,7626.313,1683.4029999999998,1599.0829999999996,4343.827000000001,1814.875,5811.438000000001,23.797541485643197,2,1,0,1,0,51.0,51.0,51.0,1.0,0.0,0.0,0.0,1,0,0.0,1.0,0.0,0.0,0.0,0.0,0.0,1.0,1.0,0.0
A-2021-09-48,CHOQUE,1,2,2,PIURA,MORROPON,LA MATANZA,RURAL,CARRETERA,NACIONAL,PE-02A,-5.240542,-80.089013,DESPEJADO,RURAL,TRAMO RECTO,INCLINADA,ASFALTADA,SIN_DATO,SIN_DATO,SIN_DATO,SIN_DATO,EN PROCESO DE INVESTIGACIÓN,NO CUENTA CON CAUSA ESPECIFICA,2021,9,5,1,19,NOCHE,COSTA,LEVE,0,0,722.9000000000002,2.0,Asfaltado económico,Bueno,1.0,Emp.PE-1B-Buenos Aires - Canchaque,No corresponde,123.0,200404.0,0.3893523155396837,73.6911779276771,49.78375684989758,4.513910151215105,616.2310203311459,12720.513918629553,8965.846000060003,1782.4120000599992,636.9959999999999,6546.438000000004,2214.505000059999,6751.341000000004,24.699342371541725,4,2,0,0,2,50.0,24.0,76.0,1.0,0.0,1.0,1.0,2,0,0.0,0.0,0.0,1.0,1.0,0.0,0.0,1.0,0.0,0.0
A-2021-09-276,CHOQUE,1,0,2,CAJAMARCA,JAEN,BELLAVISTA,URBANA,CARRETERA,PROVINCIAL,CA-744,-5.665039781651673,-78.6812549418639,DESPEJADO,RESIDENCIAL,TRAMO RECTO,PLANA ,ASFALTADA,SIN_DATO,SIN_DATO,SIN_DATO,SIN_DATO,EN PROCESO DE INVESTIGACIÓN,NO CUENTA CON CAUSA ESPECIFICA,2021,9,6,1,5,MADRUGADA,SIERRA,LEVE,0,0,,,,,,,,,60802.0,0.4823525101155781,74.68609013731242,51.19107770858362,5.880567124588062,905.9911705096852,13071.734475374731,15935.565011852366,1733.9250000199986,935.692,13265.948011832368,2000.1670000199988,13935.398011832369,12.551591352627522,2,2,0,0,0,32.0,26.0,38.0,1.0,1.0,0.0,0.0,2,0,0.0,1.0,1.0,0.0,1.0,0.0,1.0,1.0,1.0,1.0
A-2021-09-163,FERROVIARIO,1,0,1,CUSCO,ANTA,ANTA,RURAL,CARRETERA,DEPARTAMENTAL,CU-110,-13.455011,-72.189688,DESPEJADO,RURAL,OTRO,PLANA ,CASCAJO/RIPIO,SIN_DATO,SIN_DATO,SIN_DATO,SIN_DATO,IMPRUDENCIA DEL PEATÓN,OTRO (IMPRUDENCIA DEL PEATÓN),2021,9,6,1,12,TARDE,SIERRA,LEVE,0,0,,,,,,,,,80301.0,0.4461630003962475,73.21502670801013,72.39928330950325,7.637017072327872,534.399353077353,18328.770877944324,17779.13499998999,2097.3709999899997,2863.123,12818.640999999989,2878.713,14900.421999989989,16.19152450331032,2,1,0,1,0,47.0,47.0,47.0,1.0,0.0,0.0,0.0,1,0,0.0,1.0,0.0,0.0,0.0,0.0,0.0,0.0,0.0,0.0
A-2021-09-41,CHOQUE,1,10,2,PUNO,PUNO,PUNO,URBANA,AVENIDA,URBANO,NO CORRESPONDE,-15.851551,-70.015947,DESPEJADO,COMERCIAL,TRAMO RECTO,PLANA ,ASFALTADA,NO,SIN_DATO,SIN_DATO,SI,IMPRUDENCIA DEL CONDUCTOR,CONDUCIR EN ESTADO DE EBRIEDAD Y/O DROGADICCIÓN,2021,9,6,1,16,TARDE,SIERRA,GRAVE_LESIONADOS,0,1,,,,,,,,,210101.0,0.6488901960567479,69.67312345830231,82.12448375199249,11.701623814093702,1230.336353415943,144745.3597430407,13642.312999999998,2020.7790000000005,2354.117,9267.416999999998,3314.0520000000006,10328.260999999997,24.29244952817019,13,2,0,0,11,37.0,34.0,40.0,1.0,0.0,0.0,0.0,2,0,0.0,0.0,1.0,1.0,0.0,1.0,1.0,0.0,0.0,0.0
A-2021-09-119,CHOQUE,1,0,1,LIMA,LIMA,VILLA EL SALVADOR,URBANA,AVENIDA,URBANO,NO CORRESPONDE,-12.19284986799084,-76.96236713957965,DESPEJADO,RESIDENCIAL,TRAMO RECTO,PLANA ,ASFALTADA,SIN_DATO,SIN_DATO,SIN_DATO,SIN_DATO,IMPRUDENCIA DEL CONDUCTOR,OTRO (IMPRUDENCIA DEL CONDUCTOR),2021,9,6,1,19,NOCHE,COSTA,LEVE,0,0,,,,,,,,,150142.0,0.6990481232857558,80.14597904142546,74.3851677794309,10.004397644056358,1432.5044292531525,459161.0728051392,7626.313,1683.4029999999998,1599.0829999999996,4343.827000000001,1814.875,5811.438000000001,23.797541485643197,2,2,0,0,0,28.0,28.0,28.0,1.0,0.0,0.0,0.0,2,0,0.0,1.0,0.0,1.0,1.0,0.0,1.0,0.0,0.0,0.0
A-2021-09-59,CHOQUE,1,1,2,CUSCO,URUBAMBA,YUCAY,RURAL,CARRETERA,NACIONAL,PE-28B,-13.330792,-72.071909,SOLEADO,RURAL,TRAMO RECTO,PLANA ,ASFALTADA,SIN_DATO,SIN_DATO,SIN_DATO,SIN_DATO,IMPRUDENCIA DEL CONDUCTOR,INVASIÓN DE CARRIL,2021,9,6,1,22,NOCHE,SIERRA,LEVE,0,0,3447.8009999999995,1.0,Pavimentado,Regular,0.0,No concesionado,Corredor Ayacucho - Quellouno - Quillabamba,1109.0,81307.0,0.6467436323237573,79.23148267907465,67.52594538772321,10.132837841128774,1206.994437940653,3183.13704496788,17779.13499998999,2097.3709999899997,2863.123,12818.640999999989,2878.713,14900.421999989989,16.19152450331032,3,2,0,0,1,24.0,21.0,27.0,1.0,1.0,0.0,0.0,2,0,0.0,0.0,0.0,1.0,1.0,1.0,0.0,1.0,0.0,0.0
A-2021-09-209,DESPISTE,1,1,1,AYACUCHO,PAUCAR DEL SARA SARA,PAUSA,RURAL,CARRETERA,PROVINCIAL,AY-1251,-15.367685,-73.29724,DESPEJADO,RURAL,CURVA,INCLINADA,AFIRMADO,SIN_DATO,SIN_DATO,SIN_DATO,SIN_DATO,IMPRUDENCIA DEL CONDUCTOR,CONDUCIR EN ESTADO DE EBRIEDAD Y/O DROGADICCIÓN,2021,9,0,0,1,MADRUGADA,SIERRA,LEVE,0,0,,,,,,,,,50801.0,0.5195415199437885,75.49542185909227,58.35928232743613,8.456506800217879,820.3133165336449,2875.329764453961,12678.733000000004,1805.074000000001,1774.0339999999994,9099.625000000004,2485.375000000001,10193.358000000002,19.602707936195205,2,1,0,0,1,33.0,33.0,33.0,1.0,1.0,1.0,1.0,1,0,0.0,0.0,1.0,0.0,1.0,0.0,0.0,1.0,1.0,0.0
A-2021-09-69,CHOQUE,2,0,2,LA LIBERTAD,PACASMAYO,GUADALUPE,RURAL,CARRETERA,NACIONAL,PE-1N,-7.323069,-79.481149,DESPEJADO,RURAL,TRAMO RECTO,PLANA ,ASFALTADA,SIN_DATO,SIN_DATO,SIN_DATO,SIN_DATO,EN PROCESO DE INVESTIGACIÓN,NO CUENTA CON CAUSA ESPECIFICA,2021,9,0,0,2,MADRUGADA,COSTA,GRAVE_MORTALIDAD,1,0,6543.555,3.0,Pavimentado,Bueno,1.0,Autopista del Sol,Eje Estructurante Norte,1475.0,130702.0,0.5650979329787121,81.32490571897102,68.6769211482833,7.868096912305706,909.6843705053026,43897.946466809415,8931.828000000005,1335.5899999999997,1935.9830000000004,5660.255000000005,1219.309,7712.519000000005,13.651281686122925,3,2,0,0,1,38.0,38.0,38.0,1.0,0.0,0.0,0.0,2,0,0.0,0.0,0.0,1.0,1.0,1.0,0.0,1.0,1.0,0.0
A-2021-09-42,ATROPELLO FUGA,1,0,0,AREQUIPA,AREQUIPA,JOSE LUIS BUSTAMANTE Y RIVERO,URBANA,CARRETERA,NACIONAL,PE-34C,-16.425485761082975,-71.53318932425682,DESPEJADO,COMERCIAL,TRAMO RECTO,PLANA ,ASFALTADA,SIN_DATO,SIN_DATO,SIN_DATO,SIN_DATO,IMPRUDENCIA DEL CONDUCTOR,EXCESO DE VELOCIDAD,2021,9,0,0,4,MADRUGADA,COSTA,LEVE,0,0,1101.78,1.0,Sin afirmar,Malo,0.0,No concesionado,No corresponde,202.0,40129.0,0.7453744058790387,79.4589730074046,82.73398367318066,12.665195784530074,1448.5317937470898,76620.6295503212,10322.272,1495.236,1749.739,7077.2970000000005,2886.595,7435.677000000001,27.964725207783708,1,0,0,1,0,,,,,,,,1,1,1.0,0.0,0.0,0.0,0.0,0.0,0.0,0.0,0.0,0.0
A-2021-09-196,CHOQUE,1,0,1,PUNO,SAN ROMAN,JULIACA,URBANA,CARRETERA,NACIONAL,PE-3S,-15.495436,-70.120294,DESPEJADO,COMERCIAL,TRAMO RECTO,PLANA ,ASFALTADA,SIN_DATO,SIN_DATO,SIN_DATO,SIN_DATO,IMPRUDENCIA DEL CONDUCTOR,EXCESO DE VELOCIDAD,2021,9,0,0,9,MAÑANA,SIERRA,LEVE,0,0,7586.903,2.0,Pavimentado,Bueno,1.0,No concesionado,CO 10: Abancay - Ayacucho- Huancayo- La Oroya,1198.0,211101.0,0.5759734352119,73.55929462493827,78.89306383943827,10.174966342239475,888.1716010638444,232834.39603082248,13642.312999999998,2020.7790000000005,2354.117,9267.416999999998,3314.0520000000006,10328.260999999997,24.29244952817019,2,2,0,0,0,54.0,38.0,70.0,1.0,1.0,0.0,0.0,2,0,0.0,1.0,0.0,1.0,1.0,0.0,1.0,0.0,1.0,1.0
A-2021-09-100,ATROPELLO,1,0,0,PUNO,LAMPA,LAMPA,RURAL,CARRETERA,DEPARTAMENTAL,PU-123,-15.410127983519631,-70.36522252959625,DESPEJADO,RURAL,TRAMO RECTO,PLANA ,CONCRETO,SIN_DATO,SIN_DATO,SIN_DATO,SIN_DATO,NEGLIGENCIA DEL CONDUCTOR,OTRO (NEGLIGENCIA DEL CONDUCTOR),2021,9,0,0,10,MAÑANA,SIERRA,LEVE,0,0,,,,,,,,,210701.0,0.4451745613783446,70.98869115444882,66.61608433572192,7.63470007837118,577.3173462752228,10293.640256959316,13642.312999999998,2020.7790000000005,2354.117,9267.416999999998,3314.0520000000006,10328.260999999997,24.29244952817019,2,1,0,1,0,44.0,44.0,44.0,1.0,0.0,0.0,0.0,1,0,0.0,0.0,0.0,1.0,0.0,0.0,1.0,0.0,0.0,0.0
A-2021-09-199,CHOQUE,1,4,2,LIMA,HUAURA,PACCHO,RURAL,CARRETERA,NACIONAL,PE-18,-10.913021559228133,-77.00273990850796,DESPEJADO,RURAL,CURVA,INCLINADA,ASFALTADA,SIN_DATO,SIN_DATO,SIN_DATO,SIN_DATO,IMPRUDENCIA DEL CONDUCTOR,INVASIÓN DE CARRIL,2021,9,0,0,12,TARDE,COSTA,GRAVE_LESIONADOS,0,1,1422.177,2.0,Pavimentado,Bueno,0.0,No concesionado,Corredor Huaura - Sayán - Oyón - Ambo,698.0,150808.0,0.1640584330946609,78.15551662977417,55.49596103687552,6.225471087869532,64.54263566018727,1889.8800856531047,7626.313,1683.4029999999998,1599.0829999999996,4343.827000000001,1814.875,5811.438000000001,23.797541485643197,6,2,0,0,4,50.0,33.0,67.0,1.0,0.0,0.0,1.0,2,0,0.0,0.0,1.0,0.0,0.0,0.0,1.0,0.0,0.0,0.0
A-2021-09-255,DESPISTE,1,0,1,JUNIN,CHANCHAMAYO,CHANCHAMAYO,RURAL,CARRETERA,NACIONAL,PE-22B,-11.022674418229409,-75.31631646869266,DESPEJADO,RURAL,TRAMO RECTO,PLANA ,ASFALTADA,SIN_DATO,SIN_DATO,SIN_DATO,SIN_DATO,EN PROCESO DE INVESTIGACIÓN,NO CUENTA CON CAUSA ESPECIFICA,2021,9,0,0,13,TARDE,SIERRA,LEVE,0,0,600.0300000000001,2.0,Pavimentado,Bueno,0.0,No concesionado,CO 17: La Oroya - Tarma- La Merced- Satipo,178.0,120301.0,0.587430624814192,75.05837214886559,65.27778442559935,9.160286843623986,1064.616047731197,24595.453961456104,12264.545,1826.4639999999995,1105.5389999999998,9332.542,1588.5359999999996,10676.009,12.952261987705208,1,1,0,0,0,38.0,38.0,38.0,1.0,0.0,0.0,1.0,1,0,0.0,0.0,0.0,1.0,0.0,1.0,0.0,1.0,1.0,0.0
A-2021-09-77,ATROPELLO,1,2,1,AREQUIPA,AREQUIPA,YURA,URBANA,CARRETERA,DEPARTAMENTAL,AR-123,-16.3672817,-71.6395677,DESPEJADO,RESIDENCIAL,TRAMO RECTO,PLANA ,ASFALTADA,SIN_DATO,SIN_DATO,SIN_DATO,SIN_DATO,IMPRUDENCIA DEL CONDUCTOR,EXCESO DE VELOCIDAD,2021,9,0,0,18,NOCHE,COSTA,LEVE,0,0,,,,,,,,,40128.0,0.6005060748875158,78.21704200773246,77.40211893847457,8.994742794352394,996.014120858737,33335.45824411135,10322.272,1495.236,1749.739,7077.2970000000005,2886.595,7435.677000000001,27.964725207783708,3,1,0,1,1,29.0,29.0,29.0,1.0,0.0,0.0,1.0,1,0,0.0,0.0,0.0,1.0,1.0,0.0,0.0,0.0,0.0,0.0
A-2021-09-239,CHOQUE,1,0,2,MOQUEGUA,ILO,ILO,URBANA,CARRETERA,NACIONAL,PE-1SD,-17.64352615684302,-71.3391691409166,DESPEJADO,COMERCIAL,TRAMO RECTO,INCLINADA,ASFALTADA,SI,REGULADORA (R),REGULADORA (R),SI,IMPRUDENCIA DEL CONDUCTOR,OTRO (IMPRUDENCIA DEL CONDUCTOR),2021,9,0,0,22,NOCHE,COSTA,LEVE,0,0,1926.94,2.0,Pavimentado,Bueno,1.0,No concesionado,No corresponde,393.0,180301.0,0.6831569654189188,78.20298093881752,73.06967658016572,10.671817350138191,1346.7860056613883,68663.72805139187,2949.174,470.28500000000025,903.055,1575.834,866.4460000000004,2082.728,29.37927704503025,2,2,0,0,0,31.5,24.0,39.0,1.0,0.0,0.0,1.0,2,0,0.0,0.0,1.0,1.0,1.0,0.0,1.0,0.0,0.0,1.0
A-2021-09-49,ATROPELLO FUGA,1,0,0,PIURA,MORROPON,CHULUCANAS,RURAL,CARRETERA,NACIONAL,PE-1NS,-5.139167,-80.173203,DESPEJADO,RURAL,TRAMO RECTO,PLANA ,ASFALTADA,SIN_DATO,SIN_DATO,SIN_DATO,SIN_DATO,EN PROCESO DE INVESTIGACIÓN,NO CUENTA CON CAUSA ESPECIFICA,2021,9,0,0,22,NOCHE,COSTA,LEVE,0,0,43.63,-1.0,Pavimentado,Bueno,0.0,No concesionado,No corresponde,35.0,200401.0,0.4653748048968089,74.19666709322776,61.11371397478021,6.596218102126203,701.9088264424688,75914.02997858672,8965.846000060003,1782.4120000599992,636.9959999999999,6546.438000000004,2214.505000059999,6751.341000000004,24.699342371541725,1,0,0,1,0,,,,,,,,1,1,1.0,0.0,0.0,0.0,0.0,0.0,0.0,0.0,0.0,0.0
A-2021-09-78,CHOQUE,1,2,2,AREQUIPA,CAYLLOMA,SAN ANTONIO DE CHUCA,RURAL,CARRETERA,NACIONAL,PE-34A,-15.7617292,-70.9896114,DESPEJADO,RURAL,CURVA,INCLINADA,ASFALTADA,SI,PREVENTIVA (P),PREVENTIVA (P),SI,IMPRUDENCIA DEL CONDUCTOR,INVASIÓN DE CARRIL,2021,9,1,0,5,MADRUGADA,COSTA,LEVE,0,0,1504.4250000000002,2.0,Pavimentado,Bueno,1.0,IIRSA Sur - Tramo 5: Matarani - Azángaro - Ilo,Corredor Matarani - Arequipa - Juliaca,241.0,40514.0,0.4498224071382834,81.63336343193146,58.84842497065013,5.774685730039019,620.6584683449911,1358.612419700214,10322.272,1495.236,1749.739,7077.2970000000005,2886.595,7435.677000000001,27.964725207783708,4,2,0,0,2,40.0,35.0,45.0,1.0,0.0,0.0,1.0,2,0,0.0,1.0,0.0,1.0,0.0,1.0,1.0,0.0,0.0,0.0
A-2021-09-268,CHOQUE,1,0,1,APURIMAC,COTABAMBAS,CHALLHUAHUACHO,RURAL,CARRETERA,NACIONAL,PE-3SF,-14.143804300351665,-72.30288533023071,SIN_DATO,SIN_DATO,SIN_DATO,SIN_DATO,SIN_DATO,SIN_DATO,SIN_DATO,SIN_DATO,SIN_DATO,EN PROCESO DE INVESTIGACIÓN,NO CUENTA CON CAUSA ESPECIFICA,2021,9,1,0,9,MAÑANA,SIERRA,LEVE,0,0,2176.715,1.0,Asfaltado económico,Regular,0.0,No concesionado,No corresponde,756.0,30506.0,0.499163551389036,75.70962705281627,87.67387501944928,7.79976949484745,631.0025854087717,13588.147751605997,8358.971,1282.451,1298.0969999999998,5778.423,1432.683,6926.288,17.139466089785454,2,2,0,0,0,44.0,44.0,44.0,1.0,0.0,0.0,0.0,2,0,0.0,1.0,0.0,1.0,1.0,0.0,1.0,0.0,1.0,0.0
A-2021-09-130,DESPISTE,1,0,1,LA LIBERTAD,SANTIAGO DE CHUCO,CACHICADAN,RURAL,CARRETERA,PROVINCIAL,LI-939,-8.039117,-78.09946,DESPEJADO,RURAL,TRAMO RECTO,PLANA ,TROCHA,SIN_DATO,SIN_DATO,SIN_DATO,SIN_DATO,EN PROCESO DE INVESTIGACIÓN,NO CUENTA CON CAUSA ESPECIFICA,2021,9,1,0,14,TARDE,COSTA,LEVE,0,0,,,,,,,,,131003.0,0.3760037277999114,76.42155998110908,54.36678092101703,5.979840038259673,417.2054803951085,7366.297644539614,8931.828000000005,1335.5899999999997,1935.9830000000004,5660.255000000005,1219.309,7712.519000000005,13.651281686122925,1,1,0,0,0,38.0,38.0,38.0,1.0,0.0,0.0,0.0,1,0,0.0,1.0,0.0,0.0,0.0,0.0,1.0,0.0,1.0,0.0
A-2021-09-206,CHOQUE,1,0,2,JUNIN,JAUJA,SAN LORENZO,RURAL,CARRETERA,NACIONAL,PE-3S,-11.845242,-75.386895,DESPEJADO,RESIDENCIAL,TRAMO RECTO,PLANA ,ASFALTADA,SI,PREVENTIVA (P),PREVENTIVA (P),NO,IMPRUDENCIA DEL CONDUCTOR,CONDUCIR EN ESTADO DE EBRIEDAD Y/O DROGADICCIÓN,2021,9,1,0,14,TARDE,SIERRA,LEVE,0,0,7586.903,2.0,Pavimentado,Bueno,1.0,No concesionado,CO 10: Abancay - Ayacucho- Huancayo- La Oroya,1198.0,120428.0,0.5070161842895945,73.80206213234514,63.85847897942124,8.358201154457815,762.340864761461,2559.4197002141323,12264.545,1826.4639999999995,1105.5389999999998,9332.542,1588.5359999999996,10676.009,12.952261987705208,2,2,0,0,0,44.5,24.0,65.0,1.0,0.0,0.0,1.0,2,0,0.0,0.0,0.0,1.0,0.0,1.0,0.0,0.0,1.0,0.0