CODIGO_SINIESTRO,CLASE SINIESTRO,CANTIDAD DE FALLECIDOS,CANTIDAD DE LESIONADOS,CANTIDAD DE VEHICULOS DAÑADOS,DEPARTAMENTO,PROVINCIA,DISTRITO,ZONA,TIPO DE VÍA,RED VIAL,COD CARRETERA,COORDENADAS LATITUD,COORDENADAS  LONGITUD,CONDICIÓN CLIMÁTICA,ZONIFICACIÓN,CARACTERÍSTICAS DE VÍA,PERFIL LONGITUDINAL VÍA,SUPERFICIE DE CALZADA,¿EXISTE SEÑAL VERTICAL?,CLASIFICACIÓN DE LA SEÑAL VERTICAL Nº 1,CLASIFICACIÓN DE LA SEÑAL VERTICAL Nº 2,¿EXISTE SEÑAL HORIZONTAL?,CAUSA FACTOR PRINCIPAL,CAUSA ESPECÍFICA,AÑO,MES,DIA_SEMANA,ES_FIN_SEMANA,HORA_NUM,FRANJA_HORARIA,REGION_NATURAL,CATEGORIA_SEVERIDAD,MORTALIDAD_MULTIPLE,LESION_MULTIPLE,MTC_RVN_LONGITUD_KM,MTC_RVN_N_CARRILES_MEDIANA,MTC_RVN_SUPERFICIE_DOMINANTE,MTC_RVN_ESTADO_DOMINANTE,MTC_RVN_ES_CONCESIONADA,MTC_RVN_CONCESION_PRINCIPAL,MTC_RVN_CORREDOR_LOGISTICO,MTC_RVN_N_TRAMOS,IDH_UBIGEO,IDH_2019,IDH_ESP_VIDA_2019,IDH_EDUC_SECUND_PCT_2019,IDH_ANIOS_EDUC_2019,IDH_INGRESO_PERCAP_2019,IDH_POBLACION_2019,MTC_DEP_RED_TOTAL_KM,MTC_DEP_NACIONAL_TOTAL_KM,MTC_DEP_DEPARTAMENTAL_TOTAL_KM,MTC_DEP_VECINAL_TOTAL_KM,MTC_DEP_PAV_TOTAL_KM,MTC_DEP_NO_PAV_TOTAL_KM,MTC_DEP_PCT_PAVIMENTADA,PER_TOTAL_PERSONAS,PER_N_CONDUCTORES,PER_N_CONDUCTORES_FUGADOS,PER_N_PEATONES,PER_N_PASAJEROS_OCUPANTES,PER_EDAD_COND_PROM,PER_EDAD_COND_MIN,PER_EDAD_COND_MAX,PER_ANY_COND_MASCULINO,PER_ANY_LIC_PROBLEMA,PER_ANY_DOSAJE_POS,PER_ANY_DOSAJE_EVALUADO,VEH_TOTAL,VEH_N_FUGADOS,VEH_ANY_FUGADO,VEH_ANY_CARGA,VEH_ANY_PUBLICO,VEH_ANY_PARTICULAR,VEH_ANY_MOTO,VEH_ANY_AUTO,VEH_ANY_CAMION_BUS,VEH_ANY_SOAT_PROBLEMA,VEH_ANY_CITV_PROBLEMA,VEH_ANY_SEGURO_PROBLEMA
A-2021-11-190,ATROPELLO FUGA,1,0,0,LIMA,LIMA,VILLA EL SALVADOR,URBANA,AVENIDA,URBANO,NO CORRESPONDE,-12.229476806894018,-76.92050802745351,DESPEJADO,INDUSTRIAL,INTERSECCIÓN,PLANA ,ASFALTADA,SIN_DATO,SIN_DATO,SIN_DATO,SIN_DATO,EN PROCESO DE INVESTIGACIÓN,NO CUENTA CON CAUSA ESPECIFICA,2021,11,6,1,22,NOCHE,COSTA,LEVE,0,0,,,,,,,,,150142.0,0.6990481232857558,80.14597904142546,74.3851677794309,10.004397644056358,1432.5044292531525,459161.0728051392,7626.313,1683.4029999999998,1599.0829999999996,4343.827000000001,1814.875,5811.438000000001,23.797541485643197,2,1,1,1,0,,,,0.0,0.0,0.0,0.0,1,0,0.0,0.0,0.0,1.0,1.0,0.0,0.0,1.0,0.0,1.0
A-2021-11-191,DESPISTE,1,2,0,LIMA,LIMA,LURIN,URBANA,CARRETERA,PROVINCIAL,LM-801,-12.296344004272775,-76.85087799307486,DESPEJADO,COMERCIAL,TRAMO RECTO,PLANA ,ASFALTADA,SIN_DATO,SIN_DATO,SIN_DATO,SIN_DATO,EN PROCESO DE INVESTIGACIÓN,NO CUENTA CON CAUSA ESPECIFICA,2021,11,0,0,1,MADRUGADA,COSTA,LEVE,0,0,,,,,,,,,150119.0,0.6909236767275176,78.41626133969348,70.97436336767564,9.826485374940413,1476.8351947609171,95908.53319057816,7626.313,1683.4029999999998,1599.0829999999996,4343.827000000001,1814.875,5811.438000000001,23.797541485643197,4,1,0,0,3,53.0,53.0,53.0,1.0,1.0,0.0,1.0,1,0,0.0,0.0,0.0,1.0,0.0,0.0,1.0,1.0,1.0,1.0
A-2021-11-192,CHOQUE,1,2,0,LIMA,LIMA,LURIN,URBANA,AVENIDA,URBANO,NO CORRESPONDE,-12.28733232472692,-76.86022287969136,DESPEJADO,INDUSTRIAL,TRAMO RECTO,PLANA ,ASFALTADA,SIN_DATO,SIN_DATO,SIN_DATO,SIN_DATO,EN PROCESO DE INVESTIGACIÓN,NO CUENTA CON CAUSA ESPECIFICA,2021,11,0,0,5,MADRUGADA,COSTA,LEVE,0,0,,,,,,,,,150119.0,0.6909236767275176,78.41626133969348,70.97436336767564,9.826485374940413,1476.8351947609171,95908.53319057816,7626.313,1683.4029999999998,1599.0829999999996,4343.827000000001,1814.875,5811.438000000001,23.797541485643197,5,2,0,0,3,50.5,42.0,59.0,1.0,0.0,0.0,1.0,2,0,0.0,1.0,0.0,0.0,0.0,0.0,1.0,0.0,1.0,0.0
A-2021-11-162,CHOQUE,1,0,2,LA LIBERTAD,TRUJILLO,HUANCHACO,URBANA,AVENIDA,URBANO,NO CORRESPONDE,-8.097279635790766,-79.06952102838912,DESPEJADO,COMERCIAL,TRAMO RECTO,PLANA ,ASFALTADA,SIN_DATO,SIN_DATO,SIN_DATO,SIN_DATO,IMPRUDENCIA DEL CONDUCTOR,OTRO (IMPRUDENCIA DEL CONDUCTOR),2021,11,0,0,10,MAÑANA,COSTA,LEVE,0,0,,,,,,,,,130104.0,0.583006771156836,78.2441938961209,62.24037484511178,8.807312392374042,1028.2282118265089,76607.295503212,8931.828000000005,1335.5899999999997,1935.9830000000004,5660.255000000005,1219.309,7712.519000000005,13.651281686122925,2,2,0,0,0,72.5,69.0,76.0,1.0,0.0,0.0,0.0,2,0,0.0,0.0,0.0,1.0,0.0,1.0,0.0,0.0,0.0,1.0
A-2021-11-177,CHOQUE,1,2,2,PIURA,MORROPON,CHULUCANAS,URBANA,JIRÓN,URBANO,NO CORRESPONDE,-5.087569,-80.158725,DESPEJADO,COMERCIAL,TRAMO RECTO,PLANA ,CONCRETO,SIN_DATO,SIN_DATO,SIN_DATO,SIN_DATO,EN PROCESO DE INVESTIGACIÓN,NO CUENTA CON CAUSA ESPECIFICA,2021,11,0,0,18,NOCHE,COSTA,LEVE,0,0,,,,,,,,,200401.0,0.4653748048968089,74.19666709322776,61.11371397478021,6.596218102126203,701.9088264424688,75914.02997858672,8965.846000060003,1782.4120000599992,636.9959999999999,6546.438000000004,2214.505000059999,6751.341000000004,24.699342371541725,4,3,0,0,1,24.5,24.0,25.0,1.0,1.0,1.0,1.0,3,0,0.0,1.0,0.0,1.0,1.0,0.0,1.0,1.0,1.0,1.0
A-2021-11-234,DESPISTE,1,0,1,AREQUIPA,LA UNION,QUECHUALLA,RURAL,CARRETERA,SIN CLASIFICAR,SIN CLASIFICAR,-15.259945513894616,-73.11844636957473,DESPEJADO,RURAL,OTRO,PLANA ,TROCHA,SIN_DATO,SIN_DATO,SIN_DATO,SIN_DATO,EN PROCESO DE INVESTIGACIÓN,NO CUENTA CON CAUSA ESPECIFICA,2021,11,0,0,20,NOCHE,COSTA,LEVE,0,0,,,,,,,,,40807.0,0.3496831352199674,76.4679451008432,20.37258078254365,7.025547601865763,483.75639519574696,196.54389721627408,10322.272,1495.236,1749.739,7077.2970000000005,2886.595,7435.677000000001,27.964725207783708,1,1,0,0,0,72.0,72.0,72.0,1.0,0.0,0.0,0.0,1,0,0.0,0.0,0.0,1.0,0.0,0.0,1.0,0.0,0.0,0.0
A-2021-11-164,ATROPELLO FUGA,1,0,0,PUNO,SAN ROMAN,JULIACA,RURAL,CARRETERA,NACIONAL,PE-3S,-15.4468199,-70.1415445,DESPEJADO,RURAL,CURVA,PLANA ,ASFALTADA,SIN_DATO,SIN_DATO,SIN_DATO,SIN_DATO,IMPRUDENCIA DEL CONDUCTOR,OTRO (IMPRUDENCIA DEL CONDUCTOR),2021,11,0,0,21,NOCHE,SIERRA,LEVE,0,0,7586.903,2.0,Pavimentado,Bueno,1.0,No concesionado,CO 10: Abancay - Ayacucho- Huancayo- La Oroya,1198.0,211101.0,0.5759734352119,73.55929462493827,78.89306383943827,10.174966342239475,888.1716010638444,232834.39603082248,13642.312999999998,2020.7790000000005,2354.117,9267.416999999998,3314.0520000000006,10328.260999999997,24.29244952817019,2,1,1,1,0,,,,0.0,0.0,0.0,0.0,1,1,1.0,0.0,0.0,0.0,0.0,0.0,0.0,0.0,0.0,1.0
A-2021-11-97,CHOQUE FUGA,1,0,1,ICA,ICA,PUEBLO NUEVO,RURAL,CARRETERA,NACIONAL,PE-1S,-14.108721,-75.718157,DESPEJADO,RURAL,TRAMO RECTO,PLANA ,ASFALTADA,SIN_DATO,SIN_DATO,SIN_DATO,SIN_DATO,EN PROCESO DE INVESTIGACIÓN,NO CUENTA CON CAUSA ESPECIFICA,2021,11,0,0,22,NOCHE,COSTA,LEVE,0,0,6639.975,2.0,Pavimentado,Bueno,1.0,No concesionado,Eje Estructurante Sur,1616.0,110107.0,0.6017391761868336,78.042802452235,72.28583389723312,10.31007692281154,958.0333772224832,5487.43897216274,3721.461,698.1859999999996,744.866,2278.409,1102.9029999999996,2618.558,29.636290693359403,2,2,1,0,0,45.0,45.0,45.0,1.0,0.0,0.0,0.0,2,1,1.0,0.0,0.0,1.0,0.0,1.0,0.0,0.0,0.0,1.0
A-2021-11-181,ATROPELLO,1,0,1,PIURA,PIURA,CASTILLA,URBANA,CARRETERA,NACIONAL,PE-1NJ,-5.223012,-80.628987,DESPEJADO,COMERCIAL,TRAMO RECTO,PLANA ,ASFALTADA,SIN_DATO,SIN_DATO,SIN_DATO,SIN_DATO,EN PROCESO DE INVESTIGACIÓN,NO CUENTA CON CAUSA ESPECIFICA,2021,11,0,0,22,NOCHE,COSTA,LEVE,0,0,1305.18,2.0,Pavimentado,Bueno,1.0,Eje Multimodal Amazonas Norte,Corredor IIRSA Norte,163.0,200104.0,0.6220812987247925,80.20155828147696,72.71675503872983,10.02377668600292,1028.915688621886,159840.92719486082,8965.846000060003,1782.4120000599992,636.9959999999999,6546.438000000004,2214.505000059999,6751.341000000004,24.699342371541725,2,1,0,1,0,26.0,26.0,26.0,1.0,0.0,0.0,1.0,1,0,0.0,0.0,0.0,1.0,0.0,1.0,0.0,0.0,0.0,0.0
A-2021-11-145,DESPISTE,1,0,1,TUMBES,CONTRALMIRANTE VILLAR,ZORRITOS,RURAL,CARRETERA,NACIONAL,PE-1N,-3.86861030979828,-80.82938784263142,DESPEJADO,RURAL,TRAMO RECTO,PLANA ,ASFALTADA,SI,PREVENTIVA (P),SIN_DATO,NO,IMPRUDENCIA DEL CONDUCTOR,EXCESO DE VELOCIDAD,2021,11,0,0,23,NOCHE,COSTA,LEVE,0,0,6543.555,3.0,Pavimentado,Bueno,1.0,Autopista del Sol,Eje Estructurante Norte,1475.0,240201.0,0.568342833663152,74.37886913017682,68.79116494388956,9.025058202905662,964.4271707185276,11360.244111349037,1009.101,138.47399999999996,287.471,583.156,276.972,732.129,27.447401201663663,1,1,0,0,0,27.0,27.0,27.0,1.0,0.0,0.0,0.0,1,0,0.0,0.0,0.0,0.0,1.0,0.0,0.0,1.0,1.0,1.0
A-2021-11-94,DESPISTE,1,1,1,APURIMAC,ANDAHUAYLAS,KISHUARA,RURAL,CARRETERA,DEPARTAMENTAL,AP-100,-13.537237,-73.181034,LLUVIOSO,RURAL,CURVA,INCLINADA,TROCHA,SIN_DATO,SIN_DATO,SIN_DATO,SIN_DATO,INFRAESTRUCTURA Y ENTORNO VIAL,FACTOR AMBIENTAL,2021,11,1,0,0,MADRUGADA,SIERRA,LEVE,0,0,,,,,,,,,30207.0,0.2839517282860025,77.85737304722083,62.75483969163876,3.9288863488445376,243.85288035830445,7665.13704496788,8358.971,1282.451,1298.0969999999998,5778.423,1432.683,6926.288,17.139466089785454,2,1,0,0,1,42.0,42.0,42.0,1.0,0.0,0.0,0.0,1,0,0.0,1.0,0.0,0.0,0.0,0.0,1.0,0.0,0.0,0.0
A-2021-11-93,ATROPELLO,1,0,1,LA LIBERTAD,TRUJILLO,EL PORVENIR,RURAL,AVENIDA,URBANO,NO CORRESPONDE,-8.087147,-79.002193,DESPEJADO,RURAL,TRAMO RECTO,PLANA ,ASFALTADA,SIN_DATO,SIN_DATO,SIN_DATO,SIN_DATO,IMPRUDENCIA DEL PEATÓN,CRUCE INDEBIDO POR LA CALZADA,2021,11,1,0,21,NOCHE,COSTA,LEVE,0,0,,,,,,,,,130102.0,0.5628682280502054,79.35078533424159,59.07369130997599,7.880201475313533,999.8741857239928,209189.32119914345,8931.828000000005,1335.5899999999997,1935.9830000000004,5660.255000000005,1219.309,7712.519000000005,13.651281686122925,2,1,0,1,0,24.0,24.0,24.0,1.0,0.0,0.0,0.0,1,0,0.0,0.0,0.0,1.0,0.0,1.0,0.0,0.0,1.0,0.0
A-2021-12-3,ATROPELLO FUGA,1,0,1,ANCASH,RECUAY,TICAPAMPA,RURAL,CARRETERA,DEPARTAMENTAL,AN-110,-9.769422717726954,-77.40669807703932,DESPEJADO,RURAL,TRAMO RECTO,INCLINADA,ASFALTADA,SIN_DATO,SIN_DATO,SIN_DATO,SIN_DATO,IMPRUDENCIA DEL CONDUCTOR,EXCESO DE VELOCIDAD,2021,12,2,0,4,MADRUGADA,SIERRA,LEVE,0,0,,,,,,,,,21710.0,0.4608039099187538,70.02261628775264,69.66861671707858,7.842516497272776,625.3404850019753,2188.6680942184157,10767.648,1885.0630000000003,1222.721,7659.864000000001,2100.343,8667.305000000002,19.506051832303577,2,1,1,1,0,,,,0.0,0.0,0.0,0.0,1,1,1.0,0.0,0.0,0.0,0.0,0.0,0.0,0.0,0.0,1.0
A-2021-12-146,DESPISTE,2,0,1,PUNO,SANDIA,YANAHUAYA,RURAL,CARRETERA,DEPARTAMENTAL,PU-109,-14.257888433052557,-69.17696564787424,DESPEJADO,RURAL,CURVA,PLANA ,TROCHA,SIN_DATO,SIN_DATO,SIN_DATO,SIN_DATO,INFRAESTRUCTURA Y ENTORNO VIAL,OTRO (INFRAESTRUCTURA Y ENTORNO VIAL),2021,12,2,0,12,TARDE,SIERRA,GRAVE_MORTALIDAD,1,0,,,,,,,,,211208.0,0.3774724466573285,74.08911939577227,45.910498742132894,7.27912911324001,420.0091939101,1923.8993576017128,13642.312999999998,2020.7790000000005,2354.117,9267.416999999998,3314.0520000000006,10328.260999999997,24.29244952817019,2,1,0,0,1,36.0,36.0,36.0,1.0,0.0,0.0,0.0,1,0,0.0,0.0,0.0,1.0,0.0,0.0,1.0,1.0,1.0,1.0
A-2021-12-20,ESPECIAL,1,0,1,HUANCAVELICA,HUAYTARA,QUERCO,RURAL,OTRO,URBANO,NO CORRESPONDE,-13.9806977,-74.9752608,DESPEJADO,RURAL,SINUOSA,INCLINADA,ASFALTADA,SIN_DATO,SIN_DATO,SIN_DATO,SIN_DATO,EN PROCESO DE INVESTIGACIÓN,NO CUENTA CON CAUSA ESPECIFICA,2021,12,2,0,16,TARDE,SIERRA,LEVE,0,0,,,,,,,,,90608.0,0.3680468774732097,67.14175142277357,59.01286967019884,6.653719034288736,424.5816514573317,1138.1948608137045,8511.426,1445.3929999999996,2008.516,5057.516999999999,1879.579,6631.846999999998,22.08300935706896,2,1,0,1,0,,,,0.0,0.0,0.0,0.0,1,0,0.0,0.0,0.0,1.0,0.0,0.0,1.0,0.0,0.0,0.0
A-2021-12-36,CHOQUE,1,0,2,LA LIBERTAD,TRUJILLO,LA ESPERANZA,URBANA,CALLE,URBANO,NO CORRESPONDE,-8.084816,-79.038711,DESPEJADO,RESIDENCIAL,INTERSECCIÓN,PLANA ,ASFALTADA,SIN_DATO,SIN_DATO,SIN_DATO,SIN_DATO,IMPRUDENCIA DEL CONDUCTOR,CONDUCIR EN ESTADO DE EBRIEDAD Y/O DROGADICCIÓN,2021,12,2,0,16,TARDE,COSTA,LEVE,0,0,,,,,,,,,130105.0,0.5961574154611067,78.8610661942771,67.40352037574897,9.291971962737568,1010.620438228636,197397.5888650964,8931.828000000005,1335.5899999999997,1935.9830000000004,5660.255000000005,1219.309,7712.519000000005,13.651281686122925,2,2,0,0,0,50.0,39.0,61.0,1.0,0.0,0.0,0.0,2,0,0.0,0.0,0.0,1.0,1.0,1.0,0.0,0.0,0.0,1.0
A-2021-12-145,CHOQUE,2,0,2,CUSCO,QUISPICANCHI,OROPESA,RURAL,CARRETERA,NACIONAL,PE-3S,-13.595791849235129,-71.78020456935981,DESPEJADO,RURAL,TRAMO RECTO,PLANA ,ASFALTADA,SIN_DATO,SIN_DATO,SIN_DATO,SIN_DATO,IMPRUDENCIA DEL CONDUCTOR,EXCESO DE VELOCIDAD,2021,12,2,0,17,TARDE,SIERRA,GRAVE_MORTALIDAD,1,0,7586.903,2.0,Pavimentado,Bueno,1.0,No concesionado,CO 10: Abancay - Ayacucho- Huancayo- La Oroya,1198.0,81211.0,0.5065580412535501,64.79370905469777,77.15417383818448,8.35812941450031,844.3117831870799,8658.316916488222,17779.13499998999,2097.3709999899997,2863.123,12818.640999999989,2878.713,14900.421999989989,16.19152450331032,3,2,0,0,1,40.5,20.0,61.0,1.0,0.0,0.0,1.0,2,0,0.0,0.0,0.0,1.0,1.0,0.0,1.0,0.0,1.0,1.0
A-2021-12-214,VOLCADURA,1,0,1,LIMA,LIMA,SAN JUAN DE LURIGANCHO,URBANA,AVENIDA,URBANO,NO CORRESPONDE,-11.982914,-76.993324,DESPEJADO,RESIDENCIAL,TRAMO RECTO,PLANA ,ASFALTADA,SI,PREVENTIVA (P),SIN_DATO,SI,IMPRUDENCIA DEL CONDUCTOR,OTRO (IMPRUDENCIA DEL CONDUCTOR),2021,12,2,0,17,TARDE,COSTA,LEVE,0,0,,,,,,,,,150132.0,0.701053025277506,79.62867561460851,73.1469484600971,10.064317505194426,1464.6926161541437,1150285.0494171206,7626.313,1683.4029999999998,1599.0829999999996,4343.827000000001,1814.875,5811.438000000001,23.797541485643197,2,2,0,0,0,57.0,57.0,57.0,1.0,1.0,0.0,0.0,2,0,0.0,1.0,0.0,1.0,1.0,0.0,1.0,0.0,1.0,0.0
A-2021-12-1,CHOQUE,1,0,2,ICA,ICA,LOS AQUIJES,RURAL,AVENIDA,URBANO,NO CORRESPONDE,-14.097228,-75.699109,DESPEJADO,RURAL,CURVA,PLANA ,ASFALTADA,SIN_DATO,SIN_DATO,SIN_DATO,SIN_DATO,EN PROCESO DE INVESTIGACIÓN,NO CUENTA CON CAUSA ESPECIFICA,2021,12,2,0,20,NOCHE,COSTA,LEVE,0,0,,,,,,,,,110103.0,0.6321366370204364,78.1199401919606,75.66178721857658,9.921443363677442,1104.135489339046,22115.385438972164,3721.461,698.1859999999996,744.866,2278.409,1102.9029999999996,2618.558,29.636290693359403,2,2,0,0,0,46.0,31.0,61.0,1.0,0.0,0.0,1.0,2,0,0.0,1.0,0.0,0.0,0.0,1.0,1.0,0.0,1.0,0.0
A-2021-12-32,CHOQUE,1,0,2,TUMBES,TUMBES,LA CRUZ,RURAL,CARRETERA,NACIONAL,PE-1N,-3.6307421369780535,-80.57235174136059,DESPEJADO,RURAL,TRAMO RECTO,PLANA ,ASFALTADA,SIN_DATO,SIN_DATO,SIN_DATO,SIN_DATO,IMPRUDENCIA DEL CONDUCTOR,EXCESO DE VELOCIDAD,2021,12,3,0,8,MAÑANA,COSTA,LEVE,0,0,6543.555,3.0,Pavimentado,Bueno,1.0,Autopista del Sol,Eje Estructurante Norte,1475.0,240103.0,0.5933967853231009,76.15936550169532,71.30685044051863,9.05807019629612,1035.567875099288,9240.781584582444,1009.101,138.47399999999996,287.471,583.156,276.972,732.129,27.447401201663663,2,2,0,0,0,57.5,40.0,75.0,1.0,0.0,0.0,1.0,2,0,0.0,1.0,0.0,1.0,1.0,0.0,1.0,0.0,1.0,0.0
A-2021-12-215,CHOQUE,1,0,1,LIMA,LIMA,LURIGANCHO,URBANA,AUTOPISTA,URBANO,NO CORRESPONDE,-12.011532,-76.891939,DESPEJADO,RESIDENCIAL,TRAMO RECTO,INCLINADA,ASFALTADA,SIN_DATO,SIN_DATO,SIN_DATO,SIN_DATO,EN PROCESO DE INVESTIGACIÓN,NO CUENTA CON CAUSA ESPECIFICA,2021,12,3,0,17,TARDE,COSTA,LEVE,0,0,,,,,,,,,150118.0,0.6831952456039544,78.60873873772867,74.49000793376607,10.00420210847705,1376.0472418044385,255143.7301927195,7626.313,1683.4029999999998,1599.0829999999996,4343.827000000001,1814.875,5811.438000000001,23.797541485643197,2,2,0,0,0,34.0,34.0,34.0,1.0,1.0,0.0,0.0,2,0,0.0,0.0,0.0,1.0,0.0,1.0,1.0,0.0,1.0,0.0
A-2021-12-160,ATROPELLO FUGA,1,0,0,LAMBAYEQUE,LAMBAYEQUE,MOTUPE,URBANA,CARRETERA,NACIONAL,PE-1NJ,-6.1537335,-79.7078371,DESPEJADO,COMERCIAL,TRAMO RECTO,PLANA ,ASFALTADA,SIN_DATO,SIN_DATO,SIN_DATO,SIN_DATO,EN PROCESO DE INVESTIGACIÓN,NO CUENTA CON CAUSA ESPECIFICA,2021,12,3,0,20,NOCHE,COSTA,LEVE,0,0,1305.18,2.0,Pavimentado,Bueno,1.0,Eje Multimodal Amazonas Norte,Corredor IIRSA Norte,163.0,140307.0,0.4974674218418852,75.93907983080418,58.3357972839862,7.69595447676265,761.2908213145297,28734.96573875803,3459.691,515.0619999999999,689.7280000000001,2254.901,703.3549999999999,2756.336,20.329994788551925,2,1,1,1,0,,,,0.0,0.0,0.0,0.0,1,1,1.0,0.0,0.0,0.0,0.0,0.0,0.0,0.0,0.0,1.0
A-2021-12-79,ATROPELLO FUGA,1,0,1,PIURA,PIURA,CASTILLA,RURAL,CARRETERA,DEPARTAMENTAL,PI-126,-5.10173505,-80.5979354,DESPEJADO,RURAL,TRAMO RECTO,PLANA ,ASFALTADA,SIN_DATO,SIN_DATO,SIN_DATO,SIN_DATO,EN PROCESO DE INVESTIGACIÓN,NO CUENTA CON CAUSA ESPECIFICA,2021,12,3,0,20,NOCHE,COSTA,LEVE,0,0,,,,,,,,,200104.0,0.6220812987247925,80.20155828147696,72.71675503872983,10.02377668600292,1028.915688621886,159840.92719486082,8965.846000060003,1782.4120000599992,636.9959999999999,6546.438000000004,2214.505000059999,6751.341000000004,24.699342371541725,2,1,1,1,0,,,,0.0,0.0,0.0,0.0,1,1,1.0,0.0,0.0,0.0,0.0,0.0,0.0,0.0,0.0,1.0
A-2021-12-19,ATROPELLO FUGA,1,0,1,SAN MARTIN,MOYOBAMBA,JEPELACIO,URBANA,CARRETERA,NACIONAL,PE-5N,-6.127369,-76.843872,DESPEJADO,RURAL,TRAMO RECTO,INCLINADA,ASFALTADA,NO,SIN_DATO,SIN_DATO,NO,IMPRUDENCIA DEL CONDUCTOR,OTRO (IMPRUDENCIA DEL CONDUCTOR),2021,12,4,0,5,MADRUGADA,SELVA,LEVE,0,0,7758.33400008,2.0,Pavimentado,Bueno,1.0,No concesionado,Corredor IIRSA Norte,2133.0,220104.0,0.3492524985551798,73.87945975179423,47.35782955662357,4.584830643679292,457.969668231556,16120.93790149893,5645.136,815.0759999999999,965.298,3864.762,1013.406,4631.73,17.95184385283189,2,1,0,1,0,33.0,33.0,33.0,1.0,0.0,1.0,1.0,1,0,0.0,0.0,0.0,1.0,0.0,0.0,1.0,0.0,0.0,0.0
A-2021-12-125,DESPISTE,1,3,1,PIURA,PIURA,CASTILLA,RURAL,CARRETERA,NACIONAL,PE-1NJ,-5.157905,-80.498647,DESPEJADO,RURAL,TRAMO RECTO,INCLINADA,ASFALTADA,SIN_DATO,SIN_DATO,SIN_DATO,SIN_DATO,EN PROCESO DE INVESTIGACIÓN,NO CUENTA CON CAUSA ESPECIFICA,2021,12,4,0,6,MAÑANA,COSTA,GRAVE_LESIONADOS,0,1,1305.18,2.0,Pavimentado,Bueno,1.0,Eje Multimodal Amazonas Norte,Corredor IIRSA Norte,163.0,200104.0,0.6220812987247925,80.20155828147696,72.71675503872983,10.02377668600292,1028.915688621886,159840.92719486082,8965.846000060003,1782.4120000599992,636.9959999999999,6546.438000000004,2214.505000059999,6751.341000000004,24.699342371541725,4,1,0,0,3,28.0,28.0,28.0,1.0,0.0,0.0,1.0,1,0,0.0,0.0,0.0,1.0,0.0,0.0,1.0,0.0,1.0,0.0
A-2021-12-277,VOLCADURA,1,1,1,APURIMAC,ABANCAY,LAMBRAMA,RURAL,CARRETERA,PROVINCIAL,AP-833,-13.731927162618453,-72.87942252312583,SIN_DATO,SIN_DATO,SIN_DATO,SIN_DATO,SIN_DATO,SIN_DATO,SIN_DATO,SIN_DATO,SIN_DATO,EN PROCESO DE INVESTIGACIÓN,NO CUENTA CON CAUSA ESPECIFICA,2021,12,4,0,12,TARDE,SIERRA,LEVE,0,0,,,,,,,,,30106.0,0.3370056047597859,70.05724875416726,65.1043188096213,4.455843522984004,395.04178500940327,4161.494646680942,8358.971,1282.451,1298.0969999999998,5778.423,1432.683,6926.288,17.139466089785454,2,1,0,0,1,28.0,28.0,28.0,1.0,1.0,0.0,0.0,1,0,0.0,1.0,0.0,0.0,1.0,0.0,0.0,1.0,1.0,1.0
A-2021-12-6,DESPISTE,2,1,1,APURIMAC,ANDAHUAYLAS,HUANCARAMA,RURAL,CARRETERA,NACIONAL,PE-3S,-13.641459,-73.097459,LLUVIOSO,RURAL,CURVA,PLANA ,AFIRMADO,NO,SIN_DATO,SIN_DATO,SI,IMPRUDENCIA DEL CONDUCTOR,EXCESO DE VELOCIDAD,2021,12,4,0,15,TARDE,SIERRA,GRAVE_MORTALIDAD,1,0,7586.903,2.0,Pavimentado,Bueno,1.0,No concesionado,CO 10: Abancay - Ayacucho- Huancayo- La Oroya,1198.0,30204.0,0.3578205954835702,70.81186921086326,57.26773782397438,4.934940528666231,450.96871553721166,5992.246252676659,8358.971,1282.451,1298.0969999999998,5778.423,1432.683,6926.288,17.139466089785454,3,1,0,0,2,43.0,43.0,43.0,1.0,0.0,0.0,0.0,1,0,0.0,0.0,0.0,1.0,0.0,1.0,0.0,0.0,1.0,0.0
A-2021-12-4,ATROPELLO,1,0,1,ANCASH,HUARI,MASIN,RURAL,CARRETERA,PROVINCIAL,AN-665,-9.364948549731489,-77.09565316427269,SOLEADO,RURAL,CURVA,INCLINADA,AFIRMADO,SIN_DATO,SIN_DATO,SIN_DATO,SIN_DATO,IMPRUDENCIA DEL PEATÓN,CRUCE INDEBIDO POR LA CALZADA,2021,12,4,0,17,TARDE,SIERRA,LEVE,0,0,,,,,,,,,21009.0,0.3513848742242688,77.65814071230194,21.78761459088128,5.839917289146716,524.4461706845484,1215.644539614561,10767.648,1885.0630000000003,1222.721,7659.864000000001,2100.343,8667.305000000002,19.506051832303577,2,1,0,1,0,40.0,40.0,40.0,1.0,1.0,0.0,1.0,1,0,0.0,1.0,0.0,0.0,0.0,0.0,1.0,0.0,1.0,0.0
A-2021-12-88,DESPISTE,1,2,1,APURIMAC,ANDAHUAYLAS,HUANCARAY,RURAL,CARRETERA,SIN CLASIFICAR,SIN CLASIFICAR,-13.730434,-73.533048,SIN_DATO,SIN_DATO,SIN_DATO,SIN_DATO,SIN_DATO,SIN_DATO,SIN_DATO,SIN_DATO,SIN_DATO,EN PROCESO DE INVESTIGACIÓN,NO CUENTA CON CAUSA ESPECIFICA,2021,12,4,0,20,NOCHE,SIERRA,LEVE,0,0,,,,,,,,,30205.0,0.3408071739097474,75.23025262685168,58.376232555499925,4.10569488726491,413.5769933900037,4035.9079229122062,8358.971,1282.451,1298.0969999999998,5778.423,1432.683,6926.288,17.139466089785454,3,1,0,0,2,52.0,52.0,52.0,1.0,1.0,0.0,0.0,1,0,0.0,1.0,0.0,0.0,0.0,0.0,1.0,1.0,1.0,1.0