CODIGO_SINIESTRO,CLASE SINIESTRO,CANTIDAD DE FALLECIDOS,CANTIDAD DE LESIONADOS,CANTIDAD DE VEHICULOS DAÑADOS,DEPARTAMENTO,PROVINCIA,DISTRITO,ZONA,TIPO DE VÍA,RED VIAL,COD CARRETERA,COORDENADAS LATITUD,COORDENADAS  LONGITUD,CONDICIÓN CLIMÁTICA,ZONIFICACIÓN,CARACTERÍSTICAS DE VÍA,PERFIL LONGITUDINAL VÍA,SUPERFICIE DE CALZADA,¿EXISTE SEÑAL VERTICAL?,CLASIFICACIÓN DE LA SEÑAL VERTICAL Nº 1,CLASIFICACIÓN DE LA SEÑAL VERTICAL Nº 2,¿EXISTE SEÑAL HORIZONTAL?,CAUSA FACTOR PRINCIPAL,CAUSA ESPECÍFICA,AÑO,MES,DIA_SEMANA,ES_FIN_SEMANA,HORA_NUM,FRANJA_HORARIA,REGION_NATURAL,CATEGORIA_SEVERIDAD,MORTALIDAD_MULTIPLE,LESION_MULTIPLE,MTC_RVN_LONGITUD_KM,MTC_RVN_N_CARRILES_MEDIANA,MTC_RVN_SUPERFICIE_DOMINANTE,MTC_RVN_ESTADO_DOMINANTE,MTC_RVN_ES_CONCESIONADA,MTC_RVN_CONCESION_PRINCIPAL,MTC_RVN_CORREDOR_LOGISTICO,MTC_RVN_N_TRAMOS,IDH_UBIGEO,IDH_2019,IDH_ESP_VIDA_2019,IDH_EDUC_SECUND_PCT_2019,IDH_ANIOS_EDUC_2019,IDH_INGRESO_PERCAP_2019,IDH_POBLACION_2019,MTC_DEP_RED_TOTAL_KM,MTC_DEP_NACIONAL_TOTAL_KM,MTC_DEP_DEPARTAMENTAL_TOTAL_KM,MTC_DEP_VECINAL_TOTAL_KM,MTC_DEP_PAV_TOTAL_KM,MTC_DEP_NO_PAV_TOTAL_KM,MTC_DEP_PCT_PAVIMENTADA,PER_TOTAL_PERSONAS,PER_N_CONDUCTORES,PER_N_CONDUCTORES_FUGADOS,PER_N_PEATONES,PER_N_PASAJEROS_OCUPANTES,PER_EDAD_COND_PROM,PER_EDAD_COND_MIN,PER_EDAD_COND_MAX,PER_ANY_COND_MASCULINO,PER_ANY_LIC_PROBLEMA,PER_ANY_DOSAJE_POS,PER_ANY_DOSAJE_EVALUADO,VEH_TOTAL,VEH_N_FUGADOS,VEH_ANY_FUGADO,VEH_ANY_CARGA,VEH_ANY_PUBLICO,VEH_ANY_PARTICULAR,VEH_ANY_MOTO,VEH_ANY_AUTO,VEH_ANY_CAMION_BUS,VEH_ANY_SOAT_PROBLEMA,VEH_ANY_CITV_PROBLEMA,VEH_ANY_SEGURO_PROBLEMA
A-2022-01-308,DESPISTE,1,0,1,JUNIN,HUANCAYO,HUANCAYO,URBANA,JIRÓN,URBANO,NO CORRESPONDE,-12.0611598,-75.2031727,DESPEJADO,RESIDENCIAL,INTERSECCIÓN,PLANA ,ASFALTADA,SI,PREVENTIVA (P),SIN_DATO,NO,IMPRUDENCIA DEL CONDUCTOR,CONDUCIR EN ESTADO DE EBRIEDAD Y/O DROGADICCIÓN,2022,1,3,0,1,MADRUGADA,SIERRA,LEVE,0,0,,,,,,,,,120101.0,0.6083413875375813,71.66982597817598,76.35118091119013,11.05243180238688,1046.538532645036,119236.36616702356,12264.545,1826.4639999999995,1105.5389999999998,9332.542,1588.5359999999996,10676.009,12.952261987705208,2,1,0,0,1,20.0,20.0,20.0,1.0,0.0,1.0,1.0,1,0,0.0,0.0,0.0,1.0,1.0,0.0,0.0,0.0,1.0,0.0
A-2022-01-184,DESPISTE,1,0,1,LA LIBERTAD,OTUZCO,CHARAT,RURAL,CARRETERA,DEPARTAMENTAL,LI-113,-7.838403,-78.467516,LLUVIOSO,RURAL,TRAMO RECTO,PLANA ,AFIRMADO,SIN_DATO,SIN_DATO,SIN_DATO,SIN_DATO,EN PROCESO DE INVESTIGACIÓN,NO CUENTA CON CAUSA ESPECIFICA,2022,1,3,0,4,MADRUGADA,COSTA,LEVE,0,0,,,,,,,,,130604.0,0.2250929654631699,75.55364054751279,35.65104550731129,4.499984263013475,163.15304408400866,2258.758029978587,8931.828000000005,1335.5899999999997,1935.9830000000004,5660.255000000005,1219.309,7712.519000000005,13.651281686122925,1,1,0,0,0,20.0,20.0,20.0,1.0,0.0,0.0,0.0,1,0,0.0,1.0,0.0,0.0,0.0,0.0,1.0,0.0,0.0,0.0
A-2022-01-301,CHOQUE,1,1,2,LA LIBERTAD,TRUJILLO,TRUJILLO,URBANA,AVENIDA,URBANO,NO CORRESPONDE,-8.106805,-79.046712,DESPEJADO,COMERCIAL,INTERSECCIÓN,PLANA ,ASFALTADA,SIN_DATO,SIN_DATO,SIN_DATO,SIN_DATO,IMPRUDENCIA DEL CONDUCTOR,CONDUCIR EN ESTADO DE EBRIEDAD Y/O DROGADICCIÓN,2022,1,3,0,5,MADRUGADA,COSTA,LEVE,0,0,,,,,,,,,130101.0,0.7151155191839451,79.57652607829836,77.25576500264712,11.809756866444314,1377.9438475528384,331253.00214132766,8931.828000000005,1335.5899999999997,1935.9830000000004,5660.255000000005,1219.309,7712.519000000005,13.651281686122925,3,2,0,0,1,32.5,27.0,38.0,1.0,1.0,0.0,0.0,2,0,0.0,0.0,1.0,1.0,1.0,0.0,0.0,0.0,0.0,0.0
A-2022-01-310,DESPISTE,1,0,1,HUANUCO,LEONCIO PRADO,LUYANDO,RURAL,CARRETERA,NACIONAL,PE-18A,-9.238196,-75.990316,DESPEJADO,COMERCIAL,TRAMO RECTO,PLANA ,ASFALTADA,SIN_DATO,SIN_DATO,SIN_DATO,SIN_DATO,IMPRUDENCIA DEL CONDUCTOR,EXCESO DE VELOCIDAD,2022,1,3,0,7,MAÑANA,SIERRA,LEVE,0,0,693.175,2.0,Pavimentado,Regular,0.0,No concesionado,CO 3: Lima - La Oroya- Cerro de Pasco- Hußnuco- Tingo María - Pucallpa,249.0,100605.0,0.4269770991859911,73.17900460022256,55.27872546999557,6.353018592032589,602.5962895990077,10103.443254817988,8209.057,1333.4779999999996,791.9770000000001,6083.602,1059.8589999999997,7149.198,12.910849565303296,1,1,0,0,0,74.0,74.0,74.0,1.0,0.0,0.0,0.0,1,0,0.0,0.0,0.0,1.0,0.0,0.0,0.0,1.0,1.0,1.0
A-2022-01-325,CHOQUE,1,5,4,HUANUCO,HUANUCO,PILLCO MARCA,URBANA,CARRETERA,NACIONAL,PE-3N,-9.949219,-76.250995,DESPEJADO,ESCOLAR,TRAMO RECTO,PLANA ,ASFALTADA,SIN_DATO,SIN_DATO,SIN_DATO,SIN_DATO,IMPRUDENCIA DEL CONDUCTOR,GIRAR IMPRUDENTEMENTE,2022,1,3,0,21,NOCHE,SIERRA,GRAVE_LESIONADOS,0,1,9936.932,2.0,Pavimentado,Bueno,1.0,No concesionado,No corresponde,3830.0,100111.0,0.6216164930359083,73.83445245401661,82.32001856648495,9.834238570262777,1100.9295903910202,39141.07922912206,8209.057,1333.4779999999996,791.9770000000001,6083.602,1059.8589999999997,7149.198,12.910849565303296,8,4,0,0,4,32.0,24.0,51.0,1.0,1.0,0.0,1.0,4,0,0.0,0.0,1.0,1.0,1.0,1.0,0.0,1.0,1.0,1.0
A-2022-01-230,ATROPELLO,1,0,1,SAN MARTIN,SAN MARTIN,MORALES,URBANA,CARRETERA,NACIONAL,PE-5N,-6.486156,-76.39055,DESPEJADO,COMERCIAL,TRAMO RECTO,PLANA ,ASFALTADA,SIN_DATO,SIN_DATO,SIN_DATO,SIN_DATO,IMPRUDENCIA DEL CONDUCTOR,CONDUCIR EN ESTADO DE EBRIEDAD Y/O DROGADICCIÓN,2022,1,4,0,2,MADRUGADA,SELVA,LEVE,0,0,7758.33400008,2.0,Pavimentado,Bueno,1.0,No concesionado,Corredor IIRSA Norte,2133.0,220910.0,0.657413538429829,72.9282426214375,76.63007978148195,9.765102989696064,1372.3387690440495,31687.78158458244,5645.136,815.0759999999999,965.298,3864.762,1013.406,4631.73,17.95184385283189,2,1,0,1,0,39.0,39.0,39.0,1.0,0.0,1.0,1.0,1,0,0.0,0.0,0.0,1.0,0.0,0.0,1.0,0.0,1.0,0.0
A-2022-01-199,CHOQUE FUGA,1,0,1,AREQUIPA,CAYLLOMA,MAJES,URBANA,CARRETERA,DEPARTAMENTAL,AR-108,-16.332534,-72.203831,DESPEJADO,RESIDENCIAL,TRAMO RECTO,PLANA ,ASFALTADA,SIN_DATO,SIN_DATO,SIN_DATO,SIN_DATO,EN PROCESO DE INVESTIGACIÓN,NO CUENTA CON CAUSA ESPECIFICA,2022,1,4,0,6,MAÑANA,COSTA,LEVE,0,0,,,,,,,,,40520.0,0.6077843615696785,76.53072135400231,69.81276959706165,8.77367759087771,1135.5159013374655,74658.55888650964,10322.272,1495.236,1749.739,7077.2970000000005,2886.595,7435.677000000001,27.964725207783708,2,2,1,0,0,67.0,67.0,67.0,1.0,0.0,0.0,0.0,2,1,1.0,0.0,0.0,1.0,0.0,0.0,0.0,0.0,1.0,1.0
A-2022-01-139,CHOQUE,1,1,2,PUNO,EL COLLAO,ILAVE,RURAL,CARRETERA,NACIONAL,PE-38A,-16.24095244075126,-69.68082364939654,DESPEJADO,RURAL,INTERSECCIÓN,PLANA ,AFIRMADO,SI,PREVENTIVA (P),SIN_DATO,NO,IMPRUDENCIA DEL CONDUCTOR,OTRO (IMPRUDENCIA DEL CONDUCTOR),2022,1,4,0,9,MAÑANA,SIERRA,LEVE,0,0,417.30000000000007,1.0,Afirmado,Regular,0.0,No concesionado,No corresponde,52.0,210501.0,0.4020198374784472,77.80062735845667,75.295761294875,7.279851651626652,372.63390314535104,50686.62526766595,13642.312999999998,2020.7790000000005,2354.117,9267.416999999998,3314.0520000000006,10328.260999999997,24.29244952817019,3,2,0,0,1,72.5,67.0,78.0,1.0,0.0,0.0,0.0,2,0,0.0,0.0,0.0,1.0,1.0,0.0,1.0,0.0,1.0,1.0
A-2022-01-332,CHOQUE,1,0,2,JUNIN,JAUJA,JAUJA,URBANA,AVENIDA,URBANO,NO CORRESPONDE,-11.77893,-75.4977,DESPEJADO,RURAL,INTERSECCIÓN,PLANA ,ASFALTADA,SIN_DATO,SIN_DATO,SIN_DATO,SIN_DATO,IMPRUDENCIA DEL CONDUCTOR,NO ESTABLECER EL DERECHO DE PASO,2022,1,4,0,11,MAÑANA,SIERRA,LEVE,0,0,,,,,,,,,120401.0,0.5793345244831453,70.26773017152715,73.92845349337222,10.396400147076845,984.6153728015668,14305.199143468952,12264.545,1826.4639999999995,1105.5389999999998,9332.542,1588.5359999999996,10676.009,12.952261987705208,2,2,0,0,0,67.0,60.0,74.0,1.0,0.0,0.0,1.0,2,0,0.0,0.0,0.0,1.0,0.0,0.0,1.0,1.0,1.0,1.0
A-2022-01-274,DESPISTE,1,0,1,PUNO,MELGAR,AYAVIRI,RURAL,CARRETERA,NACIONAL,PE-3S,-14.954512,-70.5146254,DESPEJADO,RURAL,TRAMO RECTO,PLANA ,ASFALTADA,SIN_DATO,SIN_DATO,SIN_DATO,SIN_DATO,IMPRUDENCIA DEL CONDUCTOR,CONDUCIR EN SENTIDO CONTRARIO,2022,1,4,0,18,NOCHE,SIERRA,LEVE,0,0,7586.903,2.0,Pavimentado,Bueno,1.0,No concesionado,CO 10: Abancay - Ayacucho- Huancayo- La Oroya,1198.0,210801.0,0.5324613279457675,72.39987766754832,76.2817294955702,8.981479623970959,793.3716794826516,21194.194860813703,13642.312999999998,2020.7790000000005,2354.117,9267.416999999998,3314.0520000000006,10328.260999999997,24.29244952817019,2,1,0,0,1,38.0,38.0,38.0,1.0,0.0,0.0,1.0,1,0,0.0,0.0,0.0,1.0,0.0,0.0,1.0,1.0,1.0,1.0
A-2022-01-339,ATROPELLO FUGA,1,3,2,ICA,CHINCHA,TAMBO DE MORA,RURAL,CARRETERA,NACIONAL,PE-1SE,-13.48064866882319,-76.18441131162028,DESPEJADO,RURAL,TRAMO RECTO,PLANA ,ASFALTADA,SIN_DATO,SIN_DATO,SIN_DATO,SIN_DATO,IMPRUDENCIA DEL PEATÓN,CRUCE INDEBIDO POR LA CALZADA,2022,1,4,0,19,NOCHE,COSTA,GRAVE_LESIONADOS,0,1,205.54999999999995,-1.0,Pavimentado,Bueno,1.0,Red Vial N° 6 - Tramo Vial: Puente Pucusana - Cerro Azul  Ica,Eje Estructurante Sur,15.0,110211.0,0.5935454717688132,79.82270610044196,65.40471106456853,9.554430232416086,978.9182940808604,5314.299785867237,3721.461,698.1859999999996,744.866,2278.409,1102.9029999999996,2618.558,29.636290693359403,5,2,0,1,2,46.0,43.0,49.0,1.0,0.0,0.0,0.0,2,0,0.0,0.0,0.0,1.0,0.0,1.0,0.0,0.0,0.0,0.0
A-2022-01-269,ATROPELLO FUGA,1,0,0,LIMA,LIMA,RIMAC,URBANA,CARRETERA,NACIONAL,PE-1N,-12.042152628931484,-77.02061367069078,DESPEJADO,INDUSTRIAL,INTERSECCIÓN,INCLINADA,ASFALTADA,SIN_DATO,SIN_DATO,SIN_DATO,SIN_DATO,EN PROCESO DE INVESTIGACIÓN,NO CUENTA CON CAUSA ESPECIFICA,2022,1,4,0,23,NOCHE,COSTA,LEVE,0,0,6543.555,3.0,Pavimentado,Bueno,1.0,Autopista del Sol,Eje Estructurante Norte,1475.0,150128.0,0.7300036506368504,80.21724456394445,75.11639588359114,10.636845733066124,1559.041185521695,156759.78800856532,7626.313,1683.4029999999998,1599.0829999999996,4343.827000000001,1814.875,5811.438000000001,23.797541485643197,2,1,1,1,0,,,,0.0,0.0,0.0,0.0,1,1,1.0,0.0,0.0,0.0,0.0,0.0,0.0,0.0,0.0,1.0
A-2022-01-322,DESPISTE,1,0,1,ANCASH,YUNGAY,QUILLO,RURAL,CARRETERA,SIN CLASIFICAR,SIN CLASIFICAR,-9.326317715393536,-78.0123802080485,DESPEJADO,RURAL,SINUOSA,INCLINADA,TROCHA,SIN_DATO,SIN_DATO,SIN_DATO,SIN_DATO,EN PROCESO DE INVESTIGACIÓN,NO CUENTA CON CAUSA ESPECIFICA,2022,1,5,1,5,MADRUGADA,SIERRA,LEVE,0,0,,,,,,,,,22005.0,0.1341229023804497,73.70592388887701,20.198474305215143,2.424900969322656,112.70957016518628,13029.265524625269,10767.648,1885.0630000000003,1222.721,7659.864000000001,2100.343,8667.305000000002,19.506051832303577,1,1,0,0,0,38.0,38.0,38.0,1.0,0.0,0.0,1.0,1,0,0.0,0.0,0.0,0.0,0.0,0.0,1.0,0.0,1.0,0.0
A-2022-01-309,ATROPELLO,1,0,1,JUNIN,HUANCAYO,EL TAMBO,URBANA,CARRETERA,NACIONAL,PE-3S,-12.029801,-75.234779,DESPEJADO,COMERCIAL,TRAMO RECTO,PLANA ,ASFALTADA,SIN_DATO,SIN_DATO,SIN_DATO,SIN_DATO,IMPRUDENCIA DEL PEATÓN,CRUCE INDEBIDO POR LA CALZADA,2022,1,5,1,11,MAÑANA,SIERRA,LEVE,0,0,7586.903,2.0,Pavimentado,Bueno,1.0,No concesionado,CO 10: Abancay - Ayacucho- Huancayo- La Oroya,1198.0,120114.0,0.6349620447591086,73.34739425042062,78.85040671556425,11.216598893401857,1118.0127433957432,167365.50535331905,12264.545,1826.4639999999995,1105.5389999999998,9332.542,1588.5359999999996,10676.009,12.952261987705208,2,1,0,1,0,37.0,37.0,37.0,1.0,0.0,0.0,1.0,1,0,0.0,1.0,0.0,0.0,0.0,0.0,1.0,0.0,0.0,0.0
A-2022-01-258,CHOQUE,1,0,2,CUSCO,ESPINAR,OCORURO,RURAL,CARRETERA,NACIONAL,PE-34J,-15.048068904848686,-71.13118878631418,NUBLADO,RURAL,TRAMO RECTO,PLANA ,ASFALTADA,SIN_DATO,SIN_DATO,SIN_DATO,SIN_DATO,IMPERICIA DEL CONDUCTOR,SIN_DATO,2022,1,5,1,15,TARDE,SIERRA,LEVE,0,0,568.5409999999999,1.0,Pavimentado,Regular,0.0,No concesionado,Alimentador del corredor logístico 05,93.0,80804.0,0.3491291336434085,68.34579473193322,63.63866309000273,4.984551874124405,419.36068685534286,1114.627408993576,17779.13499998999,2097.3709999899997,2863.123,12818.640999999989,2878.713,14900.421999989989,16.19152450331032,2,2,0,0,0,44.5,24.0,65.0,1.0,0.0,0.0,1.0,2,0,0.0,0.0,1.0,1.0,0.0,0.0,1.0,0.0,0.0,0.0
A-2022-01-328,CHOQUE,2,0,2,HUANUCO,HUANUCO,SANTA MARIA DEL VALLE,URBANA,CARRETERA,NACIONAL,PE-18A,-9.842552,-76.136056,DESPEJADO,RURAL,CURVA,PLANA ,ASFALTADA,SIN_DATO,SIN_DATO,SIN_DATO,SIN_DATO,IMPRUDENCIA DEL CONDUCTOR,OTRO (IMPRUDENCIA DEL CONDUCTOR),2022,1,5,1,15,TARDE,SIERRA,GRAVE_MORTALIDAD,1,0,693.175,2.0,Pavimentado,Regular,0.0,No concesionado,CO 3: Lima - La Oroya- Cerro de Pasco- Hußnuco- Tingo María - Pucallpa,249.0,100109.0,0.2701271812620781,78.99632616468793,40.65596023782675,3.4667415641353267,282.147800757365,19017.89935760172,8209.057,1333.4779999999996,791.9770000000001,6083.602,1059.8589999999997,7149.198,12.910849565303296,2,2,0,0,0,44.5,25.0,64.0,1.0,0.0,0.0,0.0,2,0,0.0,0.0,0.0,1.0,1.0,0.0,0.0,1.0,0.0,1.0
A-2022-01-259,CHOQUE,1,0,2,LA LIBERTAD,TRUJILLO,EL PORVENIR,URBANA,AVENIDA,URBANO,NO CORRESPONDE,-8.08562,-79.001736,DESPEJADO,COMERCIAL,INTERSECCIÓN,PLANA ,ASFALTADA,SIN_DATO,SIN_DATO,SIN_DATO,SIN_DATO,IMPRUDENCIA DEL CONDUCTOR,NO ESTABLECER EL DERECHO DE PASO,2022,1,5,1,16,TARDE,COSTA,LEVE,0,0,,,,,,,,,130102.0,0.5628682280502054,79.35078533424159,59.07369130997599,7.880201475313533,999.8741857239928,209189.32119914345,8931.828000000005,1335.5899999999997,1935.9830000000004,5660.255000000005,1219.309,7712.519000000005,13.651281686122925,3,2,0,0,1,40.5,31.0,50.0,1.0,0.0,0.0,0.0,2,0,0.0,0.0,0.0,1.0,1.0,1.0,0.0,0.0,0.0,0.0
A-2022-01-214,CHOQUE FUGA,1,0,2,SAN MARTIN,RIOJA,NUEVA CAJAMARCA,URBANA,CARRETERA,NACIONAL,PE-5N,-5.927639,-77.314049,DESPEJADO,COMERCIAL,TRAMO RECTO,PLANA ,ASFALTADA,SIN_DATO,SIN_DATO,SIN_DATO,SIN_DATO,NEGLIGENCIA DEL CONDUCTOR,OTRO (NEGLIGENCIA DEL CONDUCTOR),2022,1,5,1,21,NOCHE,SELVA,LEVE,0,0,7758.33400008,2.0,Pavimentado,Bueno,1.0,No concesionado,Corredor IIRSA Norte,2133.0,220804.0,0.4789759027469384,73.43778249935497,54.01635312204597,6.285279694551369,847.2910954428505,47552.6295503212,5645.136,815.0759999999999,965.298,3864.762,1013.406,4631.73,17.95184385283189,2,2,1,0,0,28.0,28.0,28.0,1.0,0.0,0.0,0.0,2,0,0.0,0.0,0.0,1.0,1.0,0.0,1.0,0.0,1.0,1.0
A-2022-01-326,DESPISTE,2,3,1,HUANUCO,HUANUCO,CHURUBAMBA,RURAL,CARRETERA,PROVINCIAL,HU-788,-9.805828,-76.132483,DESPEJADO,RURAL,TRAMO RECTO,INCLINADA,TROCHA,SIN_DATO,SIN_DATO,SIN_DATO,SIN_DATO,IMPRUDENCIA DEL CONDUCTOR,OTRO (IMPRUDENCIA DEL CONDUCTOR),2022,1,5,1,23,NOCHE,SIERRA,GRAVE_MORTALIDAD,1,1,,,,,,,,,100104.0,0.1985758242270937,77.55714392657784,34.95706096213289,2.03851168355126,322.5659269507394,24762.20985010707,8209.057,1333.4779999999996,791.9770000000001,6083.602,1059.8589999999997,7149.198,12.910849565303296,5,1,0,0,4,18.0,18.0,18.0,1.0,1.0,0.0,0.0,1,0,0.0,0.0,1.0,0.0,0.0,1.0,0.0,1.0,1.0,1.0
A-2022-01-270,VOLCADURA,1,0,0,LIMA,LIMA,SANTIAGO DE SURCO,URBANA,CARRETERA,NACIONAL,PE-1S,-12.141153345291308,-76.98128810467387,DESPEJADO,INDUSTRIAL,PUENTE,PLANA ,ASFALTADA,SIN_DATO,SIN_DATO,SIN_DATO,SIN_DATO,EN PROCESO DE INVESTIGACIÓN,NO CUENTA CON CAUSA ESPECIFICA,2022,1,6,1,1,MADRUGADA,COSTA,LEVE,0,0,6639.975,2.0,Pavimentado,Bueno,1.0,No concesionado,Eje Estructurante Sur,1616.0,150140.0,0.8017574897902351,80.48487267736287,78.74302427848284,13.156716040468266,1766.1488062170545,359776.608137045,7626.313,1683.4029999999998,1599.0829999999996,4343.827000000001,1814.875,5811.438000000001,23.797541485643197,1,1,0,0,0,26.0,26.0,26.0,1.0,0.0,0.0,1.0,1,0,0.0,0.0,0.0,1.0,1.0,0.0,0.0,0.0,0.0,0.0
A-2022-01-187,DESPISTE,1,0,1,LORETO,MAYNAS,IQUITOS,URBANA,CARRETERA,PROVINCIAL,LO-502,-3.761243,-73.265914,DESPEJADO,RESIDENCIAL,TRAMO RECTO,PLANA ,ASFALTADA,SIN_DATO,SIN_DATO,SIN_DATO,SIN_DATO,IMPRUDENCIA DEL CONDUCTOR,CONDUCIR EN ESTADO DE EBRIEDAD Y/O DROGADICCIÓN,2022,1,6,1,1,MADRUGADA,SELVA,LEVE,0,0,,,,,,,,,160101.0,0.6598204400488458,74.39325093062702,69.69813044898703,12.74033149882924,1208.8057293272177,145540.50535331905,1095.5949999999998,128.87099999999998,320.74700000000007,645.9769999999999,274.214,821.381,25.02877431897737,1,1,0,0,0,29.0,29.0,29.0,1.0,1.0,1.0,1.0,1,0,0.0,0.0,1.0,0.0,1.0,0.0,0.0,1.0,1.0,1.0
A-2022-01-182,CHOQUE,1,2,2,TACNA,TACNA,LA YARADA LOS PALOS,RURAL,CARRETERA,PROVINCIAL,TA-644,-18.243249,-70.375058,DESPEJADO,RURAL,TRAMO RECTO,PLANA ,ASFALTADA,SIN_DATO,SIN_DATO,SIN_DATO,SIN_DATO,EN PROCESO DE INVESTIGACIÓN,NO CUENTA CON CAUSA ESPECIFICA,2022,1,6,1,4,MADRUGADA,COSTA,LEVE,0,0,,,,,,,,,230111.0,0.5551799999072031,75.37994385062687,62.699954828476905,7.065143842078104,1076.8792057258834,6114.0,2650.572,630.6729999999998,487.3610000000001,1532.5379999999998,1068.7019999999998,1581.87,40.31967439480987,3,2,0,0,1,37.5,17.0,58.0,1.0,0.0,0.0,0.0,2,0,0.0,0.0,0.0,1.0,1.0,1.0,0.0,0.0,0.0,1.0
A-2022-01-185,ATROPELLO FUGA,1,0,1,LA LIBERTAD,VIRU,CHAO,RURAL,CARRETERA,NACIONAL,PE-1N,-8.529504,-78.682131,DESPEJADO,RURAL,TRAMO RECTO,PLANA ,ASFALTADA,SIN_DATO,SIN_DATO,SIN_DATO,SIN_DATO,EN PROCESO DE INVESTIGACIÓN,NO CUENTA CON CAUSA ESPECIFICA,2022,1,6,1,4,MADRUGADA,COSTA,LEVE,0,0,6543.555,3.0,Pavimentado,Bueno,1.0,Autopista del Sol,Eje Estructurante Norte,1475.0,131202.0,0.4971504606547645,77.79759708660042,46.44666297237219,6.322206801902116,929.9716106661404,44368.59100642397,8931.828000000005,1335.5899999999997,1935.9830000000004,5660.255000000005,1219.309,7712.519000000005,13.651281686122925,2,1,1,1,0,,,,0.0,0.0,0.0,0.0,1,1,1.0,0.0,0.0,0.0,0.0,0.0,0.0,0.0,0.0,1.0
A-2022-01-277,CHOQUE,1,0,1,LIMA,LIMA,SAN MARTIN DE PORRES,URBANA,CARRETERA,NACIONAL,PE-1N,-12.022886281559128,-77.05922110245548,DESPEJADO,INDUSTRIAL,INTERSECCIÓN,PLANA ,ASFALTADA,SIN_DATO,SIN_DATO,SIN_DATO,SIN_DATO,EN PROCESO DE INVESTIGACIÓN,NO CUENTA CON CAUSA ESPECIFICA,2022,1,6,1,6,MAÑANA,COSTA,LEVE,0,0,6543.555,3.0,Pavimentado,Bueno,1.0,Autopista del Sol,Eje Estructurante Norte,1475.0,150135.0,0.7419979630670723,80.31822295927182,79.00446395716813,11.084203715652809,1554.6868971011318,739416.2413542903,7626.313,1683.4029999999998,1599.0829999999996,4343.827000000001,1814.875,5811.438000000001,23.797541485643197,3,2,0,0,1,25.5,23.0,28.0,1.0,0.0,0.0,1.0,2,0,0.0,1.0,0.0,1.0,1.0,0.0,1.0,0.0,1.0,0.0
A-2022-01-257,CHOQUE,1,1,2,LAMBAYEQUE,CHICLAYO,SAÑA,RURAL,CARRETERA,DEPARTAMENTAL,LA-116,-6.8108587,-79.662292,NIEBLA,RURAL,TRAMO RECTO,PLANA ,ASFALTADA,SIN_DATO,SIN_DATO,SIN_DATO,SIN_DATO,EN PROCESO DE INVESTIGACIÓN,NO CUENTA CON CAUSA ESPECIFICA,2022,1,6,1,6,MAÑANA,COSTA,LEVE,0,0,,,,,,,,,140115.0,0.5269774463263404,80.68574196150158,64.40465614050751,7.841572542584764,777.5245054244522,9737.584582441114,3459.691,515.0619999999999,689.7280000000001,2254.901,703.3549999999999,2756.336,20.329994788551925,2,2,0,0,0,44.5,30.0,59.0,1.0,0.0,0.0,0.0,2,0,0.0,0.0,0.0,1.0,1.0,0.0,0.0,0.0,0.0,1.0
A-2022-01-271,CHOQUE,1,0,0,LIMA,LIMA,VILLA MARIA DEL TRIUNFO,URBANA,AVENIDA,URBANO,NO CORRESPONDE,-12.204976612184334,-76.92874793045789,DESPEJADO,COMERCIAL,TRAMO RECTO,PLANA ,ASFALTADA,SIN_DATO,SIN_DATO,SIN_DATO,SIN_DATO,EN PROCESO DE INVESTIGACIÓN,NO CUENTA CON CAUSA ESPECIFICA,2022,1,6,1,8,MAÑANA,COSTA,LEVE,0,0,,,,,,,,,150143.0,0.689811994580126,79.88015655965044,73.89553442371854,9.755251380104111,1409.8432274455126,452660.364025696,7626.313,1683.4029999999998,1599.0829999999996,4343.827000000001,1814.875,5811.438000000001,23.797541485643197,2,2,0,0,0,57.5,46.0,69.0,1.0,0.0,0.0,1.0,2,0,0.0,0.0,0.0,1.0,1.0,1.0,0.0,0.0,1.0,0.0
A-2022-01-208,DESPISTE,4,1,1,CAJAMARCA,HUALGAYOC,BAMBAMARCA,RURAL,CARRETERA,PROVINCIAL,CA-966,-6.63552833,-78.4833,DESPEJADO,RURAL,TRAMO RECTO,INCLINADA,AFIRMADO,SIN_DATO,SIN_DATO,SIN_DATO,SIN_DATO,EN PROCESO DE INVESTIGACIÓN,NO CUENTA CON CAUSA ESPECIFICA,2022,1,6,1,11,MAÑANA,SIERRA,GRAVE_MORTALIDAD,1,0,,,,,,,,,60701.0,0.3484871558022944,76.33677469666252,53.28672218475212,4.131981838863427,447.1658531581213,76209.5845824411,15935.565011852366,1733.9250000199986,935.692,13265.948011832368,2000.1670000199988,13935.398011832369,12.551591352627522,5,1,0,0,4,36.0,36.0,36.0,1.0,1.0,0.0,0.0,1,0,0.0,1.0,0.0,0.0,0.0,0.0,1.0,0.0,0.0,0.0
A-2022-01-204,DESPISTE,1,0,1,HUANCAVELICA,ANGARAES,LIRCAY,RURAL,CARRETERA,NACIONAL,PE-26B,-13.03259,-74.71472,DESPEJADO,RURAL,SINUOSA,INCLINADA,ASFALTADA,SIN_DATO,SIN_DATO,SIN_DATO,SIN_DATO,EN PROCESO DE INVESTIGACIÓN,NO CUENTA CON CAUSA ESPECIFICA,2022,1,6,1,15,TARDE,SIERRA,LEVE,0,0,943.58,1.0,Asfaltado económico,Bueno,0.0,No concesionado,No corresponde,135.0,90301.0,0.3648777342527826,72.61386206398959,50.19709555656983,5.638488277525374,444.6393044914551,24733.083511777302,8511.426,1445.3929999999996,2008.516,5057.516999999999,1879.579,6631.846999999998,22.08300935706896,1,1,0,0,0,,,,1.0,0.0,0.0,0.0,1,0,0.0,1.0,0.0,0.0,1.0,0.0,0.0,0.0,0.0,0.0