CODIGO_SINIESTRO,CLASE SINIESTRO,CANTIDAD DE FALLECIDOS,CANTIDAD DE LESIONADOS,CANTIDAD DE VEHICULOS DAÑADOS,DEPARTAMENTO,PROVINCIA,DISTRITO,ZONA,TIPO DE VÍA,RED VIAL,COD CARRETERA,COORDENADAS LATITUD,COORDENADAS  LONGITUD,CONDICIÓN CLIMÁTICA,ZONIFICACIÓN,CARACTERÍSTICAS DE VÍA,PERFIL LONGITUDINAL VÍA,SUPERFICIE DE CALZADA,¿EXISTE SEÑAL VERTICAL?,CLASIFICACIÓN DE LA SEÑAL VERTICAL Nº 1,CLASIFICACIÓN DE LA SEÑAL VERTICAL Nº 2,¿EXISTE SEÑAL HORIZONTAL?,CAUSA FACTOR PRINCIPAL,CAUSA ESPECÍFICA,AÑO,MES,DIA_SEMANA,ES_FIN_SEMANA,HORA_NUM,FRANJA_HORARIA,REGION_NATURAL,CATEGORIA_SEVERIDAD,MORTALIDAD_MULTIPLE,LESION_MULTIPLE,MTC_RVN_LONGITUD_KM,MTC_RVN_N_CARRILES_MEDIANA,MTC_RVN_SUPERFICIE_DOMINANTE,MTC_RVN_ESTADO_DOMINANTE,MTC_RVN_ES_CONCESIONADA,MTC_RVN_CONCESION_PRINCIPAL,MTC_RVN_CORREDOR_LOGISTICO,MTC_RVN_N_TRAMOS,IDH_UBIGEO,IDH_2019,IDH_ESP_VIDA_2019,IDH_EDUC_SECUND_PCT_2019,IDH_ANIOS_EDUC_2019,IDH_INGRESO_PERCAP_2019,IDH_POBLACION_2019,MTC_DEP_RED_TOTAL_KM,MTC_DEP_NACIONAL_TOTAL_KM,MTC_DEP_DEPARTAMENTAL_TOTAL_KM,MTC_DEP_VECINAL_TOTAL_KM,MTC_DEP_PAV_TOTAL_KM,MTC_DEP_NO_PAV_TOTAL_KM,MTC_DEP_PCT_PAVIMENTADA,PER_TOTAL_PERSONAS,PER_N_CONDUCTORES,PER_N_CONDUCTORES_FUGADOS,PER_N_PEATONES,PER_N_PASAJEROS_OCUPANTES,PER_EDAD_COND_PROM,PER_EDAD_COND_MIN,PER_EDAD_COND_MAX,PER_ANY_COND_MASCULINO,PER_ANY_LIC_PROBLEMA,PER_ANY_DOSAJE_POS,PER_ANY_DOSAJE_EVALUADO,VEH_TOTAL,VEH_N_FUGADOS,VEH_ANY_FUGADO,VEH_ANY_CARGA,VEH_ANY_PUBLICO,VEH_ANY_PARTICULAR,VEH_ANY_MOTO,VEH_ANY_AUTO,VEH_ANY_CAMION_BUS,VEH_ANY_SOAT_PROBLEMA,VEH_ANY_CITV_PROBLEMA,VEH_ANY_SEGURO_PROBLEMA
A-2022-06-72,ATROPELLO FUGA,1,0,1,CUSCO,ESPINAR,ESPINAR,RURAL,CARRETERA,NACIONAL,PE-34F,-14.772371,-71.390948,DESPEJADO,RURAL,TRAMO RECTO,PLANA ,ASFALTADA,SIN_DATO,SIN_DATO,SIN_DATO,SIN_DATO,IMPRUDENCIA DEL PEATÓN,ESTADO DE EBRIEDAD Y/O DROGADICCIÓN,2022,6,2,0,20,NOCHE,SIERRA,LEVE,0,0,566.7160000000001,2.0,Sin afirmar,Malo,0.0,No concesionado,Alimentador del corredor logístico 05,137.0,80801.0,0.553052655456334,69.21726434550523,74.04128761826507,8.709280027519238,977.6848841665504,33976.192719486084,17779.13499998999,2097.3709999899997,2863.123,12818.640999999989,2878.713,14900.421999989989,16.19152450331032,2,1,1,1,0,,,,0.0,0.0,0.0,0.0,1,1,1.0,0.0,0.0,0.0,0.0,0.0,0.0,0.0,0.0,1.0
A-2022-06-62,DESPISTE,1,1,1,CUSCO,CALCA,SAN SALVADOR,RURAL,CARRETERA,NACIONAL,PE-28B,-13.5019426,-71.771753315,DESPEJADO,RURAL,TRAMO RECTO,PLANA ,ASFALTADA,SI,PREVENTIVA (P),SIN_DATO,SI,IMPRUDENCIA DEL CONDUCTOR,EXCESO DE VELOCIDAD,2022,6,3,0,15,TARDE,SIERRA,LEVE,0,0,3447.8009999999995,1.0,Pavimentado,Regular,0.0,No concesionado,Corredor Ayacucho - Quellouno - Quillabamba,1109.0,80406.0,0.3026259544873475,73.96325815272854,51.57388201289304,4.44307015911855,305.2037031086013,5530.693790149893,17779.13499998999,2097.3709999899997,2863.123,12818.640999999989,2878.713,14900.421999989989,16.19152450331032,2,1,0,0,1,22.0,22.0,22.0,1.0,0.0,0.0,1.0,1,0,0.0,0.0,0.0,1.0,1.0,0.0,0.0,0.0,1.0,0.0
A-2022-06-212,CHOQUE,1,1,1,LIMA,LIMA,LA VICTORIA,URBANA,AVENIDA,URBANO,NO CORRESPONDE,-12.065613373152544,-77.00441832552427,DESPEJADO,COMERCIAL,TRAMO RECTO,PLANA ,ASFALTADA,SIN_DATO,SIN_DATO,SIN_DATO,SIN_DATO,EN PROCESO DE INVESTIGACIÓN,NO CUENTA CON CAUSA ESPECIFICA,2022,6,3,0,15,TARDE,COSTA,LEVE,0,0,,,,,,,,,150115.0,0.7141594849782824,79.90829932185413,74.79179886803175,10.522504814235935,1482.4793645077043,156887.87152034265,7626.313,1683.4029999999998,1599.0829999999996,4343.827000000001,1814.875,5811.438000000001,23.797541485643197,3,2,0,0,1,33.5,25.0,42.0,1.0,1.0,0.0,0.0,2,0,0.0,1.0,1.0,0.0,1.0,0.0,0.0,1.0,1.0,1.0
A-2022-06-21,ATROPELLO,1,0,1,LA LIBERTAD,VIRU,VIRU,RURAL,CARRETERA,NACIONAL,PE-1N,-8.382137,-78.856709,DESPEJADO,RURAL,TRAMO RECTO,PLANA ,ASFALTADA,SIN_DATO,SIN_DATO,SIN_DATO,SIN_DATO,IMPRUDENCIA DEL PEATÓN,USO DE DISPOSITIVOS MÓVILES Y/O ELECTRÓNICOS,2022,6,3,0,17,TARDE,COSTA,LEVE,0,0,6543.555,3.0,Pavimentado,Bueno,1.0,Autopista del Sol,Eje Estructurante Norte,1475.0,131201.0,0.5051395598219868,77.13285387085847,51.52067479184955,6.715328807318118,900.900383457586,67612.41755888652,8931.828000000005,1335.5899999999997,1935.9830000000004,5660.255000000005,1219.309,7712.519000000005,13.651281686122925,2,1,0,1,0,25.0,25.0,25.0,1.0,1.0,0.0,0.0,1,0,0.0,0.0,0.0,1.0,1.0,0.0,0.0,0.0,0.0,0.0
A-2022-06-164,CHOQUE,1,1,1,HUANUCO,MARAÑON,LA MORADA,RURAL,CARRETERA,PROVINCIAL,HU-518,-8.753582,-76.264304,DESPEJADO,RURAL,TRAMO RECTO,PLANA ,AFIRMADO,SIN_DATO,SIN_DATO,SIN_DATO,SIN_DATO,IMPRUDENCIA DEL CONDUCTOR,EXCESO DE VELOCIDAD,2022,6,3,0,19,NOCHE,SIERRA,LEVE,0,0,,,,,,,,,100704.0,0.4431696013965035,69.69177354792248,52.35097110610642,5.742319584917666,790.5380840726359,2816.7806196644115,8209.057,1333.4779999999996,791.9770000000001,6083.602,1059.8589999999997,7149.198,12.910849565303296,2,2,0,0,0,23.0,21.0,25.0,1.0,1.0,0.0,0.0,2,0,0.0,0.0,1.0,0.0,1.0,0.0,0.0,1.0,1.0,1.0
A-2022-06-22,CHOQUE,1,0,2,LA LIBERTAD,CHEPEN,PACANGA,RURAL,CARRETERA,NACIONAL,PE-1N,-7.183863,-79.43292,DESPEJADO,RURAL,TRAMO RECTO,PLANA ,ASFALTADA,SIN_DATO,SIN_DATO,SIN_DATO,SIN_DATO,IMPRUDENCIA DEL CONDUCTOR,INVASIÓN DE CARRIL,2022,6,4,0,1,MADRUGADA,COSTA,LEVE,0,0,6543.555,3.0,Pavimentado,Bueno,1.0,Autopista del Sol,Eje Estructurante Norte,1475.0,130402.0,0.5114727232493018,78.60606800160349,61.153108160372966,6.422343227671115,862.4189512831092,24701.19700214133,8931.828000000005,1335.5899999999997,1935.9830000000004,5660.255000000005,1219.309,7712.519000000005,13.651281686122925,2,2,0,0,0,36.0,34.0,38.0,1.0,0.0,0.0,0.0,2,0,0.0,0.0,1.0,1.0,0.0,1.0,1.0,0.0,0.0,0.0
A-2022-06-23,DESPISTE,1,0,1,HUANCAVELICA,HUAYTARA,HUAYTARA,URBANA,CARRETERA,NACIONAL,PE-28A,-13.562104,-75.242429,DESPEJADO,RURAL,TRAMO RECTO,PLANA ,ASFALTADA,SIN_DATO,SIN_DATO,SIN_DATO,SIN_DATO,EN PROCESO DE INVESTIGACIÓN,NO CUENTA CON CAUSA ESPECIFICA,2022,6,4,0,7,MAÑANA,SIERRA,LEVE,0,0,1679.5849999999998,2.0,Pavimentado,Regular,1.0,No concesionado,Corredor Los Libertadores,315.0,90601.0,0.5258594244692153,73.82156528983522,52.91202227434253,8.902806700766412,891.2832603689374,2062.0406852248398,8511.426,1445.3929999999996,2008.516,5057.516999999999,1879.579,6631.846999999998,22.08300935706896,1,1,0,0,0,60.0,60.0,60.0,1.0,1.0,0.0,0.0,1,0,0.0,1.0,0.0,0.0,0.0,0.0,1.0,0.0,1.0,0.0
A-2022-06-242,CHOQUE,1,0,2,PIURA,SULLANA,SULLANA,URBANA,CARRETERA,NACIONAL,PE-1NL,-4.913425684076633,-80.6722321698199,DESPEJADO,RURAL,TRAMO RECTO,PLANA ,ASFALTADA,SIN_DATO,SIN_DATO,SIN_DATO,SIN_DATO,IMPRUDENCIA DEL CONDUCTOR,OTRO (IMPRUDENCIA DEL CONDUCTOR),2022,6,4,0,8,MAÑANA,COSTA,LEVE,0,0,640.6200000000001,2.0,Pavimentado,Regular,0.0,No concesionado,No corresponde,72.0,200601.0,0.5657000696312142,79.93504063107561,71.14438533384025,9.31841991972829,829.1233898514824,181599.8115631692,8965.846000060003,1782.4120000599992,636.9959999999999,6546.438000000004,2214.505000059999,6751.341000000004,24.699342371541725,2,2,0,0,0,27.5,26.0,29.0,1.0,1.0,0.0,1.0,2,0,0.0,0.0,0.0,1.0,1.0,0.0,0.0,1.0,1.0,1.0
A-2022-06-115,ATROPELLO FUGA,1,0,0,PUNO,HUANCANE,HUANCANE,RURAL,CARRETERA,DEPARTAMENTAL,PU-114,-15.174420260186656,-69.85716288307462,DESPEJADO,RURAL,TRAMO RECTO,PLANA ,ASFALTADA,SIN_DATO,SIN_DATO,SIN_DATO,SIN_DATO,EN PROCESO DE INVESTIGACIÓN,NO CUENTA CON CAUSA ESPECIFICA,2022,6,4,0,16,TARDE,SIERRA,LEVE,0,0,,,,,,,,,210601.0,0.4032210196156518,69.57344393979501,70.66462432904875,7.051546041958483,460.5210312161111,14743.678800856533,13642.312999999998,2020.7790000000005,2354.117,9267.416999999998,3314.0520000000006,10328.260999999997,24.29244952817019,2,1,1,1,0,,,,0.0,0.0,0.0,0.0,1,1,1.0,0.0,0.0,0.0,0.0,0.0,0.0,0.0,0.0,1.0
A-2022-06-66,DESPISTE,1,0,1,CUSCO,ANTA,CHINCHAYPUJIO,RURAL,CARRETERA,NACIONAL,PE-3SF,-13.6897472,-72.3214502,DESPEJADO,RURAL,CURVA,INCLINADA,ASFALTADA,SI,PREVENTIVA (P),SIN_DATO,NO,IMPRUDENCIA DEL CONDUCTOR,CONDUCIR EN ESTADO DE EBRIEDAD Y/O DROGADICCIÓN,2022,6,5,1,1,MADRUGADA,SIERRA,LEVE,0,0,2176.715,1.0,Asfaltado económico,Regular,0.0,No concesionado,No corresponde,756.0,80304.0,0.221263491726049,75.43345322294252,44.46514893903143,4.401911806337783,146.29272183158662,3523.3854389721623,17779.13499998999,2097.3709999899997,2863.123,12818.640999999989,2878.713,14900.421999989989,16.19152450331032,1,1,0,0,0,29.0,29.0,29.0,1.0,0.0,1.0,1.0,1,0,0.0,1.0,0.0,0.0,0.0,0.0,1.0,0.0,0.0,0.0
A-2022-06-116,DESPISTE,1,3,1,PUNO,CARABAYA,OLLACHEA,RURAL,CARRETERA,NACIONAL,PE-34B,-13.7297195,-70.4624681,DESPEJADO,RURAL,TRAMO RECTO,PLANA ,ASFALTADA,SIN_DATO,SIN_DATO,SIN_DATO,SIN_DATO,INFRAESTRUCTURA Y ENTORNO VIAL,OTRO (INFRAESTRUCTURA Y ENTORNO VIAL),2022,6,5,1,3,MADRUGADA,SIERRA,GRAVE_LESIONADOS,0,1,1761.8050000000003,2.0,Pavimentado,Bueno,1.0,IIRSA Sur - Tramo 4: Inambari - Azángaro,Corredor Juliaca - Puerto Maldonado,410.0,210308.0,0.3249096507143286,68.3031236414702,47.94448468330011,5.074559513513553,387.3182851963189,6349.807280513919,13642.312999999998,2020.7790000000005,2354.117,9267.416999999998,3314.0520000000006,10328.260999999997,24.29244952817019,5,1,0,0,4,36.0,36.0,36.0,1.0,0.0,0.0,0.0,1,0,0.0,0.0,0.0,1.0,0.0,1.0,0.0,1.0,1.0,1.0
A-2022-06-220,CHOQUE,1,0,2,PASCO,PASCO,TINYAHUARCO,RURAL,CARRETERA,NACIONAL,PE-3N,-10.76784963356476,-76.25232065922202,DESPEJADO,RURAL,TRAMO RECTO,PLANA ,ASFALTADA,SIN_DATO,SIN_DATO,SIN_DATO,SIN_DATO,IMPRUDENCIA DEL CONDUCTOR,CONDUCIR EN SENTIDO CONTRARIO,2022,6,5,1,15,TARDE,SIERRA,LEVE,0,0,9936.932,2.0,Pavimentado,Bueno,1.0,No concesionado,No corresponde,3830.0,190111.0,0.6308411392653337,76.68708414566403,85.5601522784168,10.615011147502193,1020.696304275199,7086.708779443255,3677.119863,564.5869999999999,910.845,2201.687863000001,590.8779999999998,3086.2418630000006,16.06904376290656,2,2,0,0,0,40.0,31.0,49.0,1.0,0.0,0.0,1.0,2,0,0.0,1.0,0.0,0.0,0.0,0.0,1.0,0.0,0.0,0.0
A-2022-06-14,ATROPELLO,1,0,1,PUNO,EL COLLAO,ILAVE,RURAL,CARRETERA,NACIONAL,PE-38A,-16.098931,-69.637053,SIN_DATO,SIN_DATO,SIN_DATO,SIN_DATO,SIN_DATO,SIN_DATO,SIN_DATO,SIN_DATO,SIN_DATO,EN PROCESO DE INVESTIGACIÓN,NO CUENTA CON CAUSA ESPECIFICA,2022,6,5,1,16,TARDE,SIERRA,LEVE,0,0,417.30000000000007,1.0,Afirmado,Regular,0.0,No concesionado,No corresponde,52.0,210501.0,0.4020198374784472,77.80062735845667,75.295761294875,7.279851651626652,372.63390314535104,50686.62526766595,13642.312999999998,2020.7790000000005,2354.117,9267.416999999998,3314.0520000000006,10328.260999999997,24.29244952817019,2,2,0,0,0,60.0,58.0,62.0,1.0,0.0,0.0,0.0,2,0,0.0,1.0,0.0,1.0,0.0,0.0,1.0,0.0,1.0,1.0
A-2022-06-241,ATROPELLO,1,0,1,ICA,CHINCHA,GROCIO PRADO,RURAL,CARRETERA,NACIONAL,PE-1S,-13.357459443530985,-76.21887442619116,DESPEJADO,RURAL,TRAMO RECTO,PLANA ,ASFALTADA,SIN_DATO,SIN_DATO,SIN_DATO,SIN_DATO,IMPRUDENCIA DEL PEATÓN,CRUCE INDEBIDO POR LA CALZADA,2022,6,5,1,18,NOCHE,COSTA,LEVE,0,0,6639.975,2.0,Pavimentado,Bueno,1.0,No concesionado,Eje Estructurante Sur,1616.0,110206.0,0.5736744275518083,81.67473861808857,68.1608574885675,9.138785887908334,865.1176766860625,26660.92933618844,3721.461,698.1859999999996,744.866,2278.409,1102.9029999999996,2618.558,29.636290693359403,2,1,0,1,0,56.0,56.0,56.0,1.0,0.0,0.0,0.0,1,0,0.0,0.0,0.0,1.0,0.0,0.0,1.0,0.0,1.0,0.0
A-2022-06-32,DESPISTE,2,21,1,ANCASH,BOLOGNESI,CAJACAY,RURAL,CARRETERA,NACIONAL,PE-16,-10.155781401635291,-77.35437200219378,DESPEJADO,RURAL,SINUOSA,PLANA ,CONCRETO,SIN_DATO,SIN_DATO,SIN_DATO,SIN_DATO,EN PROCESO DE INVESTIGACIÓN,NO CUENTA CON CAUSA ESPECIFICA,2022,6,5,1,21,NOCHE,SIERRA,GRAVE_MORTALIDAD,1,1,616.825,2.0,Pavimentado,Regular,0.0,No concesionado,CO 13: Pativilca - Conococha - Huaraz- Carhuaz,145.0,20505.0,0.4531157308049352,69.6069712983507,58.76727661591375,7.129251453181916,691.8045311251692,1594.8458244111348,10767.648,1885.0630000000003,1222.721,7659.864000000001,2100.343,8667.305000000002,19.506051832303577,24,1,1,0,23,41.0,41.0,41.0,1.0,0.0,0.0,0.0,1,0,0.0,0.0,1.0,0.0,0.0,0.0,1.0,0.0,0.0,0.0
A-2022-06-44,CHOQUE,3,9,2,AREQUIPA,CAYLLOMA,SAN ANTONIO DE CHUCA,RURAL,CARRETERA,NACIONAL,PE-34A,-15.9879738,-71.2530199,DESPEJADO,RURAL,TRAMO RECTO,PLANA ,ASFALTADA,NO,SIN_DATO,SIN_DATO,SI,EN PROCESO DE INVESTIGACIÓN,NO CUENTA CON CAUSA ESPECIFICA,2022,6,6,1,4,MADRUGADA,COSTA,GRAVE_MORTALIDAD,1,1,1504.4250000000002,2.0,Pavimentado,Bueno,1.0,IIRSA Sur - Tramo 5: Matarani - Azángaro - Ilo,Corredor Matarani - Arequipa - Juliaca,241.0,40514.0,0.4498224071382834,81.63336343193146,58.84842497065013,5.774685730039019,620.6584683449911,1358.612419700214,10322.272,1495.236,1749.739,7077.2970000000005,2886.595,7435.677000000001,27.964725207783708,13,2,0,0,11,45.5,24.0,67.0,1.0,1.0,0.0,0.0,2,0,0.0,1.0,1.0,0.0,0.0,1.0,1.0,0.0,0.0,0.0
A-2022-06-45,ATROPELLO,1,0,1,AREQUIPA,AREQUIPA,JOSE LUIS BUSTAMANTE Y RIVERO,URBANA,AVENIDA,URBANO,NO CORRESPONDE,-16.427276,-71.533219,SOLEADO,COMERCIAL,TRAMO RECTO,PLANA ,ASFALTADA,NO,SIN_DATO,SIN_DATO,SI,EN PROCESO DE INVESTIGACIÓN,NO CUENTA CON CAUSA ESPECIFICA,2022,6,6,1,9,MAÑANA,COSTA,LEVE,0,0,,,,,,,,,40129.0,0.7453744058790387,79.4589730074046,82.73398367318066,12.665195784530074,1448.5317937470898,76620.6295503212,10322.272,1495.236,1749.739,7077.2970000000005,2886.595,7435.677000000001,27.964725207783708,2,1,0,1,0,29.0,29.0,29.0,1.0,0.0,0.0,0.0,1,0,0.0,0.0,1.0,0.0,0.0,0.0,1.0,0.0,0.0,0.0
A-2022-06-34,CHOQUE,1,1,2,ICA,ICA,ICA,URBANA,CALLE,URBANO,NO CORRESPONDE,-14.064445388184582,-75.73683108491699,DESPEJADO,ESCOLAR,INTERSECCIÓN,PLANA ,ASFALTADA,SIN_DATO,SIN_DATO,SIN_DATO,SIN_DATO,EN PROCESO DE INVESTIGACIÓN,NO CUENTA CON CAUSA ESPECIFICA,2022,6,6,1,16,TARDE,COSTA,LEVE,0,0,,,,,,,,,110101.0,0.6637216310803388,79.6446050662278,81.37671161983333,11.724811319582514,1084.329233867723,142450.24411134905,3721.461,698.1859999999996,744.866,2278.409,1102.9029999999996,2618.558,29.636290693359403,3,2,0,0,1,34.0,22.0,46.0,1.0,1.0,0.0,1.0,2,0,0.0,0.0,1.0,0.0,1.0,1.0,0.0,0.0,1.0,0.0
A-2022-06-69,CHOQUE,1,0,2,LAMBAYEQUE,LAMBAYEQUE,MORROPE,RURAL,CARRETERA,NACIONAL,PE-1N,-6.5546024,-80.0044064,DESPEJADO,RURAL,TRAMO RECTO,PLANA ,ASFALTADA,SIN_DATO,SIN_DATO,SIN_DATO,SIN_DATO,EN PROCESO DE INVESTIGACIÓN,NO CUENTA CON CAUSA ESPECIFICA,2022,6,0,0,6,MAÑANA,COSTA,LEVE,0,0,6543.555,3.0,Pavimentado,Bueno,1.0,Autopista del Sol,Eje Estructurante Norte,1475.0,140306.0,0.3879800350664534,75.68222437543551,50.64551119758177,4.891651630735472,548.2382997194167,48902.40256959316,3459.691,515.0619999999999,689.7280000000001,2254.901,703.3549999999999,2756.336,20.329994788551925,2,2,0,0,0,40.0,35.0,45.0,1.0,1.0,0.0,0.0,2,0,0.0,0.0,1.0,1.0,1.0,0.0,1.0,0.0,0.0,1.0
A-2022-06-79,ATROPELLO,1,1,1,LAMBAYEQUE,CHICLAYO,LA VICTORIA,URBANA,AVENIDA,URBANO,NO CORRESPONDE,-6.796333,-79.840322,SOLEADO,RESIDENCIAL,TRAMO RECTO,PLANA ,ASFALTADA,SIN_DATO,SIN_DATO,SIN_DATO,SIN_DATO,EN PROCESO DE INVESTIGACIÓN,NO CUENTA CON CAUSA ESPECIFICA,2022,6,0,0,12,TARDE,COSTA,LEVE,0,0,,,,,,,,,140106.0,0.5698121065713132,80.7750211042815,73.24532007426484,9.611369875155264,807.8835749369007,96903.36830835116,3459.691,515.0619999999999,689.7280000000001,2254.901,703.3549999999999,2756.336,20.329994788551925,2,1,0,1,0,18.0,18.0,18.0,1.0,1.0,0.0,0.0,1,0,0.0,0.0,0.0,1.0,0.0,1.0,0.0,0.0,0.0,0.0
A-2022-06-75,ATROPELLO,1,0,1,LAMBAYEQUE,CHICLAYO,JOSE LEONARDO ORTIZ,URBANA,CARRETERA,DEPARTAMENTAL,LA-110,-6.745795,-79.837689,DESPEJADO,RESIDENCIAL,TRAMO RECTO,PLANA ,ASFALTADA,SIN_DATO,SIN_DATO,SIN_DATO,SIN_DATO,EN PROCESO DE INVESTIGACIÓN,NO CUENTA CON CAUSA ESPECIFICA,2022,6,0,0,15,TARDE,COSTA,LEVE,0,0,,,,,,,,,140105.0,0.5415697888341857,80.94178299597955,72.69485501755445,9.042819482789628,724.6578159158644,183060.58029978588,3459.691,515.0619999999999,689.7280000000001,2254.901,703.3549999999999,2756.336,20.329994788551925,2,1,0,1,0,30.0,30.0,30.0,1.0,0.0,0.0,0.0,1,0,0.0,0.0,0.0,1.0,0.0,1.0,0.0,1.0,1.0,1.0
A-2022-06-237,ATROPELLO FUGA,1,0,1,PIURA,PIURA,VEINTISEIS DE OCTUBRE,RURAL,CARRETERA,NACIONAL,PE-1N,-5.154443,-80.694879,DESPEJADO,RURAL,TRAMO RECTO,PLANA ,ASFALTADA,SIN_DATO,SIN_DATO,SIN_DATO,SIN_DATO,IMPRUDENCIA DEL CONDUCTOR,EXCESO DE VELOCIDAD,2022,6,0,0,20,NOCHE,COSTA,LEVE,0,0,6543.555,3.0,Pavimentado,Bueno,1.0,Autopista del Sol,Eje Estructurante Norte,1475.0,200115.0,0.5997462042553465,78.40793944726823,72.26811532412637,9.714064362322326,976.3169831713308,183875.0,8965.846000060003,1782.4120000599992,636.9959999999999,6546.438000000004,2214.505000059999,6751.341000000004,24.699342371541725,2,1,1,1,0,,,,0.0,0.0,0.0,0.0,1,1,1.0,0.0,0.0,0.0,0.0,0.0,0.0,0.0,0.0,1.0
A-2022-06-50,DESPISTE,1,0,1,CUSCO,URUBAMBA,MARAS,URBANA,CARRETERA,NACIONAL,PE-28B,-13.2808894,-72.2044021,DESPEJADO,RURAL,TRAMO RECTO,PLANA ,ASFALTADA,SI,PREVENTIVA (P),SIN_DATO,SI,IMPRUDENCIA DEL CONDUCTOR,CONDUCIR EN ESTADO DE EBRIEDAD Y/O DROGADICCIÓN,2022,6,0,0,20,NOCHE,SIERRA,LEVE,0,0,3447.8009999999995,1.0,Pavimentado,Regular,0.0,No concesionado,Corredor Ayacucho - Quellouno - Quillabamba,1109.0,81305.0,0.3091216969737358,74.65060422099381,55.22072068185886,5.263703320136043,274.747946885056,5268.858672376874,17779.13499998999,2097.3709999899997,2863.123,12818.640999999989,2878.713,14900.421999989989,16.19152450331032,2,1,0,0,1,23.0,23.0,23.0,1.0,1.0,1.0,1.0,1,0,0.0,0.0,0.0,1.0,1.0,0.0,0.0,1.0,1.0,1.0
A-2022-06-145,CHOQUE,1,0,1,PIURA,MORROPON,CHULUCANAS,RURAL,CARRETERA,NACIONAL,PE-1NS,-5.115703,-80.172681,SIN_DATO,SIN_DATO,SIN_DATO,SIN_DATO,SIN_DATO,SIN_DATO,SIN_DATO,SIN_DATO,SIN_DATO,EN PROCESO DE INVESTIGACIÓN,NO CUENTA CON CAUSA ESPECIFICA,2022,6,1,0,5,MADRUGADA,COSTA,LEVE,0,0,43.63,-1.0,Pavimentado,Bueno,0.0,No concesionado,No corresponde,35.0,200401.0,0.4653748048968089,74.19666709322776,61.11371397478021,6.596218102126203,701.9088264424688,75914.02997858672,8965.846000060003,1782.4120000599992,636.9959999999999,6546.438000000004,2214.505000059999,6751.341000000004,24.699342371541725,2,2,0,0,0,60.5,50.0,71.0,1.0,0.0,0.0,0.0,2,0,0.0,0.0,1.0,1.0,1.0,0.0,0.0,1.0,1.0,1.0
A-2022-06-181,ATROPELLO,1,0,1,UCAYALI,CORONEL PORTILLO,YARINACOCHA,RURAL,CARRETERA,DEPARTAMENTAL,UC-103,-8.25444,-74.659979,SOLEADO,RURAL,TRAMO RECTO,PLANA ,AFIRMADO,SIN_DATO,SIN_DATO,SIN_DATO,SIN_DATO,IMPRUDENCIA DEL PEATÓN,OTRO (IMPRUDENCIA DEL PEATÓN),2022,6,1,0,14,TARDE,SELVA,LEVE,0,0,,,,,,,,,250105.0,0.5478371208327225,74.17370407104559,60.31222796205821,9.40140543765922,905.3304073844272,113671.11777301929,2689.139,392.697,1311.5319999999997,984.91,261.598,2427.541,9.727946379863592,2,1,0,1,0,71.0,71.0,71.0,1.0,1.0,0.0,1.0,1,0,0.0,0.0,0.0,0.0,0.0,0.0,0.0,1.0,1.0,1.0
A-2022-06-252,CHOQUE FUGA,2,1,1,MADRE DE DIOS,TAMBOPATA,LAS PIEDRAS,RURAL,CARRETERA,NACIONAL,PE-30C,-12.462089,-69.139226,DESPEJADO,RURAL,TRAMO RECTO,PLANA ,ASFALTADA,SIN_DATO,SIN_DATO,SIN_DATO,SIN_DATO,IMPRUDENCIA DEL CONDUCTOR,EXCESO DE VELOCIDAD,2022,6,1,0,20,NOCHE,SELVA,GRAVE_MORTALIDAD,1,0,3263.58,2.0,Pavimentado,Bueno,1.0,IIRSA Sur - Tramo 3: Inambari - Iñapari,Corredor Cusco - Puerto Maldonado - Iñapari,566.0,170103.0,0.525748215792057,74.03823732580896,58.20048721039922,8.141897025119901,894.6823580853445,9162.706638115633,2090.391,399.431,340.021,1350.9389999999996,493.824,1596.5669999999996,23.62352306338862,4,3,1,0,1,42.0,27.0,52.0,1.0,1.0,0.0,0.0,3,1,1.0,1.0,0.0,1.0,1.0,0.0,1.0,0.0,1.0,1.0
A-2022-06-177,CHOQUE,3,2,1,HUANUCO,AMBO,SAN RAFAEL,RURAL,CARRETERA,NACIONAL,PE-3N,-10.348741,-76.181179,SOLEADO,RURAL,CURVA,PLANA ,ASFALTADA,SIN_DATO,SIN_DATO,SIN_DATO,SIN_DATO,IMPRUDENCIA DEL CONDUCTOR,INVASIÓN DE CARRIL,2022,6,2,0,9,MAÑANA,SIERRA,GRAVE_MORTALIDAD,1,0,9936.932,2.0,Pavimentado,Bueno,1.0,No concesionado,No corresponde,3830.0,100207.0,0.2701280162338842,73.64856031271022,44.54106753143592,3.986088600746413,263.8426934638171,9851.79443254818,8209.057,1333.4779999999996,791.9770000000001,6083.602,1059.8589999999997,7149.198,12.910849565303296,6,2,0,0,4,42.0,41.0,43.0,1.0,0.0,0.0,0.0,2,0,0.0,0.0,0.0,1.0,0.0,0.0,1.0,0.0,0.0,0.0
A-2022-06-117,DESPISTE,1,1,1,CAJAMARCA,SANTA CRUZ,SAUCEPAMPA,RURAL,CARRETERA,PROVINCIAL,CA-875,-6.6888736,-78.91984762,DESPEJADO,RURAL,TRAMO RECTO,PLANA ,AFIRMADO,SIN_DATO,SIN_DATO,SIN_DATO,SIN_DATO,EN PROCESO DE INVESTIGACIÓN,NO CUENTA CON CAUSA ESPECIFICA,2022,6,2,0,15,TARDE,SIERRA,LEVE,0,0,,,,,,,,,61308.0,0.2520922951813849,71.15916123881034,58.43173386485664,4.236536481038662,197.1146670521341,1541.0985010706638,15935.565011852366,1733.9250000199986,935.692,13265.948011832368,2000.1670000199988,13935.398011832369,12.551591352627522,2,1,0,0,1,19.0,19.0,19.0,1.0,1.0,0.0,0.0,1,0,0.0,0.0,0.0,0.0,0.0,0.0,0.0,1.0,0.0,1.0