CODIGO_SINIESTRO,CLASE SINIESTRO,CANTIDAD DE FALLECIDOS,CANTIDAD DE LESIONADOS,CANTIDAD DE VEHICULOS DAÑADOS,DEPARTAMENTO,PROVINCIA,DISTRITO,ZONA,TIPO DE VÍA,RED VIAL,COD CARRETERA,COORDENADAS LATITUD,COORDENADAS  LONGITUD,CONDICIÓN CLIMÁTICA,ZONIFICACIÓN,CARACTERÍSTICAS DE VÍA,PERFIL LONGITUDINAL VÍA,SUPERFICIE DE CALZADA,¿EXISTE SEÑAL VERTICAL?,CLASIFICACIÓN DE LA SEÑAL VERTICAL Nº 1,CLASIFICACIÓN DE LA SEÑAL VERTICAL Nº 2,¿EXISTE SEÑAL HORIZONTAL?,CAUSA FACTOR PRINCIPAL,CAUSA ESPECÍFICA,AÑO,MES,DIA_SEMANA,ES_FIN_SEMANA,HORA_NUM,FRANJA_HORARIA,REGION_NATURAL,CATEGORIA_SEVERIDAD,MORTALIDAD_MULTIPLE,LESION_MULTIPLE,MTC_RVN_LONGITUD_KM,MTC_RVN_N_CARRILES_MEDIANA,MTC_RVN_SUPERFICIE_DOMINANTE,MTC_RVN_ESTADO_DOMINANTE,MTC_RVN_ES_CONCESIONADA,MTC_RVN_CONCESION_PRINCIPAL,MTC_RVN_CORREDOR_LOGISTICO,MTC_RVN_N_TRAMOS,IDH_UBIGEO,IDH_2019,IDH_ESP_VIDA_2019,IDH_EDUC_SECUND_PCT_2019,IDH_ANIOS_EDUC_2019,IDH_INGRESO_PERCAP_2019,IDH_POBLACION_2019,MTC_DEP_RED_TOTAL_KM,MTC_DEP_NACIONAL_TOTAL_KM,MTC_DEP_DEPARTAMENTAL_TOTAL_KM,MTC_DEP_VECINAL_TOTAL_KM,MTC_DEP_PAV_TOTAL_KM,MTC_DEP_NO_PAV_TOTAL_KM,MTC_DEP_PCT_PAVIMENTADA,PER_TOTAL_PERSONAS,PER_N_CONDUCTORES,PER_N_CONDUCTORES_FUGADOS,PER_N_PEATONES,PER_N_PASAJEROS_OCUPANTES,PER_EDAD_COND_PROM,PER_EDAD_COND_MIN,PER_EDAD_COND_MAX,PER_ANY_COND_MASCULINO,PER_ANY_LIC_PROBLEMA,PER_ANY_DOSAJE_POS,PER_ANY_DOSAJE_EVALUADO,VEH_TOTAL,VEH_N_FUGADOS,VEH_ANY_FUGADO,VEH_ANY_CARGA,VEH_ANY_PUBLICO,VEH_ANY_PARTICULAR,VEH_ANY_MOTO,VEH_ANY_AUTO,VEH_ANY_CAMION_BUS,VEH_ANY_SOAT_PROBLEMA,VEH_ANY_CITV_PROBLEMA,VEH_ANY_SEGURO_PROBLEMA
A-2022-07-43,CHOQUE,2,0,2,SAN MARTIN,RIOJA,RIOJA,URBANA,CARRETERA,NACIONAL,PE-5N,-6.054252,-77.165076,DESPEJADO,COMERCIAL,CURVA,PLANA ,ASFALTADA,SI,PREVENTIVA (P),PREVENTIVA (P),NO,IMPRUDENCIA DEL CONDUCTOR,EXCESO DE VELOCIDAD,2022,7,5,1,10,MAÑANA,SELVA,GRAVE_MORTALIDAD,1,0,7758.33400008,2.0,Pavimentado,Bueno,1.0,No concesionado,Corredor IIRSA Norte,2133.0,220801.0,0.5963332411867256,73.80959983510441,63.34953560123128,8.251886446437874,1232.7304200473363,24031.167023554604,5645.136,815.0759999999999,965.298,3864.762,1013.406,4631.73,17.95184385283189,3,2,0,0,1,38.0,13.0,63.0,1.0,0.0,0.0,0.0,2,0,0.0,0.0,1.0,1.0,1.0,0.0,1.0,0.0,1.0,1.0
A-2022-07-172,ATROPELLO,1,0,1,LIMA,LIMA,INDEPENDENCIA,URBANA,CALLE,URBANO,NO CORRESPONDE,-11.974440618554572,-77.05580349036597,DESPEJADO,RESIDENCIAL,TRAMO RECTO,PLANA ,TROCHA,SIN_DATO,SIN_DATO,SIN_DATO,SIN_DATO,EN PROCESO DE INVESTIGACIÓN,NO CUENTA CON CAUSA ESPECIFICA,2022,7,5,1,14,TARDE,COSTA,LEVE,0,0,,,,,,,,,150112.0,0.6853375063928137,80.04346891299102,76.32428568750537,8.817291636093138,1443.328322024431,217176.83083511775,7626.313,1683.4029999999998,1599.0829999999996,4343.827000000001,1814.875,5811.438000000001,23.797541485643197,2,1,0,1,0,44.0,44.0,44.0,1.0,0.0,0.0,0.0,1,0,0.0,0.0,0.0,1.0,0.0,1.0,0.0,1.0,1.0,1.0
A-2022-07-259,DESPISTE,1,0,1,PIURA,SULLANA,SULLANA,RURAL,CARRETERA,PROVINCIAL,PI-986,-4.931,-80.631,DESPEJADO,RURAL,TRAMO RECTO,PLANA ,AFIRMADO,SIN_DATO,SIN_DATO,SIN_DATO,SIN_DATO,EN PROCESO DE INVESTIGACIÓN,NO CUENTA CON CAUSA ESPECIFICA,2022,7,5,1,23,NOCHE,COSTA,LEVE,0,0,,,,,,,,,200601.0,0.5657000696312142,79.93504063107561,71.14438533384025,9.31841991972829,829.1233898514824,181599.8115631692,8965.846000060003,1782.4120000599992,636.9959999999999,6546.438000000004,2214.505000059999,6751.341000000004,24.699342371541725,1,1,0,0,0,19.0,19.0,19.0,1.0,1.0,0.0,0.0,1,0,0.0,0.0,0.0,1.0,1.0,0.0,0.0,1.0,1.0,1.0
A-2022-07-173,ATROPELLO,1,0,0,LIMA,LIMA,RIMAC,URBANA,CARRETERA,NACIONAL,PE-1N,-12.0414462,-77.032747,DESPEJADO,COMERCIAL,TRAMO RECTO,PLANA ,ASFALTADA,SIN_DATO,SIN_DATO,SIN_DATO,SIN_DATO,EN PROCESO DE INVESTIGACIÓN,NO CUENTA CON CAUSA ESPECIFICA,2022,7,6,1,0,MADRUGADA,COSTA,LEVE,0,0,6543.555,3.0,Pavimentado,Bueno,1.0,Autopista del Sol,Eje Estructurante Norte,1475.0,150128.0,0.7300036506368504,80.21724456394445,75.11639588359114,10.636845733066124,1559.041185521695,156759.78800856532,7626.313,1683.4029999999998,1599.0829999999996,4343.827000000001,1814.875,5811.438000000001,23.797541485643197,2,1,0,1,0,58.0,58.0,58.0,1.0,0.0,0.0,0.0,1,0,0.0,0.0,0.0,0.0,0.0,1.0,0.0,1.0,1.0,1.0
A-2022-07-220,CHOQUE CON OBJETO FIJO,1,0,1,UCAYALI,CORONEL PORTILLO,CALLERIA,RURAL,CARRETERA,NACIONAL,PE-18C,-8.397753,-74.602609,DESPEJADO,RURAL,TRAMO RECTO,PLANA ,ASFALTADA,SIN_DATO,SIN_DATO,SIN_DATO,SIN_DATO,IMPRUDENCIA DEL CONDUCTOR,CONDUCIR EN ESTADO DE EBRIEDAD Y/O DROGADICCIÓN,2022,7,6,1,5,MADRUGADA,SELVA,LEVE,0,0,1169.3919999999998,2.0,Proyectado,Información no disponible,0.0,No concesionado,No corresponde,75.0,250101.0,0.5634769861561197,73.0016356967691,60.42057392437736,9.668331643433834,987.6889044977592,126065.34475374733,2689.139,392.697,1311.5319999999997,984.91,261.598,2427.541,9.727946379863592,1,1,0,0,0,27.0,27.0,27.0,1.0,0.0,0.0,0.0,1,0,0.0,0.0,1.0,0.0,1.0,0.0,0.0,1.0,1.0,1.0
A-2022-07-94,ATROPELLO FUGA,1,0,1,LAMBAYEQUE,LAMBAYEQUE,LAMBAYEQUE,URBANA,CARRETERA,NACIONAL,PE-1N,-6.689793,-79.903521,DESPEJADO,INDUSTRIAL,TRAMO RECTO,PLANA ,ASFALTADA,SIN_DATO,SIN_DATO,SIN_DATO,SIN_DATO,EN PROCESO DE INVESTIGACIÓN,NO CUENTA CON CAUSA ESPECIFICA,2022,7,6,1,7,MAÑANA,COSTA,LEVE,0,0,6543.555,3.0,Pavimentado,Bueno,1.0,Autopista del Sol,Eje Estructurante Norte,1475.0,140301.0,0.5539280527450423,74.69452916859504,66.89728158703436,9.542777400516576,872.5509264417765,79617.09421841543,3459.691,515.0619999999999,689.7280000000001,2254.901,703.3549999999999,2756.336,20.329994788551925,2,1,1,1,0,,,,0.0,0.0,0.0,0.0,1,1,1.0,0.0,0.0,0.0,0.0,0.0,0.0,0.0,0.0,1.0
A-2022-07-99,DESPISTE,1,0,1,LA LIBERTAD,SANCHEZ CARRION,SARTIMBAMBA,RURAL,CARRETERA,SIN CLASIFICAR,SIN CLASIFICAR,-7.512883811985602,-77.8255790040034,DESPEJADO,RURAL,TRAMO RECTO,PLANA ,TROCHA,SIN_DATO,SIN_DATO,SIN_DATO,SIN_DATO,IMPRUDENCIA DEL CONDUCTOR,OTRO (IMPRUDENCIA DEL CONDUCTOR),2022,7,6,1,10,MAÑANA,COSTA,LEVE,0,0,,,,,,,,,130908.0,0.1577696273838295,73.34939757302345,20.34278702044506,2.804184440523219,135.15658506181953,13367.980728051392,8931.828000000005,1335.5899999999997,1935.9830000000004,5660.255000000005,1219.309,7712.519000000005,13.651281686122925,1,1,0,0,0,34.0,34.0,34.0,1.0,0.0,0.0,0.0,1,0,0.0,1.0,0.0,0.0,0.0,0.0,1.0,0.0,0.0,0.0
A-2022-07-218,DESPISTE,1,0,1,CAJAMARCA,CAJAMARCA,COSPAN,URBANA,CARRETERA,SIN CLASIFICAR,SIN CLASIFICAR,-7.47553218,-78.48339357,DESPEJADO,RURAL,TRAMO RECTO,PLANA ,ASFALTADA,SIN_DATO,SIN_DATO,SIN_DATO,SIN_DATO,EN PROCESO DE INVESTIGACIÓN,NO CUENTA CON CAUSA ESPECIFICA,2022,7,6,1,16,TARDE,SIERRA,LEVE,0,0,,,,,,,,,60104.0,0.1913741190087475,72.16457305341952,25.12503806840365,3.650270193694703,156.4717005457997,6877.021413276232,15935.565011852366,1733.9250000199986,935.692,13265.948011832368,2000.1670000199988,13935.398011832369,12.551591352627522,2,1,0,0,1,22.0,22.0,22.0,1.0,0.0,0.0,0.0,1,0,0.0,0.0,0.0,1.0,0.0,1.0,0.0,0.0,0.0,0.0
A-2022-07-253,CHOQUE,2,2,4,JUNIN,HUANCAYO,PILCOMAYO,URBANA,AVENIDA,URBANO,NO CORRESPONDE,-12.05565008644459,-75.26356563031626,DESPEJADO,COMERCIAL,TRAMO RECTO,PLANA ,ASFALTADA,SIN_DATO,SIN_DATO,SIN_DATO,SIN_DATO,IMPRUDENCIA DEL CONDUCTOR,CONDUCIR EN ESTADO DE EBRIEDAD Y/O DROGADICCIÓN,2022,7,6,1,18,NOCHE,SIERRA,GRAVE_MORTALIDAD,1,0,,,,,,,,,120125.0,0.570857606214118,71.93419820356702,79.22395362517479,9.891853727583106,907.4771296679614,20078.124197002144,12264.545,1826.4639999999995,1105.5389999999998,9332.542,1588.5359999999996,10676.009,12.952261987705208,8,4,0,2,2,41.5,22.0,65.0,1.0,0.0,0.0,0.0,4,0,0.0,0.0,0.0,1.0,1.0,1.0,0.0,0.0,0.0,1.0
A-2022-07-32,ATROPELLO,1,2,1,PUNO,PUNO,PUNO,URBANA,CARRETERA,PROVINCIAL,PU-1093,-15.827552011713063,-70.0399982042656,DESPEJADO,COMERCIAL,TRAMO RECTO,PLANA ,ASFALTADA,SIN_DATO,SIN_DATO,SIN_DATO,SIN_DATO,IMPRUDENCIA DEL PEATÓN,ESTADO DE EBRIEDAD Y/O DROGADICCIÓN,2022,7,6,1,18,NOCHE,SIERRA,LEVE,0,0,,,,,,,,,210101.0,0.6488901960567479,69.67312345830231,82.12448375199249,11.701623814093702,1230.336353415943,144745.3597430407,13642.312999999998,2020.7790000000005,2354.117,9267.416999999998,3314.0520000000006,10328.260999999997,24.29244952817019,3,1,0,1,1,26.0,26.0,26.0,1.0,0.0,0.0,0.0,1,0,0.0,0.0,0.0,1.0,1.0,0.0,0.0,0.0,1.0,0.0
A-2022-07-171,ATROPELLO FUGA,1,0,1,LIMA,LIMA,VILLA EL SALVADOR,URBANA,CARRETERA,NACIONAL,PE-1S,-12.195246,-76.972876,DESPEJADO,COMERCIAL,TRAMO RECTO,PLANA ,ASFALTADA,SIN_DATO,SIN_DATO,SIN_DATO,SIN_DATO,EN PROCESO DE INVESTIGACIÓN,NO CUENTA CON CAUSA ESPECIFICA,2022,7,0,0,4,MADRUGADA,COSTA,LEVE,0,0,6639.975,2.0,Pavimentado,Bueno,1.0,No concesionado,Eje Estructurante Sur,1616.0,150142.0,0.6990481232857558,80.14597904142546,74.3851677794309,10.004397644056358,1432.5044292531525,459161.0728051392,7626.313,1683.4029999999998,1599.0829999999996,4343.827000000001,1814.875,5811.438000000001,23.797541485643197,2,1,1,1,0,,,,0.0,0.0,0.0,0.0,1,1,1.0,0.0,0.0,0.0,0.0,0.0,0.0,0.0,0.0,1.0
A-2022-07-50,CHOQUE,1,0,2,SAN MARTIN,RIOJA,RIOJA,RURAL,CARRETERA,NACIONAL,PE-5N,-6.035245,-77.199399,NUBLADO,RURAL,TRAMO RECTO,PLANA ,ASFALTADA,SIN_DATO,SIN_DATO,SIN_DATO,SIN_DATO,IMPRUDENCIA DEL CONDUCTOR,OTRO (IMPRUDENCIA DEL CONDUCTOR),2022,7,0,0,5,MADRUGADA,SELVA,LEVE,0,0,7758.33400008,2.0,Pavimentado,Bueno,1.0,No concesionado,Corredor IIRSA Norte,2133.0,220801.0,0.5963332411867256,73.80959983510441,63.34953560123128,8.251886446437874,1232.7304200473363,24031.167023554604,5645.136,815.0759999999999,965.298,3864.762,1013.406,4631.73,17.95184385283189,2,2,0,0,0,37.0,37.0,37.0,1.0,1.0,0.0,0.0,2,0,0.0,0.0,1.0,1.0,1.0,1.0,0.0,0.0,1.0,1.0
A-2022-07-114,DESPISTE,2,3,1,HUANCAVELICA,HUANCAVELICA,ACORIA,RURAL,CARRETERA,SIN CLASIFICAR,SIN CLASIFICAR,-12.602246,-74.89356,DESPEJADO,RURAL,CURVA,INCLINADA,AFIRMADO,SIN_DATO,SIN_DATO,SIN_DATO,SIN_DATO,EN PROCESO DE INVESTIGACIÓN,NO CUENTA CON CAUSA ESPECIFICA,2022,7,0,0,8,MAÑANA,SIERRA,GRAVE_MORTALIDAD,1,1,,,,,,,,,90103.0,0.2663454843382838,65.45457395221479,57.3335802782264,4.413119915061238,247.66524826450583,29100.053533190578,8511.426,1445.3929999999996,2008.516,5057.516999999999,1879.579,6631.846999999998,22.08300935706896,5,1,0,0,4,38.0,38.0,38.0,1.0,0.0,0.0,0.0,1,0,0.0,0.0,1.0,0.0,0.0,1.0,0.0,0.0,0.0,0.0
A-2022-07-113,DESPISTE,1,2,1,HUANCAVELICA,ANGARAES,HUANCA-HUANCA,RURAL,CARRETERA,DEPARTAMENTAL,HV-108,-12.92037,-74.60971,DESPEJADO,RURAL,CURVA,INCLINADA,CASCAJO/RIPIO,SIN_DATO,SIN_DATO,SIN_DATO,SIN_DATO,EN PROCESO DE INVESTIGACIÓN,NO CUENTA CON CAUSA ESPECIFICA,2022,7,0,0,10,MAÑANA,SIERRA,LEVE,0,0,,,,,,,,,90307.0,0.2162648349791796,73.56551346579275,26.55032652232296,3.842845894966702,192.6120252616244,1411.6316916488224,8511.426,1445.3929999999996,2008.516,5057.516999999999,1879.579,6631.846999999998,22.08300935706896,3,1,0,0,2,27.0,27.0,27.0,1.0,1.0,0.0,0.0,1,0,0.0,1.0,0.0,0.0,0.0,0.0,1.0,0.0,0.0,0.0
A-2022-07-48,ATROPELLO,1,2,1,CUSCO,ANTA,ANCAHUASI,RURAL,CARRETERA,NACIONAL,PE-3S,-13.4625344678638,-72.2872897292519,DESPEJADO,RURAL,TRAMO RECTO,INCLINADA,ASFALTADA,SI,REGULADORA (R),SIN_DATO,SI,IMPRUDENCIA DEL PEATÓN,ESTADO DE EBRIEDAD Y/O DROGADICCIÓN,2022,7,0,0,18,NOCHE,SIERRA,LEVE,0,0,7586.903,2.0,Pavimentado,Bueno,1.0,No concesionado,CO 10: Abancay - Ayacucho- Huancayo- La Oroya,1198.0,80302.0,0.2811173960891883,77.11100763906057,59.78223574586323,5.012239116376277,206.45731953948768,6402.226980728051,17779.13499998999,2097.3709999899997,2863.123,12818.640999999989,2878.713,14900.421999989989,16.19152450331032,3,1,0,1,1,36.0,36.0,36.0,1.0,0.0,0.0,1.0,1,0,0.0,0.0,0.0,0.0,1.0,0.0,0.0,1.0,1.0,1.0
A-2022-07-156,ATROPELLO,1,0,1,PUNO,PUNO,PAUCARCOLLA,RURAL,CARRETERA,NACIONAL,PE-3S,-15.6436849,-70.0829097,SOLEADO,RURAL,TRAMO RECTO,PLANA ,ASFALTADA,SIN_DATO,SIN_DATO,SIN_DATO,SIN_DATO,IMPRUDENCIA DEL PEATÓN,CRUCE INDEBIDO POR LA CALZADA,2022,7,0,0,20,NOCHE,SIERRA,LEVE,0,0,7586.903,2.0,Pavimentado,Bueno,1.0,No concesionado,CO 10: Abancay - Ayacucho- Huancayo- La Oroya,1198.0,210110.0,0.3204026151964153,69.29426309416309,70.2364823564305,6.371809812333516,265.9551058733816,4850.546038543897,13642.312999999998,2020.7790000000005,2354.117,9267.416999999998,3314.0520000000006,10328.260999999997,24.29244952817019,2,1,0,1,0,28.0,28.0,28.0,1.0,0.0,0.0,1.0,1,0,0.0,0.0,1.0,0.0,0.0,0.0,1.0,1.0,0.0,1.0
A-2022-07-38,DESPISTE,1,0,1,PUNO,CHUCUITO,PISACOMA,RURAL,CARRETERA,DEPARTAMENTAL,PU-152,-16.84497,-69.320417,DESPEJADO,RURAL,TRAMO RECTO,PLANA ,ASFALTADA,SIN_DATO,SIN_DATO,SIN_DATO,SIN_DATO,IMPRUDENCIA DEL CONDUCTOR,EXCESO DE VELOCIDAD,2022,7,1,0,3,MADRUGADA,SIERRA,LEVE,0,0,,,,,,,,,210405.0,0.2696974815108578,74.9186375943287,70.46996830894382,7.028380784760885,149.10236657806718,10986.09421841542,13642.312999999998,2020.7790000000005,2354.117,9267.416999999998,3314.0520000000006,10328.260999999997,24.29244952817019,1,1,0,0,0,44.0,44.0,44.0,1.0,1.0,0.0,0.0,1,0,0.0,0.0,0.0,1.0,0.0,0.0,1.0,0.0,0.0,0.0
A-2022-07-100,DESPISTE,2,2,1,LA LIBERTAD,SANCHEZ CARRION,CHUGAY,RURAL,CARRETERA,PROVINCIAL,LI-901,-7.894453,-77.737723,DESPEJADO,RURAL,TRAMO RECTO,PLANA ,TROCHA,SIN_DATO,SIN_DATO,SIN_DATO,SIN_DATO,IMPRUDENCIA DEL CONDUCTOR,OTRO (IMPRUDENCIA DEL CONDUCTOR),2022,7,1,0,9,MAÑANA,COSTA,GRAVE_MORTALIDAD,1,0,,,,,,,,,130902.0,0.1492206538659984,78.92776803590996,33.56043543982053,2.142334776786642,136.3088563134413,18539.64239828694,8931.828000000005,1335.5899999999997,1935.9830000000004,5660.255000000005,1219.309,7712.519000000005,13.651281686122925,4,1,0,0,3,54.0,54.0,54.0,1.0,0.0,0.0,0.0,1,0,0.0,1.0,0.0,0.0,0.0,0.0,1.0,0.0,0.0,0.0
A-2022-07-248,ATROPELLO,1,0,1,JUNIN,CHANCHAMAYO,PICHANAQUI,URBANA,JIRÓN,URBANO,NO CORRESPONDE,-10.925326459463628,-74.86886498178698,SIN_DATO,SIN_DATO,SIN_DATO,SIN_DATO,SIN_DATO,SIN_DATO,SIN_DATO,SIN_DATO,SIN_DATO,EN PROCESO DE INVESTIGACIÓN,NO CUENTA CON CAUSA ESPECIFICA,2022,7,1,0,9,MAÑANA,SIERRA,LEVE,0,0,,,,,,,,,120303.0,0.4504704361939795,78.21109613042135,53.36127577481231,6.956854509393587,612.1696439943328,61517.46466809421,12264.545,1826.4639999999995,1105.5389999999998,9332.542,1588.5359999999996,10676.009,12.952261987705208,2,1,0,1,0,45.0,45.0,45.0,1.0,0.0,0.0,0.0,1,0,0.0,0.0,1.0,0.0,0.0,0.0,1.0,0.0,0.0,0.0
A-2022-07-170,ATROPELLO FUGA,1,0,1,LIMA,LIMA,SANTA ANITA,URBANA,AVENIDA,URBANO,NO CORRESPONDE,-12.042063440615488,-76.96575702002707,DESPEJADO,COMERCIAL,TRAMO RECTO,PLANA ,ASFALTADA,SIN_DATO,SIN_DATO,SIN_DATO,SIN_DATO,EN PROCESO DE INVESTIGACIÓN,NO CUENTA CON CAUSA ESPECIFICA,2022,7,1,0,20,NOCHE,COSTA,LEVE,0,0,,,,,,,,,150137.0,0.7347309224519117,80.70014842215761,76.47981423089655,10.519505095866096,1571.8150981252256,229834.5310492505,7626.313,1683.4029999999998,1599.0829999999996,4343.827000000001,1814.875,5811.438000000001,23.797541485643197,2,1,1,1,0,,,,0.0,0.0,0.0,0.0,1,1,1.0,0.0,0.0,0.0,0.0,0.0,0.0,0.0,0.0,1.0
A-2022-07-233,CHOQUE,1,0,2,LIMA,HUAURA,HUACHO,URBANA,CARRETERA,NACIONAL,PE-1N,-11.120190190215116,-77.59397243294644,DESPEJADO,RESIDENCIAL,INTERSECCIÓN,PLANA ,ASFALTADA,SI,REGULADORA (R),PREVENTIVA (P),NO,IMPRUDENCIA DEL CONDUCTOR,NO ESTABLECER EL DERECHO DE PASO,2022,7,2,0,5,MADRUGADA,COSTA,LEVE,0,0,6543.555,3.0,Pavimentado,Bueno,1.0,Autopista del Sol,Eje Estructurante Norte,1475.0,150801.0,0.7327345537337897,78.20903814342847,76.31492653513806,13.642917835589472,1405.6698219039215,62016.21841541756,7626.313,1683.4029999999998,1599.0829999999996,4343.827000000001,1814.875,5811.438000000001,23.797541485643197,2,2,0,0,0,38.5,33.0,44.0,1.0,0.0,0.0,1.0,2,0,0.0,1.0,1.0,0.0,1.0,0.0,1.0,0.0,0.0,0.0
A-2022-07-169,ATROPELLO,1,0,1,LIMA,LIMA,SAN JUAN DE MIRAFLORES,URBANA,AVENIDA,URBANO,NO CORRESPONDE,-12.16751676734652,-76.97859942866633,DESPEJADO,COMERCIAL,TRAMO RECTO,PLANA ,ASFALTADA,SI,PREVENTIVA (P),SIN_DATO,NO,EN PROCESO DE INVESTIGACIÓN,NO CUENTA CON CAUSA ESPECIFICA,2022,7,2,0,11,MAÑANA,COSTA,LEVE,0,0,,,,,,,,,150133.0,0.7289998534947872,80.50926319493618,76.9124822838204,10.358587270463827,1551.106643515347,384728.5117773019,7626.313,1683.4029999999998,1599.0829999999996,4343.827000000001,1814.875,5811.438000000001,23.797541485643197,2,1,0,1,0,75.0,75.0,75.0,1.0,0.0,0.0,0.0,1,0,0.0,0.0,0.0,0.0,0.0,1.0,0.0,1.0,0.0,1.0
A-2022-07-254,ATROPELLO,1,0,1,JUNIN,HUANCAYO,EL TAMBO,RURAL,CARRETERA,NACIONAL,PE-3S,-12.053836,-75.224944,DESPEJADO,COMERCIAL,TRAMO RECTO,PLANA ,ASFALTADA,SIN_DATO,SIN_DATO,SIN_DATO,SIN_DATO,IMPRUDENCIA DEL PEATÓN,CRUCE INDEBIDO POR LA CALZADA,2022,7,2,0,12,TARDE,SIERRA,LEVE,0,0,7586.903,2.0,Pavimentado,Bueno,1.0,No concesionado,CO 10: Abancay - Ayacucho- Huancayo- La Oroya,1198.0,120114.0,0.6349620447591086,73.34739425042062,78.85040671556425,11.216598893401857,1118.0127433957432,167365.50535331905,12264.545,1826.4639999999995,1105.5389999999998,9332.542,1588.5359999999996,10676.009,12.952261987705208,2,1,0,1,0,43.0,43.0,43.0,1.0,0.0,0.0,1.0,1,0,0.0,1.0,0.0,0.0,0.0,0.0,1.0,0.0,0.0,0.0
A-2022-07-52,DESPISTE,1,0,1,CUSCO,LA CONVENCION,SANTA TERESA,RURAL,CARRETERA,DEPARTAMENTAL,CU-109,-13.2786957,-72.6506313,DESPEJADO,RURAL,CURVA,INCLINADA,AFIRMADO,SIN_DATO,SIN_DATO,SIN_DATO,SIN_DATO,IMPRUDENCIA DEL CONDUCTOR,OTRO (IMPRUDENCIA DEL CONDUCTOR),2022,7,2,0,15,TARDE,SIERRA,LEVE,0,0,,,,,,,,,80908.0,0.4183383728297812,76.39884073986579,59.363988970978056,6.559125700034828,507.29897716596827,5045.957173447538,17779.13499998999,2097.3709999899997,2863.123,12818.640999999989,2878.713,14900.421999989989,16.19152450331032,1,1,0,0,0,57.0,57.0,57.0,1.0,0.0,0.0,0.0,1,0,0.0,0.0,0.0,1.0,1.0,0.0,0.0,1.0,1.0,1.0
A-2022-07-272,CHOQUE,1,0,2,UCAYALI,CORONEL PORTILLO,CALLERIA,RURAL,CARRETERA,NACIONAL,PE-18C,-8.395968,-74.595744,DESPEJADO,RURAL,TRAMO RECTO,PLANA ,ASFALTADA,SIN_DATO,SIN_DATO,SIN_DATO,SIN_DATO,IMPRUDENCIA DEL CONDUCTOR,ADELANTAR INDEBIDAMENTE,2022,7,2,0,16,TARDE,SELVA,LEVE,0,0,1169.3919999999998,2.0,Proyectado,Información no disponible,0.0,No concesionado,No corresponde,75.0,250101.0,0.5634769861561197,73.0016356967691,60.42057392437736,9.668331643433834,987.6889044977592,126065.34475374733,2689.139,392.697,1311.5319999999997,984.91,261.598,2427.541,9.727946379863592,2,2,0,0,0,46.5,22.0,71.0,1.0,1.0,0.0,0.0,2,0,0.0,1.0,1.0,0.0,1.0,0.0,0.0,0.0,1.0,0.0
A-2022-07-70,CHOQUE,1,1,2,ICA,PISCO,SAN CLEMENTE,RURAL,CARRETERA,NACIONAL,PE-1SE,-13.654171,-76.17378,DESPEJADO,RURAL,TRAMO RECTO,PLANA ,ASFALTADA,SIN_DATO,SIN_DATO,SIN_DATO,SIN_DATO,IMPRUDENCIA DEL CONDUCTOR,ADELANTAR INDEBIDAMENTE,2022,7,2,0,17,TARDE,COSTA,LEVE,0,0,205.54999999999995,-1.0,Pavimentado,Bueno,1.0,Red Vial N° 6 - Tramo Vial: Puente Pucusana - Cerro Azul  Ica,Eje Estructurante Sur,15.0,110507.0,0.5723734005661165,76.14778354007997,72.53650205141851,9.107715991741182,922.4721268572972,24272.76659528908,3721.461,698.1859999999996,744.866,2278.409,1102.9029999999996,2618.558,29.636290693359403,3,2,0,0,1,46.0,31.0,61.0,1.0,0.0,0.0,1.0,2,0,0.0,1.0,0.0,0.0,0.0,0.0,1.0,0.0,0.0,0.0
A-2022-07-121,CHOQUE,1,0,2,CUSCO,ESPINAR,OCORURO,RURAL,CARRETERA,NACIONAL,PE-34J,-15.1313954,-71.1118835,DESPEJADO,RURAL,TRAMO RECTO,PLANA ,ASFALTADA,SIN_DATO,SIN_DATO,SIN_DATO,SIN_DATO,IMPRUDENCIA DEL CONDUCTOR,EXCESO DE VELOCIDAD,2022,7,2,0,19,NOCHE,SIERRA,LEVE,0,0,568.5409999999999,1.0,Pavimentado,Regular,0.0,No concesionado,Alimentador del corredor logístico 05,93.0,80804.0,0.3491291336434085,68.34579473193322,63.63866309000273,4.984551874124405,419.36068685534286,1114.627408993576,17779.13499998999,2097.3709999899997,2863.123,12818.640999999989,2878.713,14900.421999989989,16.19152450331032,2,2,0,0,0,53.5,42.0,65.0,1.0,0.0,0.0,1.0,2,0,0.0,0.0,0.0,1.0,0.0,0.0,1.0,0.0,1.0,1.0
A-2022-07-75,CHOQUE,1,0,2,CUSCO,ESPINAR,ESPINAR,RURAL,CARRETERA,NACIONAL,PE-3SW,-14.821055,-71.44522,DESPEJADO,RURAL,TRAMO RECTO,PLANA ,ASFALTADA,SIN_DATO,SIN_DATO,SIN_DATO,SIN_DATO,IMPRUDENCIA DEL CONDUCTOR,INVASIÓN DE CARRIL,2022,7,2,0,20,NOCHE,SIERRA,LEVE,0,0,363.645,-1.0,Afirmado,Bueno,0.0,No concesionado,No corresponde,37.0,80801.0,0.553052655456334,69.21726434550523,74.04128761826507,8.709280027519238,977.6848841665504,33976.192719486084,17779.13499998999,2097.3709999899997,2863.123,12818.640999999989,2878.713,14900.421999989989,16.19152450331032,2,2,0,0,0,49.0,32.0,66.0,1.0,1.0,0.0,0.0,2,0,0.0,0.0,0.0,1.0,1.0,1.0,0.0,0.0,1.0,1.0