CODIGO_SINIESTRO,CLASE SINIESTRO,CANTIDAD DE FALLECIDOS,CANTIDAD DE LESIONADOS,CANTIDAD DE VEHICULOS DAÑADOS,DEPARTAMENTO,PROVINCIA,DISTRITO,ZONA,TIPO DE VÍA,RED VIAL,COD CARRETERA,COORDENADAS LATITUD,COORDENADAS  LONGITUD,CONDICIÓN CLIMÁTICA,ZONIFICACIÓN,CARACTERÍSTICAS DE VÍA,PERFIL LONGITUDINAL VÍA,SUPERFICIE DE CALZADA,¿EXISTE SEÑAL VERTICAL?,CLASIFICACIÓN DE LA SEÑAL VERTICAL Nº 1,CLASIFICACIÓN DE LA SEÑAL VERTICAL Nº 2,¿EXISTE SEÑAL HORIZONTAL?,CAUSA FACTOR PRINCIPAL,CAUSA ESPECÍFICA,AÑO,MES,DIA_SEMANA,ES_FIN_SEMANA,HORA_NUM,FRANJA_HORARIA,REGION_NATURAL,CATEGORIA_SEVERIDAD,MORTALIDAD_MULTIPLE,LESION_MULTIPLE,MTC_RVN_LONGITUD_KM,MTC_RVN_N_CARRILES_MEDIANA,MTC_RVN_SUPERFICIE_DOMINANTE,MTC_RVN_ESTADO_DOMINANTE,MTC_RVN_ES_CONCESIONADA,MTC_RVN_CONCESION_PRINCIPAL,MTC_RVN_CORREDOR_LOGISTICO,MTC_RVN_N_TRAMOS,IDH_UBIGEO,IDH_2019,IDH_ESP_VIDA_2019,IDH_EDUC_SECUND_PCT_2019,IDH_ANIOS_EDUC_2019,IDH_INGRESO_PERCAP_2019,IDH_POBLACION_2019,MTC_DEP_RED_TOTAL_KM,MTC_DEP_NACIONAL_TOTAL_KM,MTC_DEP_DEPARTAMENTAL_TOTAL_KM,MTC_DEP_VECINAL_TOTAL_KM,MTC_DEP_PAV_TOTAL_KM,MTC_DEP_NO_PAV_TOTAL_KM,MTC_DEP_PCT_PAVIMENTADA,PER_TOTAL_PERSONAS,PER_N_CONDUCTORES,PER_N_CONDUCTORES_FUGADOS,PER_N_PEATONES,PER_N_PASAJEROS_OCUPANTES,PER_EDAD_COND_PROM,PER_EDAD_COND_MIN,PER_EDAD_COND_MAX,PER_ANY_COND_MASCULINO,PER_ANY_LIC_PROBLEMA,PER_ANY_DOSAJE_POS,PER_ANY_DOSAJE_EVALUADO,VEH_TOTAL,VEH_N_FUGADOS,VEH_ANY_FUGADO,VEH_ANY_CARGA,VEH_ANY_PUBLICO,VEH_ANY_PARTICULAR,VEH_ANY_MOTO,VEH_ANY_AUTO,VEH_ANY_CAMION_BUS,VEH_ANY_SOAT_PROBLEMA,VEH_ANY_CITV_PROBLEMA,VEH_ANY_SEGURO_PROBLEMA
A-2022-11-53,CHOQUE,1,0,1,PUNO,CHUCUITO,JULI,URBANA,AVENIDA,URBANO,NO CORRESPONDE,-16.2195585,-69.4758524,DESPEJADO,COMERCIAL,TRAMO RECTO,PLANA ,ASFALTADA,SIN_DATO,SIN_DATO,SIN_DATO,SIN_DATO,IMPRUDENCIA DEL CONDUCTOR,OTRO (IMPRUDENCIA DEL CONDUCTOR),2022,11,1,0,21,NOCHE,SIERRA,LEVE,0,0,,,,,,,,,210401.0,0.4138545322335047,72.42365757071663,75.18782800461412,7.422478928805024,440.156451811849,19964.802997858675,13642.312999999998,2020.7790000000005,2354.117,9267.416999999998,3314.0520000000006,10328.260999999997,24.29244952817019,2,2,1,0,0,30.0,30.0,30.0,1.0,1.0,0.0,0.0,2,1,1.0,0.0,0.0,1.0,1.0,0.0,0.0,1.0,0.0,1.0
A-2022-11-144,ATROPELLO,1,0,1,LIMA,LIMA,SAN MARTIN DE PORRES,URBANA,CARRETERA,NACIONAL,PE-1N,-12.00976,-77.060729,DESPEJADO,COMERCIAL,TRAMO RECTO,PLANA ,ASFALTADA,SIN_DATO,SIN_DATO,SIN_DATO,SIN_DATO,EN PROCESO DE INVESTIGACIÓN,NO CUENTA CON CAUSA ESPECIFICA,2022,11,1,0,23,NOCHE,COSTA,LEVE,0,0,6543.555,3.0,Pavimentado,Bueno,1.0,Autopista del Sol,Eje Estructurante Norte,1475.0,150135.0,0.7419979630670723,80.31822295927182,79.00446395716813,11.084203715652809,1554.6868971011318,739416.2413542903,7626.313,1683.4029999999998,1599.0829999999996,4343.827000000001,1814.875,5811.438000000001,23.797541485643197,2,1,0,1,0,29.0,29.0,29.0,1.0,0.0,0.0,0.0,1,0,0.0,0.0,1.0,0.0,0.0,0.0,1.0,0.0,0.0,0.0
A-2022-11-145,CHOQUE,1,1,1,LIMA,LIMA,LOS OLIVOS,URBANA,CARRETERA,NACIONAL,PE-1N,-11.974377,-77.066469,DESPEJADO,COMERCIAL,TRAMO RECTO,PLANA ,ASFALTADA,SIN_DATO,SIN_DATO,SIN_DATO,SIN_DATO,EN PROCESO DE INVESTIGACIÓN,NO CUENTA CON CAUSA ESPECIFICA,2022,11,2,0,5,MADRUGADA,COSTA,LEVE,0,0,6543.555,3.0,Pavimentado,Bueno,1.0,Autopista del Sol,Eje Estructurante Norte,1475.0,150117.0,0.758462599563312,80.5192231989937,79.20045639149897,11.33839041452458,1628.5661148492152,363987.54389721627,7626.313,1683.4029999999998,1599.0829999999996,4343.827000000001,1814.875,5811.438000000001,23.797541485643197,3,2,0,0,1,34.5,25.0,44.0,1.0,0.0,0.0,0.0,2,0,0.0,1.0,0.0,1.0,0.0,1.0,1.0,0.0,0.0,0.0
A-2022-11-84,ATROPELLO FUGA,1,0,1,LA LIBERTAD,CHEPEN,PACANGA,RURAL,CARRETERA,NACIONAL,PE-1N,-7.15281476530781,-79.44806478639671,DESPEJADO,RURAL,TRAMO RECTO,PLANA ,ASFALTADA,SIN_DATO,SIN_DATO,SIN_DATO,SIN_DATO,IMPRUDENCIA DEL PEATÓN,CRUCE INDEBIDO POR LA CALZADA,2022,11,2,0,5,MADRUGADA,COSTA,LEVE,0,0,6543.555,3.0,Pavimentado,Bueno,1.0,Autopista del Sol,Eje Estructurante Norte,1475.0,130402.0,0.5114727232493018,78.60606800160349,61.153108160372966,6.422343227671115,862.4189512831092,24701.19700214133,8931.828000000005,1335.5899999999997,1935.9830000000004,5660.255000000005,1219.309,7712.519000000005,13.651281686122925,2,1,1,1,0,,,,0.0,0.0,0.0,0.0,1,1,1.0,0.0,0.0,0.0,0.0,0.0,0.0,0.0,0.0,1.0
A-2022-11-123,DESPISTE,1,0,1,LIMA,BARRANCA,BARRANCA,URBANA,JIRÓN,URBANO,NO CORRESPONDE,-10.74845161,-77.75889143,DESPEJADO,RESIDENCIAL,TRAMO RECTO,PLANA ,ASFALTADA,SIN_DATO,SIN_DATO,SIN_DATO,SIN_DATO,EN PROCESO DE INVESTIGACIÓN,NO CUENTA CON CAUSA ESPECIFICA,2022,11,2,0,5,MADRUGADA,COSTA,LEVE,0,0,,,,,,,,,150201.0,0.6351794046894105,80.8024412070713,71.35332766738335,9.404359888374977,1133.7779214188106,74926.62740899358,7626.313,1683.4029999999998,1599.0829999999996,4343.827000000001,1814.875,5811.438000000001,23.797541485643197,1,1,0,0,0,28.0,28.0,28.0,1.0,0.0,0.0,0.0,1,0,0.0,0.0,0.0,1.0,1.0,0.0,0.0,1.0,0.0,0.0
A-2022-11-126,VOLCADURA,1,6,1,CAJAMARCA,CAJABAMBA,CACHACHI,RURAL,CARRETERA,DEPARTAMENTAL,CA-111,-7.666417,-78.189319,SOLEADO,RURAL,CURVA,INCLINADA,ASFALTADA,NO,SIN_DATO,SIN_DATO,SI,IMPRUDENCIA DEL CONDUCTOR,EXCESO DE VELOCIDAD,2022,11,2,0,7,MAÑANA,SIERRA,GRAVE_LESIONADOS,0,1,,,,,,,,,60202.0,0.2948350537014906,77.15212155268404,35.50451291723821,3.7775920646885006,361.8643687343071,26075.62526766595,15935.565011852366,1733.9250000199986,935.692,13265.948011832368,2000.1670000199988,13935.398011832369,12.551591352627522,7,1,0,0,6,52.0,52.0,52.0,1.0,0.0,0.0,0.0,1,0,0.0,0.0,1.0,0.0,0.0,1.0,0.0,0.0,0.0,0.0
A-2022-11-44,DESPISTE,2,0,1,ANCASH,BOLOGNESI,HUALLANCA,RURAL,CARRETERA,NACIONAL,PE-3N,-9.89893811844632,-76.94136645151447,DESPEJADO,RURAL,CURVA,INCLINADA,ASFALTADA,SIN_DATO,SIN_DATO,SIN_DATO,SIN_DATO,EN PROCESO DE INVESTIGACIÓN,NO CUENTA CON CAUSA ESPECIFICA,2022,11,2,0,13,TARDE,SIERRA,GRAVE_MORTALIDAD,1,0,9936.932,2.0,Pavimentado,Bueno,1.0,No concesionado,No corresponde,3830.0,20508.0,0.4528764910178437,69.40385538780896,42.88781939545183,7.286327588134491,795.0167200790081,7349.483940042827,10767.648,1885.0630000000003,1222.721,7659.864000000001,2100.343,8667.305000000002,19.506051832303577,2,1,0,0,1,54.0,54.0,54.0,1.0,0.0,0.0,0.0,1,0,0.0,1.0,0.0,0.0,0.0,0.0,1.0,0.0,0.0,0.0
A-2022-11-166,DESPISTE,1,0,1,PUNO,LAMPA,SANTA LUCIA,RURAL,CARRETERA,NACIONAL,PE-34A,-15.6931733,-70.8136945,DESPEJADO,RURAL,TRAMO RECTO,PLANA ,ASFALTADA,SIN_DATO,SIN_DATO,SIN_DATO,SIN_DATO,IMPRUDENCIA DEL CONDUCTOR,EXCESO DE VELOCIDAD,2022,11,2,0,18,NOCHE,SIERRA,LEVE,0,0,1504.4250000000002,2.0,Pavimentado,Bueno,1.0,IIRSA Sur - Tramo 5: Matarani - Azángaro - Ilo,Corredor Matarani - Arequipa - Juliaca,241.0,210709.0,0.4698599762559323,78.4228993312338,68.12786536644234,6.991927650318564,610.3916333612686,6938.8501070663815,13642.312999999998,2020.7790000000005,2354.117,9267.416999999998,3314.0520000000006,10328.260999999997,24.29244952817019,1,1,0,0,0,38.0,38.0,38.0,1.0,0.0,0.0,0.0,1,0,0.0,1.0,0.0,0.0,0.0,0.0,1.0,1.0,1.0,1.0
A-2022-11-146,ATROPELLO,1,1,1,LIMA,LIMA,BREÑA,URBANA,AVENIDA,URBANO,NO CORRESPONDE,-12.06794779380365,-77.04804799852288,DESPEJADO,COMERCIAL,TRAMO RECTO,PLANA ,ASFALTADA,SIN_DATO,SIN_DATO,SIN_DATO,SIN_DATO,EN PROCESO DE INVESTIGACIÓN,NO CUENTA CON CAUSA ESPECIFICA,2022,11,2,0,20,NOCHE,COSTA,LEVE,0,0,,,,,,,,,150105.0,0.8121144527422384,79.97904399655734,78.94895329190118,12.90572492982067,1868.6660163168403,75598.19486081369,7626.313,1683.4029999999998,1599.0829999999996,4343.827000000001,1814.875,5811.438000000001,23.797541485643197,3,1,0,2,0,39.0,39.0,39.0,1.0,0.0,0.0,0.0,1,0,0.0,0.0,1.0,0.0,0.0,0.0,1.0,0.0,0.0,0.0
A-2022-11-188,DESPISTE,1,0,1,AMAZONAS,UTCUBAMBA,CAJARURO,RURAL,CARRETERA,SIN CLASIFICAR,SIN CLASIFICAR,-5.76693263012645,-78.1896960691936,DESPEJADO,RURAL,CURVA,INCLINADA,TROCHA,SIN_DATO,SIN_DATO,SIN_DATO,SIN_DATO,EN PROCESO DE INVESTIGACIÓN,NO CUENTA CON CAUSA ESPECIFICA,2022,11,2,0,20,NOCHE,SELVA,LEVE,0,0,,,,,,,,,10702.0,0.451709642936526,71.53289088984752,56.20344511610869,4.9091327649756495,870.0823312758678,24816.633832976444,3903.732,1155.121,585.018,2163.5930000000003,943.591,2960.1410000000005,24.17151074920102,2,1,1,0,1,36.0,36.0,36.0,1.0,1.0,0.0,0.0,1,0,0.0,0.0,0.0,1.0,0.0,0.0,1.0,1.0,1.0,1.0
A-2022-11-7,ATROPELLO FUGA,1,0,0,ICA,PISCO,TUPAC AMARU INCA,RURAL,CARRETERA,NACIONAL,PE-1S,-13.692376,-76.15555,DESPEJADO,RURAL,TRAMO RECTO,PLANA ,ASFALTADA,SIN_DATO,SIN_DATO,SIN_DATO,SIN_DATO,EN PROCESO DE INVESTIGACIÓN,NO CUENTA CON CAUSA ESPECIFICA,2022,11,3,0,5,MADRUGADA,COSTA,LEVE,0,0,6639.975,2.0,Pavimentado,Bueno,1.0,No concesionado,Eje Estructurante Sur,1616.0,110508.0,0.5696694820585885,76.2909275323045,69.48567446797,9.676838165172294,893.651744105921,19052.702355460384,3721.461,698.1859999999996,744.866,2278.409,1102.9029999999996,2618.558,29.636290693359403,2,1,1,1,0,,,,0.0,0.0,0.0,0.0,1,1,1.0,0.0,0.0,0.0,0.0,0.0,0.0,0.0,0.0,1.0
A-2022-11-31,ATROPELLO,1,0,1,CUSCO,URUBAMBA,YUCAY,URBANA,CARRETERA,NACIONAL,PE-28B,-13.323544391560455,-72.08126416001991,DESPEJADO,RESIDENCIAL,INTERSECCIÓN,PLANA ,ASFALTADA,NO,SIN_DATO,SIN_DATO,SI,IMPRUDENCIA DEL CONDUCTOR,EXCESO DE VELOCIDAD,2022,11,3,0,5,MADRUGADA,SIERRA,LEVE,0,0,3447.8009999999995,1.0,Pavimentado,Regular,0.0,No concesionado,Corredor Ayacucho - Quellouno - Quillabamba,1109.0,81307.0,0.6467436323237573,79.23148267907465,67.52594538772321,10.132837841128774,1206.994437940653,3183.13704496788,17779.13499998999,2097.3709999899997,2863.123,12818.640999999989,2878.713,14900.421999989989,16.19152450331032,2,1,0,1,0,44.0,44.0,44.0,1.0,0.0,0.0,1.0,1,0,0.0,0.0,1.0,0.0,0.0,0.0,1.0,0.0,0.0,0.0
A-2022-11-54,CHOQUE,2,0,2,PUNO,EL COLLAO,PILCUYO,RURAL,CARRETERA,PROVINCIAL,PU-1180,-16.060408,-69.481173,DESPEJADO,RURAL,TRAMO RECTO,PLANA ,ASFALTADA,SIN_DATO,SIN_DATO,SIN_DATO,SIN_DATO,IMPRUDENCIA DEL CONDUCTOR,GIRAR IMPRUDENTEMENTE,2022,11,3,0,18,NOCHE,SIERRA,GRAVE_MORTALIDAD,1,0,,,,,,,,,210503.0,0.2613641192883233,79.6090612964439,69.87345878214366,5.552108294960823,147.53606639786318,10083.702355460387,13642.312999999998,2020.7790000000005,2354.117,9267.416999999998,3314.0520000000006,10328.260999999997,24.29244952817019,3,2,0,0,1,65.5,64.0,67.0,1.0,1.0,0.0,0.0,2,0,0.0,0.0,0.0,1.0,1.0,0.0,0.0,1.0,0.0,1.0
A-2022-12-226,DESPISTE,1,0,1,LORETO,MAYNAS,SAN JUAN BAUTISTA,URBANA,CARRETERA,DEPARTAMENTAL,LO-103,-3.78496327320028,-73.2997994964073,DESPEJADO,RURAL,TRAMO RECTO,PLANA ,ASFALTADA,SIN_DATO,SIN_DATO,SIN_DATO,SIN_DATO,IMPRUDENCIA DEL CONDUCTOR,CONDUCIR EN ESTADO DE EBRIEDAD Y/O DROGADICCIÓN,2022,11,4,0,1,MADRUGADA,SELVA,LEVE,0,0,,,,,,,,,160113.0,0.578134350962316,72.90307998335238,55.49705098903474,10.509480811415798,1057.596132242517,149460.57173447538,1095.5949999999998,128.87099999999998,320.74700000000007,645.9769999999999,274.214,821.381,25.02877431897737,1,1,0,0,0,55.0,55.0,55.0,1.0,1.0,0.0,0.0,1,0,0.0,0.0,0.0,0.0,1.0,0.0,0.0,1.0,1.0,1.0
A-2022-11-242,CHOQUE,1,2,2,AYACUCHO,HUAMANGA,CHIARA,RURAL,CARRETERA,NACIONAL,PE-3S,-13.30830702,-74.22658492,DESPEJADO,RURAL,TRAMO RECTO,INCLINADA,ASFALTADA,SI,PREVENTIVA (P),SIN_DATO,NO,IMPRUDENCIA DEL CONDUCTOR,INVASIÓN DE CARRIL,2022,11,4,0,6,MAÑANA,SIERRA,LEVE,0,0,7586.903,2.0,Pavimentado,Bueno,1.0,No concesionado,CO 10: Abancay - Ayacucho- Huancayo- La Oroya,1198.0,50105.0,0.3247312330485405,68.57537050324747,46.66146619568446,5.125443322268163,386.5923984732166,6998.3704496788005,12678.733000000004,1805.074000000001,1774.0339999999994,9099.625000000004,2485.375000000001,10193.358000000002,19.602707936195205,3,2,0,0,1,42.0,41.0,43.0,1.0,0.0,0.0,1.0,2,0,0.0,0.0,1.0,0.0,0.0,0.0,1.0,1.0,1.0,1.0
A-2022-11-92,CHOQUE,1,0,2,LA LIBERTAD,TRUJILLO,TRUJILLO,URBANA,AVENIDA,URBANO,NO CORRESPONDE,-8.091836,-79.034714,DESPEJADO,RESIDENCIAL,CURVA,INCLINADA,ASFALTADA,SIN_DATO,SIN_DATO,SIN_DATO,SIN_DATO,IMPRUDENCIA DEL CONDUCTOR,INVASIÓN DE CARRIL,2022,11,4,0,6,MAÑANA,COSTA,LEVE,0,0,,,,,,,,,130101.0,0.7151155191839451,79.57652607829836,77.25576500264712,11.809756866444314,1377.9438475528384,331253.00214132766,8931.828000000005,1335.5899999999997,1935.9830000000004,5660.255000000005,1219.309,7712.519000000005,13.651281686122925,2,2,0,0,0,33.5,27.0,40.0,1.0,1.0,0.0,0.0,2,0,0.0,1.0,0.0,1.0,1.0,0.0,1.0,0.0,0.0,0.0
A-2022-11-102,DESPISTE,1,0,1,ANCASH,CASMA,CASMA,RURAL,CARRETERA,NACIONAL,PE-1N,-9.634016830211207,-78.25794921682309,DESPEJADO,RURAL,TRAMO RECTO,PLANA ,ASFALTADA,SIN_DATO,SIN_DATO,SIN_DATO,SIN_DATO,EN PROCESO DE INVESTIGACIÓN,NO CUENTA CON CAUSA ESPECIFICA,2022,11,4,0,6,MAÑANA,SIERRA,LEVE,0,0,6543.555,3.0,Pavimentado,Bueno,1.0,Autopista del Sol,Eje Estructurante Norte,1475.0,20801.0,0.5873460606982213,78.04758132038613,65.8701248560095,8.596987164492063,1041.0659985770535,35482.29764453961,10767.648,1885.0630000000003,1222.721,7659.864000000001,2100.343,8667.305000000002,19.506051832303577,2,1,0,0,1,37.0,37.0,37.0,1.0,0.0,0.0,0.0,1,0,0.0,0.0,0.0,1.0,0.0,1.0,0.0,0.0,0.0,0.0
A-2022-11-85,DESPISTE,11,16,1,LA LIBERTAD,PACASMAYO,SAN PEDRO DE LLOC,RURAL,CARRETERA,NACIONAL,PE-1N,-7.453194,-79.490454,DESPEJADO,RURAL,ÓVALO,INCLINADA,ASFALTADA,SIN_DATO,SIN_DATO,SIN_DATO,SIN_DATO,IMPRUDENCIA DEL CONDUCTOR,FATIGA Y/O CANSANCIO,2022,11,4,0,9,MAÑANA,COSTA,GRAVE_MORTALIDAD,1,1,6543.555,3.0,Pavimentado,Bueno,1.0,Autopista del Sol,Eje Estructurante Norte,1475.0,130701.0,0.6138517538553948,80.84826225715301,64.49339622566798,9.143362084626023,1095.689060330069,16852.97430406852,8931.828000000005,1335.5899999999997,1935.9830000000004,5660.255000000005,1219.309,7712.519000000005,13.651281686122925,28,1,0,0,27,41.0,41.0,41.0,1.0,0.0,0.0,0.0,1,0,0.0,0.0,1.0,0.0,0.0,0.0,1.0,0.0,0.0,0.0
A-2022-11-147,ATROPELLO,1,0,1,LIMA,LIMA,LOS OLIVOS,URBANA,AVENIDA,URBANO,NO CORRESPONDE,-11.989731500526345,-77.06459178954998,DESPEJADO,COMERCIAL,ÓVALO,PLANA ,ASFALTADA,SI,PREVENTIVA (P),SIN_DATO,NO,EN PROCESO DE INVESTIGACIÓN,NO CUENTA CON CAUSA ESPECIFICA,2022,11,4,0,18,NOCHE,COSTA,LEVE,0,0,,,,,,,,,150117.0,0.758462599563312,80.5192231989937,79.20045639149897,11.33839041452458,1628.5661148492152,363987.54389721627,7626.313,1683.4029999999998,1599.0829999999996,4343.827000000001,1814.875,5811.438000000001,23.797541485643197,2,1,0,1,0,41.0,41.0,41.0,1.0,0.0,0.0,0.0,1,0,0.0,0.0,0.0,0.0,0.0,0.0,1.0,0.0,0.0,0.0
A-2022-11-22,ATROPELLO FUGA,1,0,1,CUSCO,ANTA,ANTA,RURAL,CARRETERA,NACIONAL,PE-3S,-13.4744457142765,-72.15729923800652,DESPEJADO,RURAL,TRAMO RECTO,PLANA ,ASFALTADA,SIN_DATO,SIN_DATO,SIN_DATO,SIN_DATO,EN PROCESO DE INVESTIGACIÓN,NO CUENTA CON CAUSA ESPECIFICA,2022,11,5,1,2,MADRUGADA,SIERRA,LEVE,0,0,7586.903,2.0,Pavimentado,Bueno,1.0,No concesionado,CO 10: Abancay - Ayacucho- Huancayo- La Oroya,1198.0,80301.0,0.4461630003962475,73.21502670801013,72.39928330950325,7.637017072327872,534.399353077353,18328.770877944324,17779.13499998999,2097.3709999899997,2863.123,12818.640999999989,2878.713,14900.421999989989,16.19152450331032,2,1,1,1,0,,,,0.0,0.0,0.0,0.0,1,1,1.0,0.0,0.0,0.0,0.0,0.0,0.0,0.0,0.0,1.0
A-2022-11-46,DESPISTE,1,0,1,ANCASH,HUARI,PONTO,RURAL,CARRETERA,SIN CLASIFICAR,SIN CLASIFICAR,-9.327396358110548,-77.00286239987815,DESPEJADO,RURAL,TRAMO RECTO,PLANA ,TROCHA,SIN_DATO,SIN_DATO,SIN_DATO,SIN_DATO,EN PROCESO DE INVESTIGACIÓN,NO CUENTA CON CAUSA ESPECIFICA,2022,11,5,1,4,MADRUGADA,SIERRA,LEVE,0,0,,,,,,,,,21011.0,0.2878727346040939,74.02385113200486,48.30446647049269,5.311571180830728,243.23903305112947,2816.952890792292,10767.648,1885.0630000000003,1222.721,7659.864000000001,2100.343,8667.305000000002,19.506051832303577,1,1,0,0,0,54.0,54.0,54.0,1.0,1.0,0.0,0.0,1,0,0.0,0.0,1.0,0.0,1.0,0.0,0.0,1.0,1.0,1.0
A-2022-11-148,CHOQUE,1,0,1,LIMA,LIMA,ATE,URBANA,CARRETERA,NACIONAL,PE-22,-12.006904216614387,-76.85291753105753,DESPEJADO,INDUSTRIAL,TRAMO RECTO,PLANA ,ASFALTADA,SIN_DATO,SIN_DATO,SIN_DATO,SIN_DATO,EN PROCESO DE INVESTIGACIÓN,NO CUENTA CON CAUSA ESPECIFICA,2022,11,5,1,5,MADRUGADA,COSTA,LEVE,0,0,875.67,2.0,Pavimentado,Bueno,1.0,IIRSA Centro - Tramo 2: Pte. Ricardo Palma - La Oroya - Huancayo y La Oroya - Dv. Cerro de Pasco,Corredor Central,156.0,150103.0,0.6868549636939637,79.62363164345142,76.30894566128948,9.209137883551294,1425.4498631666322,684921.8484148846,7626.313,1683.4029999999998,1599.0829999999996,4343.827000000001,1814.875,5811.438000000001,23.797541485643197,3,2,0,1,0,36.5,34.0,39.0,1.0,1.0,0.0,0.0,2,0,0.0,0.0,1.0,0.0,0.0,0.0,1.0,1.0,0.0,0.0
A-2022-11-8,CHOQUE,1,0,2,ICA,ICA,SALAS,RURAL,CARRETERA,NACIONAL,PE-1S,-13.9049924,-76.0526704,DESPEJADO,RURAL,TRAMO RECTO,PLANA ,ASFALTADA,SIN_DATO,SIN_DATO,SIN_DATO,SIN_DATO,EN PROCESO DE INVESTIGACIÓN,NO CUENTA CON CAUSA ESPECIFICA,2022,11,5,1,7,MAÑANA,COSTA,LEVE,0,0,6639.975,2.0,Pavimentado,Bueno,1.0,No concesionado,Eje Estructurante Sur,1616.0,110108.0,0.6053164595604621,78.88848309050202,67.63954639531094,9.133324993872453,1064.9426147896202,27932.19700214133,3721.461,698.1859999999996,744.866,2278.409,1102.9029999999996,2618.558,29.636290693359403,2,2,0,0,0,52.0,48.0,56.0,1.0,1.0,0.0,1.0,2,0,0.0,1.0,0.0,1.0,0.0,1.0,1.0,0.0,1.0,1.0
A-2022-11-241,CHOQUE,1,0,1,LIMA,LIMA,PUEBLO LIBRE,URBANA,AVENIDA,URBANO,NO CORRESPONDE,-12.08011166,-77.05790207,DESPEJADO,RESIDENCIAL,TRAMO RECTO,PLANA ,ASFALTADA,SIN_DATO,SIN_DATO,SIN_DATO,SIN_DATO,EN PROCESO DE INVESTIGACIÓN,NO CUENTA CON CAUSA ESPECIFICA,2022,11,5,1,17,TARDE,COSTA,LEVE,0,0,,,,,,,,,,,,,,,,7626.313,1683.4029999999998,1599.0829999999996,4343.827000000001,1814.875,5811.438000000001,23.797541485643197,2,2,0,0,0,48.0,48.0,48.0,1.0,0.0,0.0,0.0,2,0,0.0,0.0,1.0,1.0,1.0,0.0,1.0,0.0,1.0,0.0
A-2022-11-167,DESPISTE,1,0,1,PASCO,PASCO,YANACANCHA,RURAL,CARRETERA,NACIONAL,PE-34A,-10.693849303700125,-76.23033818124274,DESPEJADO,RURAL,TRAMO RECTO,PLANA ,ASFALTADA,SIN_DATO,SIN_DATO,SIN_DATO,SIN_DATO,IMPRUDENCIA DEL CONDUCTOR,EXCESO DE VELOCIDAD,2022,11,5,1,18,NOCHE,SIERRA,LEVE,0,0,1504.4250000000002,2.0,Pavimentado,Bueno,1.0,IIRSA Sur - Tramo 5: Matarani - Azángaro - Ilo,Corredor Matarani - Arequipa - Juliaca,241.0,190113.0,0.6193421604458235,76.39017950195935,80.49432651192377,11.494439166895754,957.3168975257496,31875.248394004284,3677.119863,564.5869999999999,910.845,2201.687863000001,590.8779999999998,3086.2418630000006,16.06904376290656,1,1,0,0,0,36.0,36.0,36.0,1.0,0.0,0.0,0.0,1,0,0.0,0.0,0.0,1.0,0.0,1.0,0.0,0.0,0.0,0.0
A-2022-11-86,CHOQUE,2,0,2,LA LIBERTAD,TRUJILLO,SALAVERRY,URBANA,CARRETERA,NACIONAL,PE-10,-8.187631489027199,-78.99450323406467,DESPEJADO,RURAL,TRAMO RECTO,PLANA ,ASFALTADA,SIN_DATO,SIN_DATO,SIN_DATO,SIN_DATO,IMPRUDENCIA DEL CONDUCTOR,NO ESTABLECER EL DERECHO DE PASO,2022,11,5,1,19,NOCHE,COSTA,GRAVE_MORTALIDAD,1,0,29.81,3.0,Pavimentado,Bueno,1.0,Red Vial N° 4 - Tramo Vial: Pativilca - Santa - Trujillo y Puerto Salaverry,No corresponde,10.0,130109.0,0.5704872313485707,78.73040511828864,66.00991236238886,8.931371175352043,922.6441961800402,20630.58672376873,8931.828000000005,1335.5899999999997,1935.9830000000004,5660.255000000005,1219.309,7712.519000000005,13.651281686122925,3,2,0,0,1,34.5,19.0,50.0,1.0,0.0,0.0,0.0,2,0,0.0,0.0,0.0,1.0,1.0,0.0,0.0,0.0,0.0,1.0
A-2022-11-10,ATROPELLO,1,0,1,ICA,PISCO,TUPAC AMARU INCA,URBANA,CARRETERA,NACIONAL,PE-1S,-13.715865607530723,-76.15407544571597,DESPEJADO,COMERCIAL,TRAMO RECTO,PLANA ,ASFALTADA,SIN_DATO,SIN_DATO,SIN_DATO,SIN_DATO,EN PROCESO DE INVESTIGACIÓN,NO CUENTA CON CAUSA ESPECIFICA,2022,11,5,1,20,NOCHE,COSTA,LEVE,0,0,6639.975,2.0,Pavimentado,Bueno,1.0,No concesionado,Eje Estructurante Sur,1616.0,110508.0,0.5696694820585885,76.2909275323045,69.48567446797,9.676838165172294,893.651744105921,19052.702355460384,3721.461,698.1859999999996,744.866,2278.409,1102.9029999999996,2618.558,29.636290693359403,2,1,0,1,0,27.0,27.0,27.0,1.0,0.0,0.0,1.0,1,0,0.0,0.0,0.0,1.0,0.0,1.0,0.0,0.0,0.0,0.0