CODIGO_SINIESTRO,CLASE SINIESTRO,CANTIDAD DE FALLECIDOS,CANTIDAD DE LESIONADOS,CANTIDAD DE VEHICULOS DAÑADOS,DEPARTAMENTO,PROVINCIA,DISTRITO,ZONA,TIPO DE VÍA,RED VIAL,COD CARRETERA,COORDENADAS LATITUD,COORDENADAS  LONGITUD,CONDICIÓN CLIMÁTICA,ZONIFICACIÓN,CARACTERÍSTICAS DE VÍA,PERFIL LONGITUDINAL VÍA,SUPERFICIE DE CALZADA,¿EXISTE SEÑAL VERTICAL?,CLASIFICACIÓN DE LA SEÑAL VERTICAL Nº 1,CLASIFICACIÓN DE LA SEÑAL VERTICAL Nº 2,¿EXISTE SEÑAL HORIZONTAL?,CAUSA FACTOR PRINCIPAL,CAUSA ESPECÍFICA,AÑO,MES,DIA_SEMANA,ES_FIN_SEMANA,HORA_NUM,FRANJA_HORARIA,REGION_NATURAL,CATEGORIA_SEVERIDAD,MORTALIDAD_MULTIPLE,LESION_MULTIPLE,MTC_RVN_LONGITUD_KM,MTC_RVN_N_CARRILES_MEDIANA,MTC_RVN_SUPERFICIE_DOMINANTE,MTC_RVN_ESTADO_DOMINANTE,MTC_RVN_ES_CONCESIONADA,MTC_RVN_CONCESION_PRINCIPAL,MTC_RVN_CORREDOR_LOGISTICO,MTC_RVN_N_TRAMOS,IDH_UBIGEO,IDH_2019,IDH_ESP_VIDA_2019,IDH_EDUC_SECUND_PCT_2019,IDH_ANIOS_EDUC_2019,IDH_INGRESO_PERCAP_2019,IDH_POBLACION_2019,MTC_DEP_RED_TOTAL_KM,MTC_DEP_NACIONAL_TOTAL_KM,MTC_DEP_DEPARTAMENTAL_TOTAL_KM,MTC_DEP_VECINAL_TOTAL_KM,MTC_DEP_PAV_TOTAL_KM,MTC_DEP_NO_PAV_TOTAL_KM,MTC_DEP_PCT_PAVIMENTADA,PER_TOTAL_PERSONAS,PER_N_CONDUCTORES,PER_N_CONDUCTORES_FUGADOS,PER_N_PEATONES,PER_N_PASAJEROS_OCUPANTES,PER_EDAD_COND_PROM,PER_EDAD_COND_MIN,PER_EDAD_COND_MAX,PER_ANY_COND_MASCULINO,PER_ANY_LIC_PROBLEMA,PER_ANY_DOSAJE_POS,PER_ANY_DOSAJE_EVALUADO,VEH_TOTAL,VEH_N_FUGADOS,VEH_ANY_FUGADO,VEH_ANY_CARGA,VEH_ANY_PUBLICO,VEH_ANY_PARTICULAR,VEH_ANY_MOTO,VEH_ANY_AUTO,VEH_ANY_CAMION_BUS,VEH_ANY_SOAT_PROBLEMA,VEH_ANY_CITV_PROBLEMA,VEH_ANY_SEGURO_PROBLEMA
A-2023-01-31,CHOQUE,1,0,2,AREQUIPA,AREQUIPA,UCHUMAYO,RURAL,CARRETERA,NACIONAL,PE-34A,-16.4599736,-71.6905902,DESPEJADO,RURAL,CURVA,PLANA ,ASFALTADA,NO,SIN_DATO,SIN_DATO,SI,EN PROCESO DE INVESTIGACIÓN,NO CUENTA CON CAUSA ESPECIFICA,2023,1,6,1,20,NOCHE,COSTA,LEVE,0,0,1504.4250000000002,2.0,Pavimentado,Bueno,1.0,IIRSA Sur - Tramo 5: Matarani - Azángaro - Ilo,Corredor Matarani - Arequipa - Juliaca,241.0,40124.0,0.6689013265491138,80.68275010974979,77.5560025217936,10.466309714908672,1190.454984819332,14385.036402569593,10322.272,1495.236,1749.739,7077.2970000000005,2886.595,7435.677000000001,27.964725207783708,2,2,0,0,0,49.0,27.0,71.0,1.0,0.0,0.0,0.0,2,0,0.0,1.0,0.0,0.0,0.0,0.0,1.0,0.0,0.0,0.0
A-2023-01-97,ATROPELLO,1,0,1,LAMBAYEQUE,CHICLAYO,CAYALTI,RURAL,CARRETERA,NACIONAL,PE-1NI,-6.901633,-79.5490827,DESPEJADO,RURAL,TRAMO RECTO,PLANA ,ASFALTADA,SIN_DATO,SIN_DATO,SIN_DATO,SIN_DATO,EN PROCESO DE INVESTIGACIÓN,NO CUENTA CON CAUSA ESPECIFICA,2023,1,6,1,20,NOCHE,COSTA,LEVE,0,0,574.472,1.0,Pavimentado,Regular,1.0,No concesionado,No corresponde,139.0,140116.0,0.5396489907562034,81.7229587411162,74.36334598401676,7.973429713499195,755.6839701415522,15028.072805139189,3459.691,515.0619999999999,689.7280000000001,2254.901,703.3549999999999,2756.336,20.329994788551925,2,1,0,1,0,28.0,28.0,28.0,1.0,0.0,0.0,0.0,1,0,0.0,0.0,0.0,1.0,1.0,0.0,0.0,0.0,0.0,0.0
A-2023-01-68,VOLCADURA,1,0,1,CUSCO,CALCA,CALCA,RURAL,CARRETERA,NACIONAL,PE-28B,-13.31730380895184,-72.03439457263616,DESPEJADO,RURAL,CURVA,PLANA ,ASFALTADA,SIN_DATO,SIN_DATO,SIN_DATO,SIN_DATO,IMPRUDENCIA DEL CONDUCTOR,EXCESO DE VELOCIDAD,2023,1,6,1,21,NOCHE,SIERRA,LEVE,0,0,3447.8009999999995,1.0,Pavimentado,Regular,0.0,No concesionado,Corredor Ayacucho - Quellouno - Quillabamba,1109.0,80401.0,0.4562958894633943,70.99144093489087,58.8848672914879,7.768452023359112,649.1045217688833,23833.353319057816,17779.13499998999,2097.3709999899997,2863.123,12818.640999999989,2878.713,14900.421999989989,16.19152450331032,1,1,0,0,0,47.0,47.0,47.0,1.0,0.0,0.0,0.0,1,0,0.0,0.0,0.0,1.0,1.0,0.0,0.0,1.0,0.0,1.0
A-2023-01-123,CHOQUE,1,3,2,PIURA,PIURA,LA ARENA,RURAL,CARRETERA,PROVINCIAL,PI-1011,-5.31418,-80.724356,DESPEJADO,RURAL,TRAMO RECTO,PLANA ,ASFALTADA,SIN_DATO,SIN_DATO,SIN_DATO,SIN_DATO,IMPRUDENCIA DEL CONDUCTOR,CONDUCIR EN ESTADO DE EBRIEDAD Y/O DROGADICCIÓN,2023,1,6,1,22,NOCHE,COSTA,GRAVE_LESIONADOS,0,1,,,,,,,,,200109.0,0.4148191461350484,77.82903686752694,50.46633746500447,5.286735901838059,602.6826383081411,38807.252676659526,8965.846000060003,1782.4120000599992,636.9959999999999,6546.438000000004,2214.505000059999,6751.341000000004,24.699342371541725,4,2,0,0,2,37.5,16.0,59.0,1.0,1.0,0.0,1.0,2,0,0.0,0.0,1.0,0.0,1.0,0.0,0.0,1.0,1.0,1.0
A-2023-01-151,ATROPELLO,1,0,1,LIMA,LIMA,COMAS,URBANA,AVENIDA,URBANO,NO CORRESPONDE,-11.9105404,-77.04529613,DESPEJADO,COMERCIAL,TRAMO RECTO,PLANA ,ASFALTADA,SIN_DATO,SIN_DATO,SIN_DATO,SIN_DATO,IMPRUDENCIA DEL CONDUCTOR,OTRO (IMPRUDENCIA DEL CONDUCTOR),2023,1,6,1,22,NOCHE,COSTA,LEVE,0,0,,,,,,,,,150110.0,0.7218926988400113,80.0902077245261,77.9581888264889,10.971588327733102,1458.3206086290393,530000.3426124197,7626.313,1683.4029999999998,1599.0829999999996,4343.827000000001,1814.875,5811.438000000001,23.797541485643197,2,1,0,1,0,56.0,56.0,56.0,1.0,0.0,0.0,0.0,1,0,0.0,0.0,0.0,0.0,0.0,1.0,0.0,1.0,0.0,1.0
A-2023-01-150,DESPISTE,1,0,1,LIMA,LIMA,COMAS,URBANA,JIRÓN,URBANO,NO CORRESPONDE,-11.94507449,-77.06271568,DESPEJADO,RESIDENCIAL,TRAMO RECTO,PLANA ,ASFALTADA,SIN_DATO,SIN_DATO,SIN_DATO,SIN_DATO,IMPRUDENCIA DEL CONDUCTOR,CONDUCIR EN ESTADO DE EBRIEDAD Y/O DROGADICCIÓN,2023,1,0,0,1,MADRUGADA,COSTA,LEVE,0,0,,,,,,,,,150110.0,0.7218926988400113,80.0902077245261,77.9581888264889,10.971588327733102,1458.3206086290393,530000.3426124197,7626.313,1683.4029999999998,1599.0829999999996,4343.827000000001,1814.875,5811.438000000001,23.797541485643197,1,1,0,0,0,24.0,24.0,24.0,1.0,1.0,0.0,0.0,1,0,0.0,0.0,0.0,1.0,1.0,0.0,0.0,1.0,1.0,1.0
A-2023-01-121,DESPISTE,1,0,1,PIURA,PIURA,VEINTISEIS DE OCTUBRE,URBANA,CARRETERA,NACIONAL,PE-1N,-5.129106,-80.700489,DESPEJADO,INDUSTRIAL,TRAMO RECTO,PLANA ,ASFALTADA,SIN_DATO,SIN_DATO,SIN_DATO,SIN_DATO,IMPRUDENCIA DEL CONDUCTOR,CONDUCIR EN ESTADO DE EBRIEDAD Y/O DROGADICCIÓN,2023,1,0,0,2,MADRUGADA,COSTA,LEVE,0,0,6543.555,3.0,Pavimentado,Bueno,1.0,Autopista del Sol,Eje Estructurante Norte,1475.0,200115.0,0.5997462042553465,78.40793944726823,72.26811532412637,9.714064362322326,976.3169831713308,183875.0,8965.846000060003,1782.4120000599992,636.9959999999999,6546.438000000004,2214.505000059999,6751.341000000004,24.699342371541725,1,1,0,0,0,30.0,30.0,30.0,1.0,0.0,1.0,1.0,1,0,0.0,0.0,0.0,1.0,0.0,0.0,1.0,0.0,0.0,0.0
A-2023-01-102,ATROPELLO FUGA,1,0,1,JUNIN,JAUJA,JAUJA,RURAL,CARRETERA,NACIONAL,PE-3S,-11.78752,-75.47391,DESPEJADO,RURAL,TRAMO RECTO,PLANA ,ASFALTADA,SIN_DATO,SIN_DATO,SIN_DATO,SIN_DATO,EN PROCESO DE INVESTIGACIÓN,NO CUENTA CON CAUSA ESPECIFICA,2023,1,0,0,6,MAÑANA,SIERRA,LEVE,0,0,7586.903,2.0,Pavimentado,Bueno,1.0,No concesionado,CO 10: Abancay - Ayacucho- Huancayo- La Oroya,1198.0,120401.0,0.5793345244831453,70.26773017152715,73.92845349337222,10.396400147076845,984.6153728015668,14305.199143468952,12264.545,1826.4639999999995,1105.5389999999998,9332.542,1588.5359999999996,10676.009,12.952261987705208,2,1,1,1,0,,,,0.0,0.0,0.0,0.0,1,1,1.0,0.0,0.0,0.0,0.0,0.0,0.0,0.0,0.0,1.0
A-2023-01-24,CHOQUE,1,0,2,ANCASH,HUARI,PAUCAS,RURAL,OTRO,URBANO,NO CORRESPONDE,-9.14565727974163,-76.8414759980629,DESPEJADO,RURAL,CURVA,INCLINADA,AFIRMADO,SI,REGULADORA (R),PREVENTIVA (P),NO,EN PROCESO DE INVESTIGACIÓN,NO CUENTA CON CAUSA ESPECIFICA,2023,1,0,0,9,MAÑANA,SIERRA,LEVE,0,0,,,,,,,,,21010.0,0.3755869124057366,73.85194270822507,35.91365042452958,6.636562600731272,493.63128530986376,1413.8436830835117,10767.648,1885.0630000000003,1222.721,7659.864000000001,2100.343,8667.305000000002,19.506051832303577,3,2,0,0,1,29.5,24.0,35.0,1.0,1.0,0.0,0.0,2,0,0.0,0.0,0.0,1.0,1.0,0.0,1.0,0.0,0.0,1.0
A-2023-01-350,DESPISTE,1,2,1,AYACUCHO,HUAMANGA,TAMBILLO,RURAL,CARRETERA,PROVINCIAL,AY-761,-13.2018968905034,-74.1725307810872,DESPEJADO,RURAL,PASE A DESNIVEL,INCLINADA,AFIRMADO,SIN_DATO,SIN_DATO,SIN_DATO,SIN_DATO,INFRAESTRUCTURA Y ENTORNO VIAL,SUPERFICIE DETERIORADA,2023,1,1,0,3,MADRUGADA,SIERRA,LEVE,0,0,,,,,,,,,50113.0,0.255767705045581,69.85353478576775,47.166217632897386,4.494715865962579,219.4084327442475,5594.807280513919,12678.733000000004,1805.074000000001,1774.0339999999994,9099.625000000004,2485.375000000001,10193.358000000002,19.602707936195205,3,1,0,0,2,29.0,29.0,29.0,1.0,0.0,0.0,1.0,1,0,0.0,0.0,0.0,0.0,0.0,0.0,1.0,0.0,1.0,0.0
A-2023-01-46,CAÍDA DE PASAJERO,1,0,1,LA LIBERTAD,ASCOPE,CHICAMA,RURAL,CARRETERA,NACIONAL,PE-1N,-7.889695,-79.125187,DESPEJADO,RURAL,TRAMO RECTO,PLANA ,ASFALTADA,SIN_DATO,SIN_DATO,SIN_DATO,SIN_DATO,EN PROCESO DE INVESTIGACIÓN,NO CUENTA CON CAUSA ESPECIFICA,2023,1,1,0,12,TARDE,COSTA,LEVE,0,0,6543.555,3.0,Pavimentado,Bueno,1.0,Autopista del Sol,Eje Estructurante Norte,1475.0,130202.0,0.5721567587688113,77.67102283812494,66.21373667954742,8.464777379360486,978.4498488219192,15563.077087794432,8931.828000000005,1335.5899999999997,1935.9830000000004,5660.255000000005,1219.309,7712.519000000005,13.651281686122925,2,1,1,0,1,,,,0.0,0.0,0.0,0.0,1,1,1.0,0.0,0.0,0.0,0.0,0.0,0.0,0.0,0.0,1.0
A-2023-01-107,CHOQUE,2,0,1,ANCASH,SANTA,COISHCO,URBANA,CARRETERA,NACIONAL,PE-1N,-9.018497,-78.617341,DESPEJADO,RURAL,CURVA,PLANA ,ASFALTADA,SI,REGULADORA (R),SIN_DATO,SI,IMPRUDENCIA DEL CONDUCTOR,INVASIÓN DE CARRIL,2023,1,1,0,21,NOCHE,SIERRA,GRAVE_MORTALIDAD,1,0,6543.555,3.0,Pavimentado,Bueno,1.0,Autopista del Sol,Eje Estructurante Norte,1475.0,21803.0,0.5767176315100667,78.75852681233434,67.73838141742253,8.602424454954967,961.4146257668338,15940.278372591009,10767.648,1885.0630000000003,1222.721,7659.864000000001,2100.343,8667.305000000002,19.506051832303577,3,2,0,0,1,28.0,17.0,39.0,1.0,1.0,0.0,1.0,2,0,0.0,0.0,0.0,1.0,1.0,1.0,0.0,0.0,1.0,0.0
A-2023-01-152,ATROPELLO,1,0,1,LIMA,LIMA,SAN ISIDRO,URBANA,AVENIDA,URBANO,NO CORRESPONDE,-12.090692904028876,-77.03348002968819,DESPEJADO,COMERCIAL,INTERSECCIÓN,PLANA ,ASFALTADA,SI,REGULADORA (R),SIN_DATO,SI,IMPRUDENCIA DEL CONDUCTOR,OTRO (IMPRUDENCIA DEL CONDUCTOR),2023,1,2,0,7,MAÑANA,COSTA,LEVE,0,0,,,,,,,,,150131.0,0.7888324174847985,80.35414029442592,78.47021861578261,13.858205769646707,1641.6552926623544,53212.44111349037,7626.313,1683.4029999999998,1599.0829999999996,4343.827000000001,1814.875,5811.438000000001,23.797541485643197,2,1,0,1,0,44.0,44.0,44.0,1.0,0.0,0.0,0.0,1,0,0.0,1.0,0.0,0.0,0.0,0.0,1.0,0.0,0.0,0.0
A-2023-01-153,ATROPELLO,1,9,1,LIMA,LIMA,LINCE,URBANA,AVENIDA,URBANO,NO CORRESPONDE,-12.0841464,-77.03898862,DESPEJADO,COMERCIAL,INTERSECCIÓN,PLANA ,ASFALTADA,SI,REGULADORA (R),SIN_DATO,SI,IMPRUDENCIA DEL CONDUCTOR,OTRO (IMPRUDENCIA DEL CONDUCTOR),2023,1,2,0,12,TARDE,COSTA,GRAVE_LESIONADOS,0,1,,,,,,,,,150116.0,0.8424277365452573,80.46794153446162,82.55566521442681,12.702343140315376,2037.3265460598163,46298.76017130622,7626.313,1683.4029999999998,1599.0829999999996,4343.827000000001,1814.875,5811.438000000001,23.797541485643197,11,2,0,1,8,57.0,55.0,59.0,1.0,0.0,0.0,0.0,2,0,0.0,0.0,1.0,1.0,0.0,0.0,1.0,1.0,1.0,1.0
A-2023-01-154,ATROPELLO,1,0,1,LIMA,LIMA,VILLA MARIA DEL TRIUNFO,URBANA,AVENIDA,URBANO,NO CORRESPONDE,-12.22012369404766,-76.90753429258767,DESPEJADO,COMERCIAL,INTERSECCIÓN,PLANA ,ASFALTADA,SIN_DATO,SIN_DATO,SIN_DATO,SIN_DATO,IMPRUDENCIA DEL PEATÓN,OTRO (IMPRUDENCIA DEL PEATÓN),2023,1,2,0,12,TARDE,COSTA,LEVE,0,0,,,,,,,,,150143.0,0.689811994580126,79.88015655965044,73.89553442371854,9.755251380104111,1409.8432274455126,452660.364025696,7626.313,1683.4029999999998,1599.0829999999996,4343.827000000001,1814.875,5811.438000000001,23.797541485643197,2,1,0,1,0,59.0,59.0,59.0,1.0,0.0,0.0,0.0,1,0,0.0,1.0,0.0,0.0,0.0,0.0,1.0,0.0,0.0,0.0
A-2023-01-33,ATROPELLO,1,1,1,CUSCO,URUBAMBA,URUBAMBA,URBANA,CARRETERA,NACIONAL,PE-28B,-13.308173804658148,-72.1185755933679,DESPEJADO,RESIDENCIAL,CURVA,PLANA ,ASFALTADA,SIN_DATO,SIN_DATO,SIN_DATO,SIN_DATO,IMPRUDENCIA DEL CONDUCTOR,OTRO (IMPRUDENCIA DEL CONDUCTOR),2023,1,2,0,16,TARDE,SIERRA,LEVE,0,0,3447.8009999999995,1.0,Pavimentado,Regular,0.0,No concesionado,Corredor Ayacucho - Quellouno - Quillabamba,1109.0,81301.0,0.5961225511084856,78.53035911580116,68.81531875437855,9.019506278168732,1024.5153398091154,21509.777301927195,17779.13499998999,2097.3709999899997,2863.123,12818.640999999989,2878.713,14900.421999989989,16.19152450331032,2,1,0,1,0,29.0,29.0,29.0,1.0,1.0,0.0,0.0,1,0,0.0,0.0,0.0,1.0,1.0,0.0,0.0,1.0,1.0,1.0
A-2023-01-108,ESPECIAL,1,0,2,ANCASH,SANTA,NUEVO CHIMBOTE,RURAL,CARRETERA,PROVINCIAL,AN-879,-9.082625,-78.523315,DESPEJADO,RURAL,TRAMO RECTO,PLANA ,ASFALTADA,SIN_DATO,SIN_DATO,SIN_DATO,SIN_DATO,EN PROCESO DE INVESTIGACIÓN,NO CUENTA CON CAUSA ESPECIFICA,2023,1,2,0,16,TARDE,SIERRA,LEVE,0,0,,,,,,,,,21809.0,0.6459598096056908,78.63908715089502,73.94922643905556,10.615650526897664,1131.8657131941532,175440.59743040687,10767.648,1885.0630000000003,1222.721,7659.864000000001,2100.343,8667.305000000002,19.506051832303577,2,1,0,1,0,47.0,47.0,47.0,1.0,0.0,0.0,1.0,2,0,0.0,1.0,0.0,0.0,1.0,0.0,1.0,0.0,1.0,1.0
A-2023-01-35,ATROPELLO FUGA,1,0,1,AREQUIPA,ISLAY,MOLLENDO,URBANA,AVENIDA,URBANO,NO CORRESPONDE,-17.024754,-72.007649,DESPEJADO,RESIDENCIAL,INTERSECCIÓN,PLANA ,ASFALTADA,SIN_DATO,SIN_DATO,SIN_DATO,SIN_DATO,EN PROCESO DE INVESTIGACIÓN,NO CUENTA CON CAUSA ESPECIFICA,2023,1,2,0,17,TARDE,COSTA,LEVE,0,0,,,,,,,,,40701.0,0.6456305778571253,75.67334095395331,77.09261911098552,10.479683603540597,1179.2653123056473,21630.747323340474,10322.272,1495.236,1749.739,7077.2970000000005,2886.595,7435.677000000001,27.964725207783708,2,1,1,1,0,,,,0.0,0.0,0.0,0.0,1,1,1.0,0.0,0.0,0.0,0.0,0.0,0.0,0.0,0.0,1.0
A-2023-01-54,CHOQUE,1,1,1,APURIMAC,ABANCAY,ABANCAY,URBANA,JIRÓN,URBANO,NO CORRESPONDE,-13.635064368598533,-72.87860144731098,SIN_DATO,SIN_DATO,SIN_DATO,SIN_DATO,SIN_DATO,SIN_DATO,SIN_DATO,SIN_DATO,SIN_DATO,EN PROCESO DE INVESTIGACIÓN,NO CUENTA CON CAUSA ESPECIFICA,2023,1,2,0,22,NOCHE,SIERRA,LEVE,0,0,,,,,,,,,30101.0,0.6003753883715995,73.99932572301547,78.86545032062752,10.589095367520342,969.9220485372762,57983.6573875803,8358.971,1282.451,1298.0969999999998,5778.423,1432.683,6926.288,17.139466089785454,3,2,0,0,1,48.5,42.0,55.0,1.0,0.0,0.0,0.0,2,0,0.0,0.0,0.0,1.0,0.0,1.0,0.0,0.0,0.0,0.0
A-2023-01-155,ATROPELLO FUGA,1,0,1,LIMA,LIMA,PUENTE PIEDRA,URBANA,CARRETERA,NACIONAL,PE-1N,-11.836209,-77.11015,DESPEJADO,COMERCIAL,TRAMO RECTO,INCLINADA,ASFALTADA,SIN_DATO,SIN_DATO,SIN_DATO,SIN_DATO,EN PROCESO DE INVESTIGACIÓN,NO CUENTA CON CAUSA ESPECIFICA,2023,1,3,0,7,MAÑANA,COSTA,LEVE,0,0,6543.555,3.0,Pavimentado,Bueno,1.0,Autopista del Sol,Eje Estructurante Norte,1475.0,150125.0,0.6632628912836565,79.15155564666024,73.19223743118206,9.629669813837666,1289.452647666346,383699.2119914347,7626.313,1683.4029999999998,1599.0829999999996,4343.827000000001,1814.875,5811.438000000001,23.797541485643197,2,1,1,1,0,,,,0.0,0.0,0.0,0.0,1,1,1.0,0.0,0.0,0.0,0.0,0.0,0.0,0.0,0.0,1.0
A-2023-01-98,DESPISTE,1,10,2,LAMBAYEQUE,CHICLAYO,TUMAN,RURAL,CARRETERA,DEPARTAMENTAL,LA-116,-6.8101689,-79.6729012,LLUVIOSO,RURAL,TRAMO RECTO,PLANA ,ASFALTADA,SIN_DATO,SIN_DATO,SIN_DATO,SIN_DATO,EN PROCESO DE INVESTIGACIÓN,NO CUENTA CON CAUSA ESPECIFICA,2023,1,3,0,8,MAÑANA,COSTA,GRAVE_LESIONADOS,0,1,,,,,,,,,140120.0,0.6225425995267787,81.2291645554815,74.48443506763874,8.985275296431396,1068.7213105287574,28888.895074946468,3459.691,515.0619999999999,689.7280000000001,2254.901,703.3549999999999,2756.336,20.329994788551925,13,2,1,0,11,41.5,38.0,45.0,1.0,0.0,0.0,0.0,2,0,0.0,1.0,0.0,1.0,0.0,0.0,1.0,0.0,0.0,0.0
A-2023-01-37,CHOQUE FUGA,1,0,1,SAN MARTIN,MOYOBAMBA,MOYOBAMBA,URBANA,CARRETERA,NACIONAL,PE-5N,-6.045455,-76.958378,DESPEJADO,RESIDENCIAL,CURVA,PLANA ,ASFALTADA,SI,PREVENTIVA (P),PREVENTIVA (P),NO,IMPRUDENCIA DEL CONDUCTOR,OTRO (IMPRUDENCIA DEL CONDUCTOR),2023,1,3,0,12,TARDE,SELVA,LEVE,0,0,7758.33400008,2.0,Pavimentado,Bueno,1.0,No concesionado,Corredor IIRSA Norte,2133.0,220101.0,0.5294800468051228,72.46713251445857,60.50982579904599,7.757161651692042,952.984823255978,86435.21199143468,5645.136,815.0759999999999,965.298,3864.762,1013.406,4631.73,17.95184385283189,2,2,1,0,0,24.0,24.0,24.0,1.0,0.0,0.0,0.0,2,1,1.0,0.0,0.0,1.0,1.0,0.0,0.0,0.0,1.0,1.0
A-2023-01-349,ATROPELLO,1,0,1,LIMA,LIMA,SAN MARTIN DE PORRES,URBANA,AVENIDA,URBANO,NO CORRESPONDE,-11.99113097,-77.08501239,DESPEJADO,COMERCIAL,TRAMO RECTO,PLANA ,ASFALTADA,SIN_DATO,SIN_DATO,SIN_DATO,SIN_DATO,IMPRUDENCIA DEL CONDUCTOR,OTRO (IMPRUDENCIA DEL CONDUCTOR),2023,1,3,0,20,NOCHE,COSTA,LEVE,0,0,,,,,,,,,150135.0,0.7419979630670723,80.31822295927182,79.00446395716813,11.084203715652809,1554.6868971011318,739416.2413542903,7626.313,1683.4029999999998,1599.0829999999996,4343.827000000001,1814.875,5811.438000000001,23.797541485643197,2,1,0,1,0,28.0,28.0,28.0,1.0,1.0,0.0,0.0,1,0,0.0,0.0,0.0,1.0,1.0,0.0,0.0,1.0,1.0,0.0
A-2023-01-110,DESPISTE,1,2,1,MOQUEGUA,MARISCAL NIETO,CARUMAS,RURAL,CARRETERA,NACIONAL,PE-36B,-16.710329517710125,-70.44683063026633,DESPEJADO,RURAL,TRAMO RECTO,PLANA ,ASFALTADA,SI,PREVENTIVA (P),REGULADORA (R),NO,IMPRUDENCIA DEL CONDUCTOR,FATIGA Y/O CANSANCIO,2023,1,4,0,8,MAÑANA,COSTA,LEVE,0,0,779.525,2.0,Pavimentado,Bueno,1.0,IIRSA Sur - Tramo 5: Matarani - Azángaro - Ilo,Corredor Moquegua - Puno,163.0,180102.0,0.5419876249473067,75.01928818373936,69.53700510182367,7.323922344161046,940.130453935364,4186.792291220558,2949.174,470.28500000000025,903.055,1575.834,866.4460000000004,2082.728,29.37927704503025,3,1,0,0,2,31.0,31.0,31.0,1.0,0.0,0.0,0.0,1,0,0.0,0.0,0.0,1.0,0.0,1.0,0.0,0.0,0.0,0.0
A-2023-01-65,DESPISTE,1,0,1,ICA,ICA,OCUCAJE,RURAL,CARRETERA,NACIONAL,PE-1S,-14.3520459,-75.6435243,DESPEJADO,RURAL,TRAMO RECTO,PLANA ,ASFALTADA,SIN_DATO,SIN_DATO,SIN_DATO,SIN_DATO,EN PROCESO DE INVESTIGACIÓN,NO CUENTA CON CAUSA ESPECIFICA,2023,1,4,0,10,MAÑANA,COSTA,LEVE,0,0,6639.975,2.0,Pavimentado,Bueno,1.0,No concesionado,Eje Estructurante Sur,1616.0,110104.0,0.5597895453971934,76.95183720073376,71.12912413701868,8.50009888760377,897.0281518406789,4083.52034261242,3721.461,698.1859999999996,744.866,2278.409,1102.9029999999996,2618.558,29.636290693359403,1,1,0,0,0,29.0,29.0,29.0,1.0,0.0,0.0,0.0,1,0,0.0,0.0,0.0,1.0,1.0,0.0,0.0,0.0,1.0,0.0
A-2023-01-53,DESPISTE,1,0,1,TUMBES,ZARUMILLA,PAPAYAL,RURAL,CARRETERA,DEPARTAMENTAL,TU-101,-3.6117408259233614,-80.19617247899224,SOLEADO,RURAL,TRAMO RECTO,PLANA ,ASFALTADA,SIN_DATO,SIN_DATO,SIN_DATO,SIN_DATO,IMPRUDENCIA DEL CONDUCTOR,OTRO (IMPRUDENCIA DEL CONDUCTOR),2023,1,4,0,11,MAÑANA,COSTA,LEVE,0,0,,,,,,,,,240304.0,0.506393213976091,71.09604779417722,66.88716723772843,7.8873292871222835,813.0857960318671,5253.152034261242,1009.101,138.47399999999996,287.471,583.156,276.972,732.129,27.447401201663663,1,1,0,0,0,41.0,41.0,41.0,0.0,1.0,0.0,0.0,1,1,1.0,0.0,0.0,0.0,0.0,0.0,0.0,0.0,0.0,1.0
A-2023-01-47,DESPISTE,1,2,1,LA LIBERTAD,VIRU,GUADALUPITO,RURAL,CARRETERA,NACIONAL,PE-1N,-8.954251,-78.629556,DESPEJADO,RURAL,TRAMO RECTO,PLANA ,ASFALTADA,SIN_DATO,SIN_DATO,SIN_DATO,SIN_DATO,IMPRUDENCIA DEL CONDUCTOR,FRENAR INTEMPESTIVAMENTE,2023,1,4,0,22,NOCHE,COSTA,LEVE,0,0,6543.555,3.0,Pavimentado,Bueno,1.0,Autopista del Sol,Eje Estructurante Norte,1475.0,131203.0,0.4867987483268106,77.5825534369154,52.95148122709723,6.150547060309878,840.5788229266196,9838.736616702356,8931.828000000005,1335.5899999999997,1935.9830000000004,5660.255000000005,1219.309,7712.519000000005,13.651281686122925,3,1,0,0,2,24.0,24.0,24.0,1.0,1.0,0.0,0.0,1,0,0.0,0.0,0.0,0.0,0.0,1.0,0.0,0.0,0.0,0.0
A-2023-01-156,ATROPELLO,1,0,1,LIMA,LIMA,CARABAYLLO,RURAL,CARRETERA,NACIONAL,PE-20A,-11.755908,-76.974774,DESPEJADO,RURAL,CURVA,INCLINADA,ASFALTADA,NO,SIN_DATO,SIN_DATO,SI,IMPRUDENCIA DEL PEATÓN,OTRO (IMPRUDENCIA DEL PEATÓN),2023,1,5,1,0,MADRUGADA,COSTA,LEVE,0,0,1084.715,2.0,Pavimentado,Regular,0.0,No concesionado,Corredor Lima - Canta - Unish,1025.0,150106.0,0.6498693508177541,78.84967382596041,74.11456675539837,9.21786785255454,1246.479589064551,356854.23554603854,7626.313,1683.4029999999998,1599.0829999999996,4343.827000000001,1814.875,5811.438000000001,23.797541485643197,2,1,0,1,0,19.0,19.0,19.0,1.0,1.0,0.0,0.0,1,0,0.0,0.0,0.0,1.0,1.0,0.0,0.0,0.0,1.0,0.0