CODIGO_SINIESTRO,CLASE SINIESTRO,CANTIDAD DE FALLECIDOS,CANTIDAD DE LESIONADOS,CANTIDAD DE VEHICULOS DAÑADOS,DEPARTAMENTO,PROVINCIA,DISTRITO,ZONA,TIPO DE VÍA,RED VIAL,COD CARRETERA,COORDENADAS LATITUD,COORDENADAS  LONGITUD,CONDICIÓN CLIMÁTICA,ZONIFICACIÓN,CARACTERÍSTICAS DE VÍA,PERFIL LONGITUDINAL VÍA,SUPERFICIE DE CALZADA,¿EXISTE SEÑAL VERTICAL?,CLASIFICACIÓN DE LA SEÑAL VERTICAL Nº 1,CLASIFICACIÓN DE LA SEÑAL VERTICAL Nº 2,¿EXISTE SEÑAL HORIZONTAL?,CAUSA FACTOR PRINCIPAL,CAUSA ESPECÍFICA,AÑO,MES,DIA_SEMANA,ES_FIN_SEMANA,HORA_NUM,FRANJA_HORARIA,REGION_NATURAL,CATEGORIA_SEVERIDAD,MORTALIDAD_MULTIPLE,LESION_MULTIPLE,MTC_RVN_LONGITUD_KM,MTC_RVN_N_CARRILES_MEDIANA,MTC_RVN_SUPERFICIE_DOMINANTE,MTC_RVN_ESTADO_DOMINANTE,MTC_RVN_ES_CONCESIONADA,MTC_RVN_CONCESION_PRINCIPAL,MTC_RVN_CORREDOR_LOGISTICO,MTC_RVN_N_TRAMOS,IDH_UBIGEO,IDH_2019,IDH_ESP_VIDA_2019,IDH_EDUC_SECUND_PCT_2019,IDH_ANIOS_EDUC_2019,IDH_INGRESO_PERCAP_2019,IDH_POBLACION_2019,MTC_DEP_RED_TOTAL_KM,MTC_DEP_NACIONAL_TOTAL_KM,MTC_DEP_DEPARTAMENTAL_TOTAL_KM,MTC_DEP_VECINAL_TOTAL_KM,MTC_DEP_PAV_TOTAL_KM,MTC_DEP_NO_PAV_TOTAL_KM,MTC_DEP_PCT_PAVIMENTADA,PER_TOTAL_PERSONAS,PER_N_CONDUCTORES,PER_N_CONDUCTORES_FUGADOS,PER_N_PEATONES,PER_N_PASAJEROS_OCUPANTES,PER_EDAD_COND_PROM,PER_EDAD_COND_MIN,PER_EDAD_COND_MAX,PER_ANY_COND_MASCULINO,PER_ANY_LIC_PROBLEMA,PER_ANY_DOSAJE_POS,PER_ANY_DOSAJE_EVALUADO,VEH_TOTAL,VEH_N_FUGADOS,VEH_ANY_FUGADO,VEH_ANY_CARGA,VEH_ANY_PUBLICO,VEH_ANY_PARTICULAR,VEH_ANY_MOTO,VEH_ANY_AUTO,VEH_ANY_CAMION_BUS,VEH_ANY_SOAT_PROBLEMA,VEH_ANY_CITV_PROBLEMA,VEH_ANY_SEGURO_PROBLEMA
A-2023-04-79,CHOQUE,2,1,2,LA LIBERTAD,SANTIAGO DE CHUCO,QUIRUVILCA,RURAL,CARRETERA,NACIONAL,PE-10A,-8.009781446893705,-78.33764790792301,DESPEJADO,RURAL,TRAMO RECTO,PLANA ,ASFALTADA,SIN_DATO,SIN_DATO,SIN_DATO,SIN_DATO,EN PROCESO DE INVESTIGACIÓN,NO CUENTA CON CAUSA ESPECIFICA,2023,4,0,0,18,NOCHE,COSTA,GRAVE_MORTALIDAD,1,0,610.6099999999999,2.0,Pavimentado,Bueno,1.0,Longitudinal de la Sierra - Tramo 2: Ciudad de Dios - Cajamarca - Chiple - Cajamarca - Trujillo - Dv. Chilete - Emp. PE-3N,Corredor Trujillo - Huamachuco - Cajamarca,100.0,131006.0,0.4320883936567258,76.718936301794,43.003289188979466,6.269065613037991,662.0777072841523,13167.552462526766,8931.828000000005,1335.5899999999997,1935.9830000000004,5660.255000000005,1219.309,7712.519000000005,13.651281686122925,5,2,0,0,3,31.5,24.0,39.0,1.0,0.0,0.0,0.0,2,0,0.0,1.0,1.0,0.0,0.0,0.0,1.0,0.0,1.0,0.0
A-2023-04-108,DESPISTE,1,1,1,PIURA,PIURA,CASTILLA,RURAL,CARRETERA,NACIONAL,PE-1NJ,-5.167527,-80.530208,DESPEJADO,RURAL,TRAMO RECTO,PLANA ,ASFALTADA,SIN_DATO,SIN_DATO,SIN_DATO,SIN_DATO,IMPRUDENCIA DEL CONDUCTOR,EXCESO DE VELOCIDAD,2023,4,0,0,18,NOCHE,COSTA,LEVE,0,0,1305.18,2.0,Pavimentado,Bueno,1.0,Eje Multimodal Amazonas Norte,Corredor IIRSA Norte,163.0,200104.0,0.6220812987247925,80.20155828147696,72.71675503872983,10.02377668600292,1028.915688621886,159840.92719486082,8965.846000060003,1782.4120000599992,636.9959999999999,6546.438000000004,2214.505000059999,6751.341000000004,24.699342371541725,2,1,0,0,1,45.0,45.0,45.0,1.0,0.0,1.0,1.0,1,0,0.0,0.0,0.0,1.0,0.0,0.0,1.0,0.0,0.0,0.0
A-2023-04-49,ATROPELLO,1,0,1,CUSCO,CUSCO,CUSCO,URBANA,CARRETERA,NACIONAL,PE-3S,-13.50731,-71.99928,LLUVIOSO,RESIDENCIAL,CURVA,INCLINADA,ASFALTADA,SI,PREVENTIVA (P),SIN_DATO,SI,IMPRUDENCIA DEL CONDUCTOR,EXCESO DE VELOCIDAD,2023,4,1,0,19,NOCHE,SIERRA,LEVE,0,0,7586.903,2.0,Pavimentado,Bueno,1.0,No concesionado,CO 10: Abancay - Ayacucho- Huancayo- La Oroya,1198.0,80101.0,0.659083927657813,75.61465237849653,81.09709385188002,11.294406746128049,1171.1134172238742,122604.71092077089,17779.13499998999,2097.3709999899997,2863.123,12818.640999999989,2878.713,14900.421999989989,16.19152450331032,2,1,0,1,0,29.0,29.0,29.0,1.0,0.0,0.0,1.0,1,0,0.0,0.0,0.0,1.0,0.0,1.0,0.0,0.0,0.0,0.0
A-2023-04-65,CHOQUE,1,0,1,LIMA,HUAURA,SAYAN,RURAL,CARRETERA,PROVINCIAL,LM-659,-11.224487471941933,-77.40246346063294,DESPEJADO,RURAL,TRAMO RECTO,PLANA ,ASFALTADA,SIN_DATO,SIN_DATO,SIN_DATO,SIN_DATO,IMPRUDENCIA DEL CONDUCTOR,INVASIÓN DE CARRIL,2023,4,1,0,20,NOCHE,COSTA,LEVE,0,0,,,,,,,,,150811.0,0.625259356790912,76.00710856837651,64.39893010534446,7.928807895834627,1379.4198272918734,24684.304068522484,7626.313,1683.4029999999998,1599.0829999999996,4343.827000000001,1814.875,5811.438000000001,23.797541485643197,2,2,0,0,0,25.5,21.0,30.0,1.0,0.0,0.0,1.0,2,0,0.0,1.0,0.0,1.0,1.0,0.0,1.0,0.0,0.0,0.0
A-2023-04-166,CHOQUE,1,1,2,AYACUCHO,HUAMANGA,SAN JUAN BAUTISTA,URBANA,CARRETERA,NACIONAL,PE-3S,-13.1870753,-74.2081645,DESPEJADO,RESIDENCIAL,CURVA,INCLINADA,ASFALTADA,SI,PREVENTIVA (P),SIN_DATO,NO,IMPRUDENCIA DEL CONDUCTOR,CONDUCIR EN ESTADO DE EBRIEDAD Y/O DROGADICCIÓN,2023,4,2,0,0,MADRUGADA,SIERRA,LEVE,0,0,7586.903,2.0,Pavimentado,Bueno,1.0,No concesionado,CO 10: Abancay - Ayacucho- Huancayo- La Oroya,1198.0,50110.0,0.5434028420964154,74.57852402616055,77.17897354337184,9.727501250603307,764.2338344578611,55908.47323340471,12678.733000000004,1805.074000000001,1774.0339999999994,9099.625000000004,2485.375000000001,10193.358000000002,19.602707936195205,3,2,0,0,1,45.0,38.0,52.0,1.0,0.0,1.0,1.0,2,0,0.0,0.0,1.0,0.0,1.0,1.0,0.0,0.0,1.0,0.0
A-2023-04-172,ESPECIAL,1,1,1,CAJAMARCA,CONTUMAZA,YONAN,URBANA,CARRETERA,NACIONAL,PE-08,-7.251452,-79.127976,LLUVIOSO,COMERCIAL,TRAMO RECTO,INCLINADA,CONCRETO,SI,PREVENTIVA (P),SIN_DATO,SI,INFRAESTRUCTURA Y ENTORNO VIAL,FACTOR AMBIENTAL,2023,4,2,0,5,MADRUGADA,SIERRA,LEVE,0,0,887.28,2.0,Pavimentado,Bueno,1.0,Longitudinal de la Sierra - Tramo 2: Ciudad de Dios - Cajamarca - Chiple - Cajamarca - Trujillo - Dv. Chilete - Emp. PE-3N,Corredor Ciudad de Dios - Cajamarca - Chachapoyas,155.0,60508.0,0.5563774842369664,73.07406660240972,65.2611721745993,7.77984257932775,1045.7361851012442,7379.728051391864,15935.565011852366,1733.9250000199986,935.692,13265.948011832368,2000.1670000199988,13935.398011832369,12.551591352627522,2,1,0,0,1,46.0,46.0,46.0,1.0,0.0,0.0,1.0,1,0,0.0,1.0,0.0,0.0,0.0,0.0,1.0,0.0,0.0,0.0
A-2023-04-173,ESPECIAL,2,1,1,CAJAMARCA,CONTUMAZA,YONAN,RURAL,CARRETERA,NACIONAL,PE-08,-7.221245,-79.160288,LLUVIOSO,COMERCIAL,CURVA,PLANA ,ASFALTADA,SI,PREVENTIVA (P),SIN_DATO,SI,INFRAESTRUCTURA Y ENTORNO VIAL,FACTOR AMBIENTAL,2023,4,2,0,6,MAÑANA,SIERRA,GRAVE_MORTALIDAD,1,0,887.28,2.0,Pavimentado,Bueno,1.0,Longitudinal de la Sierra - Tramo 2: Ciudad de Dios - Cajamarca - Chiple - Cajamarca - Trujillo - Dv. Chilete - Emp. PE-3N,Corredor Ciudad de Dios - Cajamarca - Chachapoyas,155.0,60508.0,0.5563774842369664,73.07406660240972,65.2611721745993,7.77984257932775,1045.7361851012442,7379.728051391864,15935.565011852366,1733.9250000199986,935.692,13265.948011832368,2000.1670000199988,13935.398011832369,12.551591352627522,3,1,0,0,2,33.0,33.0,33.0,1.0,0.0,0.0,1.0,1,0,0.0,0.0,0.0,1.0,0.0,0.0,1.0,0.0,1.0,0.0
A-2023-04-25,DESPISTE,4,0,1,HUANCAVELICA,HUANCAVELICA,HUANDO,RURAL,CARRETERA,NACIONAL,PE-26,-12.5918229,-74.9362092,SOLEADO,RURAL,CURVA,PLANA ,ASFALTADA,SI,PREVENTIVA (P),REGULADORA (R),SI,EN PROCESO DE INVESTIGACIÓN,NO CUENTA CON CAUSA ESPECIFICA,2023,4,2,0,6,MAÑANA,SIERRA,GRAVE_MORTALIDAD,1,0,1482.81,1.0,Asfaltado económico,Regular,0.0,No concesionado,Corredor Chincha - Huancavelica - Izcuchaca,270.0,90119.0,0.2801642166208027,68.87893983955698,56.77777118363479,4.867314215710151,246.65372283067316,6425.578158458245,8511.426,1445.3929999999996,2008.516,5057.516999999999,1879.579,6631.846999999998,22.08300935706896,4,1,0,0,3,39.0,39.0,39.0,1.0,0.0,0.0,1.0,1,0,0.0,0.0,0.0,1.0,0.0,1.0,0.0,0.0,0.0,0.0
A-2023-04-3,ATROPELLO FUGA,1,0,1,PUNO,CHUCUITO,POMATA,RURAL,CARRETERA,NACIONAL,PE-3S,-16.27672348666517,-69.28878528233996,SOLEADO,RURAL,TRAMO RECTO,PLANA ,ASFALTADA,SIN_DATO,SIN_DATO,SIN_DATO,SIN_DATO,IMPRUDENCIA DEL CONDUCTOR,EXCESO DE VELOCIDAD,2023,4,2,0,15,TARDE,SIERRA,LEVE,0,0,7586.903,2.0,Pavimentado,Bueno,1.0,No concesionado,CO 10: Abancay - Ayacucho- Huancayo- La Oroya,1198.0,210406.0,0.3165090894545869,72.969641049674,69.1278394147308,6.0160374778788,250.7872170233644,13778.516059957172,13642.312999999998,2020.7790000000005,2354.117,9267.416999999998,3314.0520000000006,10328.260999999997,24.29244952817019,2,1,1,1,0,,,,0.0,0.0,0.0,0.0,1,1,1.0,0.0,0.0,0.0,0.0,0.0,0.0,0.0,0.0,1.0
A-2023-04-21,CHOQUE,1,0,1,CALLAO,CALLAO,CALLAO,URBANA,AVENIDA,URBANO,NO CORRESPONDE,-12.0495024,-77.111637117,DESPEJADO,COMERCIAL,TRAMO RECTO,PLANA ,ASFALTADA,SI,REGULADORA (R),SIN_DATO,SI,IMPRUDENCIA DEL CONDUCTOR,INVASIÓN DE CARRIL,2023,4,2,0,19,NOCHE,COSTA,LEVE,0,0,,,,,,,,,,,,,,,,51.58600000000001,44.68700000000001,6.899000000000001,0.0,49.838000000000015,1.748,96.61148373589734,2,2,0,0,0,35.0,30.0,40.0,1.0,1.0,0.0,0.0,2,0,0.0,0.0,0.0,1.0,1.0,0.0,1.0,0.0,0.0,1.0
A-2023-04-27,DESPISTE,1,1,1,APURIMAC,ANDAHUAYLAS,TALAVERA,URBANA,CARRETERA,NACIONAL,PE-3S,-13.658174,-73.430306,DESPEJADO,ESCOLAR,INTERSECCIÓN,PLANA ,ASFALTADA,SIN_DATO,SIN_DATO,SIN_DATO,SIN_DATO,EN PROCESO DE INVESTIGACIÓN,NO CUENTA CON CAUSA ESPECIFICA,2023,4,2,0,21,NOCHE,SIERRA,LEVE,0,0,7586.903,2.0,Pavimentado,Bueno,1.0,No concesionado,CO 10: Abancay - Ayacucho- Huancayo- La Oroya,1198.0,30216.0,0.4793125427546004,75.37161635090715,71.73219271520676,7.118816891231773,658.761072373094,17232.488222698074,8358.971,1282.451,1298.0969999999998,5778.423,1432.683,6926.288,17.139466089785454,2,1,0,1,0,56.0,56.0,56.0,1.0,0.0,0.0,0.0,1,0,0.0,0.0,0.0,1.0,1.0,0.0,0.0,1.0,0.0,1.0
A-2023-04-14,CHOQUE,1,0,2,ICA,ICA,ICA,URBANA,AVENIDA,URBANO,NO CORRESPONDE,-14.0712808,-75.7354201,SOLEADO,COMERCIAL,INTERSECCIÓN,PLANA ,ASFALTADA,SIN_DATO,SIN_DATO,SIN_DATO,SIN_DATO,EN PROCESO DE INVESTIGACIÓN,NO CUENTA CON CAUSA ESPECIFICA,2023,4,3,0,9,MAÑANA,COSTA,LEVE,0,0,,,,,,,,,110101.0,0.6637216310803388,79.6446050662278,81.37671161983333,11.724811319582514,1084.329233867723,142450.24411134905,3721.461,698.1859999999996,744.866,2278.409,1102.9029999999996,2618.558,29.636290693359403,2,2,0,0,0,58.5,54.0,63.0,1.0,0.0,0.0,1.0,2,0,0.0,0.0,0.0,1.0,0.0,0.0,1.0,0.0,0.0,1.0
A-2023-04-167,DESPISTE,4,42,2,AYACUCHO,LUCANAS,CARMEN SALCEDO,RURAL,CARRETERA,SIN CLASIFICAR,SIN CLASIFICAR,-14.4130935,-73.9490277,DESPEJADO,RURAL,CURVA,INCLINADA,ASFALTADA,SI,PREVENTIVA (P),SIN_DATO,NO,IMPRUDENCIA DEL CONDUCTOR,INVASIÓN DE CARRIL,2023,4,3,0,10,MAÑANA,SIERRA,GRAVE_MORTALIDAD,1,1,,,,,,,,,50604.0,0.4276006247522939,73.5721645423848,65.99172367543882,6.756411847938416,531.034007890383,3235.5824411134904,12678.733000000004,1805.074000000001,1774.0339999999994,9099.625000000004,2485.375000000001,10193.358000000002,19.602707936195205,47,2,0,0,45,49.0,39.0,59.0,1.0,0.0,0.0,1.0,2,0,0.0,0.0,1.0,0.0,0.0,0.0,1.0,0.0,1.0,0.0
A-2023-04-84,CHOQUE,1,0,2,LA LIBERTAD,VIRU,VIRU,RURAL,CARRETERA,NACIONAL,PE-1N,-8.398212,-78.842789,DESPEJADO,COMERCIAL,TRAMO RECTO,PLANA ,ASFALTADA,SIN_DATO,SIN_DATO,SIN_DATO,SIN_DATO,EN PROCESO DE INVESTIGACIÓN,NO CUENTA CON CAUSA ESPECIFICA,2023,4,3,0,11,MAÑANA,COSTA,LEVE,0,0,6543.555,3.0,Pavimentado,Bueno,1.0,Autopista del Sol,Eje Estructurante Norte,1475.0,131201.0,0.5051395598219868,77.13285387085847,51.52067479184955,6.715328807318118,900.900383457586,67612.41755888652,8931.828000000005,1335.5899999999997,1935.9830000000004,5660.255000000005,1219.309,7712.519000000005,13.651281686122925,2,2,0,0,0,29.0,27.0,31.0,1.0,1.0,0.0,0.0,2,0,0.0,1.0,0.0,1.0,1.0,0.0,1.0,0.0,0.0,0.0
A-2023-04-81,CHOQUE,3,2,2,PUNO,SAN ROMAN,CABANILLAS,RURAL,CARRETERA,NACIONAL,PE-34A,-15.662930740253149,-70.36474406302504,DESPEJADO,RURAL,TRAMO RECTO,INCLINADA,ASFALTADA,SIN_DATO,SIN_DATO,SIN_DATO,SIN_DATO,IMPRUDENCIA DEL CONDUCTOR,CONDUCIR EN SENTIDO CONTRARIO,2023,4,3,0,17,TARDE,SIERRA,GRAVE_MORTALIDAD,1,0,1504.4250000000002,2.0,Pavimentado,Bueno,1.0,IIRSA Sur - Tramo 5: Matarani - Azángaro - Ilo,Corredor Matarani - Arequipa - Juliaca,241.0,211103.0,0.4387767884413746,74.08026937973001,72.73571788884047,7.487249530915593,506.6407671536068,4885.396145610278,13642.312999999998,2020.7790000000005,2354.117,9267.416999999998,3314.0520000000006,10328.260999999997,24.29244952817019,6,2,0,0,4,43.5,38.0,49.0,1.0,0.0,0.0,0.0,2,0,0.0,0.0,0.0,1.0,0.0,1.0,1.0,1.0,0.0,1.0
A-2023-04-144,ATROPELLO FUGA,1,0,1,LIMA,LIMA,SAN MARTIN DE PORRES,URBANA,AVENIDA,URBANO,NO CORRESPONDE,-11.98188834,-77.09332269,DESPEJADO,RESIDENCIAL,TRAMO RECTO,PLANA ,ASFALTADA,SIN_DATO,SIN_DATO,SIN_DATO,SIN_DATO,EN PROCESO DE INVESTIGACIÓN,NO CUENTA CON CAUSA ESPECIFICA,2023,4,3,0,18,NOCHE,COSTA,LEVE,0,0,,,,,,,,,150135.0,0.7419979630670723,80.31822295927182,79.00446395716813,11.084203715652809,1554.6868971011318,739416.2413542903,7626.313,1683.4029999999998,1599.0829999999996,4343.827000000001,1814.875,5811.438000000001,23.797541485643197,2,1,0,1,0,33.0,33.0,33.0,1.0,1.0,0.0,0.0,1,0,0.0,1.0,0.0,0.0,0.0,0.0,1.0,0.0,0.0,0.0
A-2023-04-143,ATROPELLO FUGA,1,0,1,LIMA,LIMA,LURIN,RURAL,CARRETERA,NACIONAL,PE-1S,-12.30289024592764,-76.84266349381855,DESPEJADO,INDUSTRIAL,TRAMO RECTO,PLANA ,ASFALTADA,SIN_DATO,SIN_DATO,SIN_DATO,SIN_DATO,IMPRUDENCIA DEL PEATÓN,OTRO (IMPRUDENCIA DEL PEATÓN),2023,4,4,0,2,MADRUGADA,COSTA,LEVE,0,0,6639.975,2.0,Pavimentado,Bueno,1.0,No concesionado,Eje Estructurante Sur,1616.0,150119.0,0.6909236767275176,78.41626133969348,70.97436336767564,9.826485374940413,1476.8351947609171,95908.53319057816,7626.313,1683.4029999999998,1599.0829999999996,4343.827000000001,1814.875,5811.438000000001,23.797541485643197,2,1,1,1,0,,,,0.0,0.0,0.0,0.0,1,1,1.0,0.0,0.0,0.0,0.0,0.0,0.0,0.0,0.0,1.0
A-2023-04-151,DESPISTE,1,1,1,LIMA,LIMA,EL AGUSTINO,URBANA,CARRETERA,NACIONAL,PE-1N,-12.0299579102563,-76.99432096385232,DESPEJADO,RESIDENCIAL,TRAMO RECTO,PLANA ,ASFALTADA,SIN_DATO,SIN_DATO,SIN_DATO,SIN_DATO,IMPRUDENCIA DEL CONDUCTOR,OTRO (IMPRUDENCIA DEL CONDUCTOR),2023,4,4,0,4,MADRUGADA,COSTA,LEVE,0,0,6543.555,3.0,Pavimentado,Bueno,1.0,Autopista del Sol,Eje Estructurante Norte,1475.0,150111.0,0.6970617810314195,81.40501156526744,73.5715154770137,9.635174408411393,1428.892506292977,203379.9271948608,7626.313,1683.4029999999998,1599.0829999999996,4343.827000000001,1814.875,5811.438000000001,23.797541485643197,2,1,0,0,1,29.0,29.0,29.0,1.0,0.0,0.0,0.0,1,0,0.0,0.0,0.0,1.0,1.0,0.0,0.0,0.0,1.0,0.0
A-2023-04-47,CHOQUE,1,1,2,CUSCO,ESPINAR,CONDOROMA,RURAL,CARRETERA,NACIONAL,PE-34J,-15.429467,-71.070263,DESPEJADO,RURAL,TRAMO RECTO,INCLINADA,ASFALTADA,SI,PREVENTIVA (P),SIN_DATO,SI,IMPRUDENCIA DEL CONDUCTOR,INVASIÓN DE CARRIL,2023,4,4,0,9,MAÑANA,SIERRA,LEVE,0,0,568.5409999999999,1.0,Pavimentado,Regular,0.0,No concesionado,Alimentador del corredor logístico 05,93.0,80802.0,0.4222081089999886,68.53644198939976,64.0389062540908,6.228410225649751,607.1280595160617,1204.2119914346897,17779.13499998999,2097.3709999899997,2863.123,12818.640999999989,2878.713,14900.421999989989,16.19152450331032,3,2,0,0,1,34.5,30.0,39.0,1.0,1.0,0.0,0.0,2,0,0.0,1.0,0.0,1.0,0.0,0.0,1.0,0.0,0.0,0.0
A-2023-04-75,CHOQUE,2,3,2,AMAZONAS,BONGARA,CHURUJA,RURAL,CARRETERA,NACIONAL,PE-08C,-5.987933,-77.9656785,DESPEJADO,RURAL,CURVA,INCLINADA,ASFALTADA,SIN_DATO,SIN_DATO,SIN_DATO,SIN_DATO,EN PROCESO DE INVESTIGACIÓN,NO CUENTA CON CAUSA ESPECIFICA,2023,4,4,0,15,TARDE,SELVA,GRAVE_MORTALIDAD,1,1,196.9,2.0,Pavimentado,Bueno,0.0,No concesionado,Alimentador del corredor logístico 01,40.0,10303.0,0.515913557019013,64.3844584280216,80.4990892026855,7.398538811139099,950.3463607324894,244.67665952890792,3903.732,1155.121,585.018,2163.5930000000003,943.591,2960.1410000000005,24.17151074920102,6,2,0,0,4,59.0,47.0,71.0,1.0,0.0,0.0,0.0,2,0,0.0,1.0,1.0,0.0,0.0,0.0,1.0,0.0,0.0,0.0
A-2023-04-152,ATROPELLO,1,0,1,LIMA,LIMA,ANCON,URBANA,CARRETERA,NACIONAL,PE-1N,-11.75884746,-77.15368618,DESPEJADO,INDUSTRIAL,TRAMO RECTO,PLANA ,ASFALTADA,SIN_DATO,SIN_DATO,SIN_DATO,SIN_DATO,IMPRUDENCIA DEL CONDUCTOR,OTRO (IMPRUDENCIA DEL CONDUCTOR),2023,4,5,1,6,MAÑANA,COSTA,LEVE,0,0,6543.555,3.0,Pavimentado,Bueno,1.0,Autopista del Sol,Eje Estructurante Norte,1475.0,150102.0,0.6688889885290078,77.65971620762488,72.11797581870952,9.343568875150348,1392.9562465448405,54956.252676659526,7626.313,1683.4029999999998,1599.0829999999996,4343.827000000001,1814.875,5811.438000000001,23.797541485643197,2,1,0,1,0,33.0,33.0,33.0,1.0,0.0,0.0,0.0,1,0,0.0,0.0,0.0,1.0,0.0,1.0,0.0,0.0,0.0,0.0
A-2023-04-85,CHOQUE,1,0,2,LA LIBERTAD,PACASMAYO,GUADALUPE,RURAL,CARRETERA,NACIONAL,PE-1N,-7.2659762,-79.4835611,DESPEJADO,RURAL,TRAMO RECTO,PLANA ,ASFALTADA,SIN_DATO,SIN_DATO,SIN_DATO,SIN_DATO,EN PROCESO DE INVESTIGACIÓN,NO CUENTA CON CAUSA ESPECIFICA,2023,4,5,1,8,MAÑANA,COSTA,LEVE,0,0,6543.555,3.0,Pavimentado,Bueno,1.0,Autopista del Sol,Eje Estructurante Norte,1475.0,130702.0,0.5650979329787121,81.32490571897102,68.6769211482833,7.868096912305706,909.6843705053026,43897.946466809415,8931.828000000005,1335.5899999999997,1935.9830000000004,5660.255000000005,1219.309,7712.519000000005,13.651281686122925,2,2,0,0,0,44.0,38.0,50.0,1.0,1.0,0.0,0.0,2,0,0.0,0.0,0.0,1.0,0.0,1.0,0.0,0.0,0.0,1.0
A-2023-04-153,ATROPELLO,1,0,1,LIMA,LIMA,CHORRILLOS,URBANA,CARRETERA,NACIONAL,PE-1S,-12.214472,-76.976484,DESPEJADO,INDUSTRIAL,TRAMO RECTO,PLANA ,ASFALTADA,SIN_DATO,SIN_DATO,SIN_DATO,SIN_DATO,IMPRUDENCIA DEL PEATÓN,OTRO (IMPRUDENCIA DEL PEATÓN),2023,4,5,1,10,MAÑANA,COSTA,LEVE,0,0,6639.975,2.0,Pavimentado,Bueno,1.0,No concesionado,Eje Estructurante Sur,1616.0,150108.0,0.7583553928164398,79.82595632107274,76.7651270103073,11.46351379457763,1662.7771470294065,333655.3618843683,7626.313,1683.4029999999998,1599.0829999999996,4343.827000000001,1814.875,5811.438000000001,23.797541485643197,2,1,0,1,0,52.0,52.0,52.0,1.0,0.0,0.0,0.0,1,0,0.0,1.0,0.0,0.0,0.0,0.0,1.0,0.0,0.0,0.0
A-2023-04-82,CHOQUE,1,0,2,PUNO,SAN ROMAN,CABANILLAS,RURAL,CARRETERA,DEPARTAMENTAL,PU-121,-15.638069029468696,-70.32816940960026,DESPEJADO,RURAL,CURVA,INCLINADA,ASFALTADA,SIN_DATO,SIN_DATO,SIN_DATO,SIN_DATO,IMPRUDENCIA DEL CONDUCTOR,OTRO (IMPRUDENCIA DEL CONDUCTOR),2023,4,5,1,13,TARDE,SIERRA,LEVE,0,0,,,,,,,,,211103.0,0.4387767884413746,74.08026937973001,72.73571788884047,7.487249530915593,506.6407671536068,4885.396145610278,13642.312999999998,2020.7790000000005,2354.117,9267.416999999998,3314.0520000000006,10328.260999999997,24.29244952817019,2,2,0,0,0,38.0,35.0,41.0,1.0,0.0,0.0,0.0,2,0,0.0,0.0,0.0,1.0,1.0,1.0,0.0,0.0,1.0,1.0
A-2023-04-9,DESPISTE,1,1,1,AREQUIPA,CAYLLOMA,SAN ANTONIO DE CHUCA,RURAL,CARRETERA,NACIONAL,PE-34A,-15.9735405,-71.24066382,DESPEJADO,RURAL,TRAMO RECTO,PLANA ,ASFALTADA,NO,SIN_DATO,SIN_DATO,SI,EN PROCESO DE INVESTIGACIÓN,NO CUENTA CON CAUSA ESPECIFICA,2023,4,5,1,13,TARDE,COSTA,LEVE,0,0,1504.4250000000002,2.0,Pavimentado,Bueno,1.0,IIRSA Sur - Tramo 5: Matarani - Azángaro - Ilo,Corredor Matarani - Arequipa - Juliaca,241.0,40514.0,0.4498224071382834,81.63336343193146,58.84842497065013,5.774685730039019,620.6584683449911,1358.612419700214,10322.272,1495.236,1749.739,7077.2970000000005,2886.595,7435.677000000001,27.964725207783708,2,1,0,0,1,49.0,49.0,49.0,1.0,0.0,0.0,0.0,1,0,0.0,0.0,0.0,1.0,0.0,1.0,0.0,0.0,0.0,0.0
A-2023-04-59,CHOQUE,1,1,2,CUSCO,LA CONVENCION,ECHARATE,RURAL,CARRETERA,PROVINCIAL,CU-598,-12.563522,-73.091159,DESPEJADO,RURAL,CURVA,PLANA ,AFIRMADO,SI,PREVENTIVA (P),SIN_DATO,NO,IMPRUDENCIA DEL CONDUCTOR,EXCESO DE VELOCIDAD,2023,4,5,1,14,TARDE,SIERRA,LEVE,0,0,,,,,,,,,80902.0,0.4297325556987851,76.15904795703717,58.63823936731875,6.097264629229048,579.625724446144,29458.58458244112,17779.13499998999,2097.3709999899997,2863.123,12818.640999999989,2878.713,14900.421999989989,16.19152450331032,3,2,0,0,1,58.0,58.0,58.0,1.0,0.0,0.0,0.0,2,0,0.0,0.0,1.0,1.0,1.0,0.0,0.0,1.0,1.0,1.0
A-2023-04-15,CHOQUE,1,1,2,ICA,ICA,SANTIAGO,URBANA,CARRETERA,NACIONAL,PE-1S,-14.3741487,-75.6221788,DESPEJADO,RURAL,TRAMO RECTO,PLANA ,ASFALTADA,SIN_DATO,SIN_DATO,SIN_DATO,SIN_DATO,EN PROCESO DE INVESTIGACIÓN,NO CUENTA CON CAUSA ESPECIFICA,2023,4,5,1,16,TARDE,COSTA,LEVE,0,0,6639.975,2.0,Pavimentado,Bueno,1.0,No concesionado,Eje Estructurante Sur,1616.0,110111.0,0.6261042306271147,80.48505954362174,76.55712631348362,9.341715591523595,1061.002261282891,31419.372591006424,3721.461,698.1859999999996,744.866,2278.409,1102.9029999999996,2618.558,29.636290693359403,2,2,0,0,0,33.5,25.0,42.0,1.0,0.0,0.0,1.0,2,0,0.0,0.0,0.0,1.0,1.0,1.0,0.0,0.0,0.0,0.0