CODIGO_SINIESTRO,CLASE SINIESTRO,CANTIDAD DE FALLECIDOS,CANTIDAD DE LESIONADOS,CANTIDAD DE VEHICULOS DAÑADOS,DEPARTAMENTO,PROVINCIA,DISTRITO,ZONA,TIPO DE VÍA,RED VIAL,COD CARRETERA,COORDENADAS LATITUD,COORDENADAS  LONGITUD,CONDICIÓN CLIMÁTICA,ZONIFICACIÓN,CARACTERÍSTICAS DE VÍA,PERFIL LONGITUDINAL VÍA,SUPERFICIE DE CALZADA,¿EXISTE SEÑAL VERTICAL?,CLASIFICACIÓN DE LA SEÑAL VERTICAL Nº 1,CLASIFICACIÓN DE LA SEÑAL VERTICAL Nº 2,¿EXISTE SEÑAL HORIZONTAL?,CAUSA FACTOR PRINCIPAL,CAUSA ESPECÍFICA,AÑO,MES,DIA_SEMANA,ES_FIN_SEMANA,HORA_NUM,FRANJA_HORARIA,REGION_NATURAL,CATEGORIA_SEVERIDAD,MORTALIDAD_MULTIPLE,LESION_MULTIPLE,MTC_RVN_LONGITUD_KM,MTC_RVN_N_CARRILES_MEDIANA,MTC_RVN_SUPERFICIE_DOMINANTE,MTC_RVN_ESTADO_DOMINANTE,MTC_RVN_ES_CONCESIONADA,MTC_RVN_CONCESION_PRINCIPAL,MTC_RVN_CORREDOR_LOGISTICO,MTC_RVN_N_TRAMOS,IDH_UBIGEO,IDH_2019,IDH_ESP_VIDA_2019,IDH_EDUC_SECUND_PCT_2019,IDH_ANIOS_EDUC_2019,IDH_INGRESO_PERCAP_2019,IDH_POBLACION_2019,MTC_DEP_RED_TOTAL_KM,MTC_DEP_NACIONAL_TOTAL_KM,MTC_DEP_DEPARTAMENTAL_TOTAL_KM,MTC_DEP_VECINAL_TOTAL_KM,MTC_DEP_PAV_TOTAL_KM,MTC_DEP_NO_PAV_TOTAL_KM,MTC_DEP_PCT_PAVIMENTADA,PER_TOTAL_PERSONAS,PER_N_CONDUCTORES,PER_N_CONDUCTORES_FUGADOS,PER_N_PEATONES,PER_N_PASAJEROS_OCUPANTES,PER_EDAD_COND_PROM,PER_EDAD_COND_MIN,PER_EDAD_COND_MAX,PER_ANY_COND_MASCULINO,PER_ANY_LIC_PROBLEMA,PER_ANY_DOSAJE_POS,PER_ANY_DOSAJE_EVALUADO,VEH_TOTAL,VEH_N_FUGADOS,VEH_ANY_FUGADO,VEH_ANY_CARGA,VEH_ANY_PUBLICO,VEH_ANY_PARTICULAR,VEH_ANY_MOTO,VEH_ANY_AUTO,VEH_ANY_CAMION_BUS,VEH_ANY_SOAT_PROBLEMA,VEH_ANY_CITV_PROBLEMA,VEH_ANY_SEGURO_PROBLEMA
A-2023-12-160,CHOQUE,1,0,2,PUNO,HUANCANE,TARACO,RURAL,CARRETERA,NACIONAL,PE-34H,-15.289029,-69.947184,DESPEJADO,RURAL,TRAMO RECTO,PLANA ,ASFALTADA,SIN_DATO,SIN_DATO,SIN_DATO,SIN_DATO,IMPRUDENCIA DEL CONDUCTOR,INVASIÓN DE CARRIL,2023,12,1,0,8,MAÑANA,SIERRA,LEVE,0,0,1762.84,2.0,Asfaltado económico,Bueno,0.0,No concesionado,No corresponde,485.0,210607.0,0.3120136684565522,74.56643070176949,67.13828218150482,6.277409990126978,231.9912855577296,12390.518201284798,13642.312999999998,2020.7790000000005,2354.117,9267.416999999998,3314.0520000000006,10328.260999999997,24.29244952817019,2,2,0,0,0,42.0,33.0,51.0,1.0,0.0,0.0,0.0,2,0,0.0,0.0,0.0,1.0,1.0,0.0,1.0,0.0,1.0,1.0
A-2023-12-82,CHOQUE,1,0,1,PIURA,PIURA,VEINTISEIS DE OCTUBRE,URBANA,CARRETERA,NACIONAL,PE-1N,-5.21434154339334,-80.6530346532596,DESPEJADO,RURAL,TRAMO RECTO,PLANA ,ASFALTADA,SIN_DATO,SIN_DATO,SIN_DATO,SIN_DATO,EN PROCESO DE INVESTIGACIÓN,NO CUENTA CON CAUSA ESPECIFICA,2023,12,1,0,15,TARDE,COSTA,LEVE,0,0,6543.555,3.0,Pavimentado,Bueno,1.0,Autopista del Sol,Eje Estructurante Norte,1475.0,200115.0,0.5997462042553465,78.40793944726823,72.26811532412637,9.714064362322326,976.3169831713308,183875.0,8965.846000060003,1782.4120000599992,636.9959999999999,6546.438000000004,2214.505000059999,6751.341000000004,24.699342371541725,2,2,0,0,0,39.0,20.0,58.0,1.0,0.0,0.0,1.0,2,0,0.0,0.0,1.0,1.0,1.0,0.0,1.0,0.0,1.0,0.0
A-2023-12-153,ATROPELLO,1,0,1,PUNO,AZANGARO,AZANGARO,RURAL,CARRETERA,SIN CLASIFICAR,SIN CLASIFICAR,-14.922138333048496,-70.14353690304377,DESPEJADO,RURAL,TRAMO RECTO,PLANA ,ASFALTADA,SIN_DATO,SIN_DATO,SIN_DATO,SIN_DATO,IMPRUDENCIA DEL CONDUCTOR,EXCESO DE VELOCIDAD,2023,12,1,0,17,TARDE,SIERRA,LEVE,0,0,,,,,,,,,210201.0,0.4384088880022875,66.28408395269946,71.45267205250292,8.282733608109961,563.5418969725097,28239.627408993576,13642.312999999998,2020.7790000000005,2354.117,9267.416999999998,3314.0520000000006,10328.260999999997,24.29244952817019,2,1,0,1,0,74.0,74.0,74.0,1.0,1.0,0.0,0.0,1,0,0.0,0.0,0.0,1.0,1.0,0.0,0.0,1.0,1.0,1.0
A-2023-12-22,ATROPELLO,1,0,1,CUSCO,CANCHIS,SAN PEDRO,URBANA,CARRETERA,PROVINCIAL,CU-1443,-14.188014987241557,-71.34049527285484,DESPEJADO,RESIDENCIAL,TRAMO RECTO,PLANA ,CONCRETO,SIN_DATO,SIN_DATO,SIN_DATO,SIN_DATO,IMPRUDENCIA DEL CONDUCTOR,CONDUCIR EN ESTADO DE EBRIEDAD Y/O DROGADICCIÓN,2023,12,1,0,19,NOCHE,SIERRA,LEVE,0,0,,,,,,,,,80607.0,0.4107458749971457,72.1547719826022,75.11691677377222,6.84079438286104,455.9087564374382,2466.282655246253,17779.13499998999,2097.3709999899997,2863.123,12818.640999999989,2878.713,14900.421999989989,16.19152450331032,2,1,0,1,0,56.0,56.0,56.0,1.0,0.0,0.0,0.0,1,0,0.0,0.0,1.0,0.0,0.0,0.0,1.0,0.0,0.0,0.0
A-2023-12-60,DESPISTE,1,0,1,JUNIN,YAULI,LA OROYA,RURAL,CARRETERA,NACIONAL,PE-22,-11.617519,-75.983458,SIN_DATO,SIN_DATO,SIN_DATO,SIN_DATO,SIN_DATO,SIN_DATO,SIN_DATO,SIN_DATO,SIN_DATO,EN PROCESO DE INVESTIGACIÓN,NO CUENTA CON CAUSA ESPECIFICA,2023,12,1,0,22,NOCHE,SIERRA,LEVE,0,0,875.67,2.0,Pavimentado,Bueno,1.0,IIRSA Centro - Tramo 2: Pte. Ricardo Palma - La Oroya - Huancayo y La Oroya - Dv. Cerro de Pasco,Corredor Central,156.0,120801.0,0.6211711217784234,75.51508523355102,70.90101252241288,10.049671623026311,1128.403546167389,8996.89721627409,12264.545,1826.4639999999995,1105.5389999999998,9332.542,1588.5359999999996,10676.009,12.952261987705208,1,1,0,0,0,27.0,27.0,27.0,1.0,0.0,0.0,0.0,1,0,0.0,0.0,0.0,1.0,0.0,1.0,0.0,0.0,0.0,0.0
A-2023-12-146,ATROPELLO,1,0,1,CALLAO,CALLAO,BELLAVISTA,URBANA,AVENIDA,URBANO,NO CORRESPONDE,-12.0549712002599,-77.1046262993682,DESPEJADO,COMERCIAL,TRAMO RECTO,INCLINADA,ASFALTADA,NO,SIN_DATO,SIN_DATO,SI,IMPRUDENCIA DEL CONDUCTOR,OTRO (IMPRUDENCIA DEL CONDUCTOR),2023,12,2,0,12,TARDE,COSTA,LEVE,0,0,,,,,,,,,,,,,,,,51.58600000000001,44.68700000000001,6.899000000000001,0.0,49.838000000000015,1.748,96.61148373589734,2,1,0,1,0,55.0,55.0,55.0,1.0,0.0,0.0,0.0,1,0,0.0,1.0,0.0,0.0,0.0,0.0,1.0,1.0,1.0,1.0
A-2023-12-95,ATROPELLO FUGA,1,0,1,LIMA,LIMA,ATE,URBANA,OTRO,URBANO,NO CORRESPONDE,-12.014912092187346,-76.88664516127183,DESPEJADO,INDUSTRIAL,INTERSECCIÓN,PLANA ,CASCAJO/RIPIO,SI,INFORMATIVA (I),SIN_DATO,NO,EN PROCESO DE INVESTIGACIÓN,NO CUENTA CON CAUSA ESPECIFICA,2023,12,2,0,17,TARDE,COSTA,LEVE,0,0,,,,,,,,,150103.0,0.6868549636939637,79.62363164345142,76.30894566128948,9.209137883551294,1425.4498631666322,684921.8484148846,7626.313,1683.4029999999998,1599.0829999999996,4343.827000000001,1814.875,5811.438000000001,23.797541485643197,2,1,1,1,0,,,,0.0,0.0,0.0,0.0,1,1,1.0,0.0,0.0,0.0,0.0,0.0,0.0,0.0,0.0,1.0
A-2023-12-171,VOLCADURA,2,0,1,CAJAMARCA,CONTUMAZA,CUPISNIQUE,RURAL,CARRETERA,PROVINCIAL,CA-1373,-7.348748,-79.029944,DESPEJADO,RURAL,CURVA,PLANA ,AFIRMADO,SIN_DATO,SIN_DATO,SIN_DATO,SIN_DATO,IMPRUDENCIA DEL CONDUCTOR,OTRO (IMPRUDENCIA DEL CONDUCTOR),2023,12,2,0,23,NOCHE,SIERRA,GRAVE_MORTALIDAD,1,0,,,,,,,,,60503.0,0.2734439009477944,69.00083057291651,39.636218394426415,5.076548239268462,262.24890824415684,1267.8415417558886,15935.565011852366,1733.9250000199986,935.692,13265.948011832368,2000.1670000199988,13935.398011832369,12.551591352627522,2,1,0,0,1,42.0,42.0,42.0,1.0,0.0,0.0,1.0,1,0,0.0,0.0,0.0,1.0,0.0,0.0,1.0,0.0,0.0,0.0
A-2023-12-2,CHOQUE FUGA,1,0,1,PUNO,PUNO,MAÑAZO,RURAL,CARRETERA,DEPARTAMENTAL,PU-122,-15.790874360629934,-70.32061636634705,DESPEJADO,RURAL,TRAMO RECTO,PLANA ,ASFALTADA,SIN_DATO,SIN_DATO,SIN_DATO,SIN_DATO,IMPRUDENCIA DEL CONDUCTOR,CONDUCIR EN ESTADO DE EBRIEDAD Y/O DROGADICCIÓN,2023,12,3,0,4,MADRUGADA,SIERRA,LEVE,0,0,,,,,,,,,210109.0,0.4360760481245086,71.86716529022274,75.80287611739901,6.733277286170152,544.9407922012352,5132.002141327624,13642.312999999998,2020.7790000000005,2354.117,9267.416999999998,3314.0520000000006,10328.260999999997,24.29244952817019,2,2,1,0,0,42.0,42.0,42.0,1.0,0.0,0.0,0.0,2,1,1.0,0.0,0.0,1.0,0.0,0.0,1.0,0.0,1.0,1.0
A-2023-12-23,DESPISTE,1,0,1,CUSCO,CANCHIS,PITUMARCA,RURAL,CARRETERA,DEPARTAMENTAL,CU-124,-13.965871,-71.408326,NUBLADO,RURAL,TRAMO RECTO,PLANA ,TROCHA,SIN_DATO,SIN_DATO,SIN_DATO,SIN_DATO,IMPRUDENCIA DEL CONDUCTOR,FATIGA Y/O CANSANCIO,2023,12,3,0,5,MADRUGADA,SIERRA,LEVE,0,0,,,,,,,,,80605.0,0.3279828331329419,74.93726764380844,47.17261878454185,4.163619664547984,407.9126524591313,7289.100642398288,17779.13499998999,2097.3709999899997,2863.123,12818.640999999989,2878.713,14900.421999989989,16.19152450331032,1,1,0,0,0,35.0,35.0,35.0,1.0,0.0,0.0,0.0,1,0,0.0,0.0,0.0,1.0,0.0,0.0,1.0,0.0,0.0,0.0
A-2023-12-40,DESPISTE,1,0,1,LA LIBERTAD,ASCOPE,CHOCOPE,RURAL,CARRETERA,NACIONAL,PE-1N,-7.786496,-79.239554,DESPEJADO,RURAL,TRAMO RECTO,PLANA ,ASFALTADA,SIN_DATO,SIN_DATO,SIN_DATO,SIN_DATO,NEGLIGENCIA DEL CONDUCTOR,OTRO (NEGLIGENCIA DEL CONDUCTOR),2023,12,3,0,6,MAÑANA,COSTA,LEVE,0,0,6543.555,3.0,Pavimentado,Bueno,1.0,Autopista del Sol,Eje Estructurante Norte,1475.0,130203.0,0.6137552402736777,77.488039372676,77.55476206305543,9.288784127631692,1053.6564617230836,8413.593147751606,8931.828000000005,1335.5899999999997,1935.9830000000004,5660.255000000005,1219.309,7712.519000000005,13.651281686122925,2,1,0,0,1,19.0,19.0,19.0,1.0,0.0,0.0,0.0,1,0,0.0,0.0,0.0,1.0,0.0,1.0,0.0,0.0,0.0,0.0
A-2023-12-76,CHOQUE,1,0,2,AREQUIPA,ISLAY,MOLLENDO,RURAL,CARRETERA,NACIONAL,PE-1SD,-17.030132,-71.992784,DESPEJADO,RURAL,TRAMO RECTO,INCLINADA,ASFALTADA,SI,REGULADORA (R),SIN_DATO,SI,EN PROCESO DE INVESTIGACIÓN,NO CUENTA CON CAUSA ESPECIFICA,2023,12,3,0,7,MAÑANA,COSTA,LEVE,0,0,1926.94,2.0,Pavimentado,Bueno,1.0,No concesionado,No corresponde,393.0,40701.0,0.6456305778571253,75.67334095395331,77.09261911098552,10.479683603540597,1179.2653123056473,21630.747323340474,10322.272,1495.236,1749.739,7077.2970000000005,2886.595,7435.677000000001,27.964725207783708,2,2,0,0,0,56.5,45.0,68.0,1.0,1.0,0.0,1.0,2,0,0.0,1.0,0.0,1.0,1.0,0.0,1.0,0.0,0.0,0.0
A-2023-12-161,DESPISTE,1,2,1,PUNO,LAMPA,CALAPUJA,RURAL,CARRETERA,NACIONAL,PE-34B,-15.2945642943843,-70.22315020084868,DESPEJADO,RURAL,TRAMO RECTO,PLANA ,ASFALTADA,SIN_DATO,SIN_DATO,SIN_DATO,SIN_DATO,IMPRUDENCIA DEL CONDUCTOR,EXCESO DE VELOCIDAD,2023,12,3,0,8,MAÑANA,SIERRA,LEVE,0,0,1761.8050000000003,2.0,Pavimentado,Bueno,1.0,IIRSA Sur - Tramo 4: Inambari - Azángaro,Corredor Juliaca - Puerto Maldonado,410.0,210703.0,0.289549626938555,77.56938441814937,61.26176615135224,5.519427583790393,205.49658062526288,1447.8907922912204,13642.312999999998,2020.7790000000005,2354.117,9267.416999999998,3314.0520000000006,10328.260999999997,24.29244952817019,3,1,0,0,2,33.0,33.0,33.0,1.0,0.0,0.0,0.0,1,0,0.0,0.0,0.0,1.0,0.0,1.0,0.0,0.0,1.0,0.0
A-2023-12-167,VOLCADURA,1,1,1,CAJAMARCA,SAN PABLO,SAN BERNARDINO,RURAL,CARRETERA,NACIONAL,PE-08A,-7.161975,-78.838138,DESPEJADO,RURAL,TRAMO RECTO,PLANA ,ASFALTADA,NO,SIN_DATO,SIN_DATO,SI,IMPRUDENCIA DEL CONDUCTOR,OTRO (IMPRUDENCIA DEL CONDUCTOR),2023,12,3,0,10,MAÑANA,SIERRA,LEVE,0,0,372.674,2.0,Pavimentado,Bueno,1.0,Longitudinal de la Sierra - Tramo 2: Ciudad de Dios - Cajamarca - Chiple - Cajamarca - Trujillo - Dv. Chilete - Emp. PE-3N,No corresponde,66.0,61202.0,0.2737187302851982,67.63966633396905,40.953211486842825,3.7263390622442008,336.78785003448525,4122.6017130620985,15935.565011852366,1733.9250000199986,935.692,13265.948011832368,2000.1670000199988,13935.398011832369,12.551591352627522,3,1,1,0,2,,,,0.0,0.0,0.0,0.0,1,1,1.0,0.0,0.0,0.0,0.0,0.0,0.0,0.0,0.0,1.0
A-2023-12-17,DESPISTE,2,0,1,PASCO,PASCO,NINACACA,RURAL,CARRETERA,DEPARTAMENTAL,PA-106,-10.6355129803478,-75.9096359778084,DESPEJADO,RURAL,TRAMO RECTO,PLANA ,TROCHA,SIN_DATO,SIN_DATO,SIN_DATO,SIN_DATO,IMPRUDENCIA DEL CONDUCTOR,FATIGA Y/O CANSANCIO,2023,12,3,0,13,TARDE,SIERRA,GRAVE_MORTALIDAD,1,0,,,,,,,,,190105.0,0.3809805024475937,74.2650289070001,82.89783498714431,7.452077577745868,324.00556378663055,3505.5546038543894,3677.119863,564.5869999999999,910.845,2201.687863000001,590.8779999999998,3086.2418630000006,16.06904376290656,2,1,0,0,1,63.0,63.0,63.0,1.0,0.0,0.0,0.0,1,0,0.0,0.0,0.0,1.0,0.0,1.0,0.0,0.0,0.0,0.0
A-2023-12-158,DESPISTE,1,0,1,PUNO,HUANCANE,VILQUE CHICO,RURAL,CARRETERA,SIN CLASIFICAR,SIN CLASIFICAR,-15.110003,-69.682049,DESPEJADO,RURAL,TRAMO RECTO,INCLINADA,TROCHA,SIN_DATO,SIN_DATO,SIN_DATO,SIN_DATO,IMPRUDENCIA DEL CONDUCTOR,EXCESO DE VELOCIDAD,2023,12,3,0,19,NOCHE,SIERRA,LEVE,0,0,,,,,,,,,210608.0,0.2364715545850459,70.80113252262655,69.38498084505231,4.775584543785275,146.98348147582652,6569.51391862955,13642.312999999998,2020.7790000000005,2354.117,9267.416999999998,3314.0520000000006,10328.260999999997,24.29244952817019,2,1,0,0,1,68.0,68.0,68.0,1.0,1.0,0.0,0.0,1,0,0.0,0.0,0.0,1.0,0.0,0.0,1.0,1.0,1.0,1.0
A-2023-12-32,DESPISTE,1,1,1,CUSCO,CALCA,YANATILE,RURAL,CARRETERA,PROVINCIAL,CU-750,-12.687034,-72.294879,DESPEJADO,RURAL,CURVA,INCLINADA,AFIRMADO,SIN_DATO,SIN_DATO,SIN_DATO,SIN_DATO,INFRAESTRUCTURA Y ENTORNO VIAL,OTRO (INFRAESTRUCTURA Y ENTORNO VIAL),2023,12,3,0,19,NOCHE,SIERRA,LEVE,0,0,,,,,,,,,80408.0,0.3458285951625388,71.92356146222339,58.36138650150466,5.536599799186402,367.66184108199946,11927.233404710922,17779.13499998999,2097.3709999899997,2863.123,12818.640999999989,2878.713,14900.421999989989,16.19152450331032,2,1,0,0,1,54.0,54.0,54.0,1.0,0.0,0.0,0.0,1,0,0.0,0.0,0.0,0.0,0.0,0.0,1.0,0.0,0.0,0.0
A-2023-12-168,DESPISTE,1,2,1,CAJAMARCA,CAJAMARCA,NAMORA,RURAL,CARRETERA,NACIONAL,PE-3N,-7.187174,-78.356803,DESPEJADO,RURAL,TRAMO RECTO,INCLINADA,ASFALTADA,SIN_DATO,SIN_DATO,SIN_DATO,SIN_DATO,IMPRUDENCIA DEL CONDUCTOR,EXCESO DE VELOCIDAD,2023,12,3,0,21,NOCHE,SIERRA,LEVE,0,0,9936.932,2.0,Pavimentado,Bueno,1.0,No concesionado,No corresponde,3830.0,60111.0,0.2723221878437338,73.9254469105048,35.794306883925714,3.6855018180311454,315.0310385486801,10335.051391862957,15935.565011852366,1733.9250000199986,935.692,13265.948011832368,2000.1670000199988,13935.398011832369,12.551591352627522,4,1,1,0,3,,,,0.0,0.0,0.0,0.0,1,0,0.0,0.0,1.0,0.0,1.0,0.0,0.0,1.0,0.0,1.0
A-2023-12-93,ATROPELLO,1,1,1,LIMA,LIMA,VILLA EL SALVADOR,RURAL,CARRETERA,NACIONAL,PE-1S,-12.229058,-76.968159,DESPEJADO,INDUSTRIAL,TRAMO RECTO,PLANA ,ASFALTADA,NO,SIN_DATO,SIN_DATO,SI,EN PROCESO DE INVESTIGACIÓN,NO CUENTA CON CAUSA ESPECIFICA,2023,12,3,0,23,NOCHE,COSTA,LEVE,0,0,6639.975,2.0,Pavimentado,Bueno,1.0,No concesionado,Eje Estructurante Sur,1616.0,150142.0,0.6990481232857558,80.14597904142546,74.3851677794309,10.004397644056358,1432.5044292531525,459161.0728051392,7626.313,1683.4029999999998,1599.0829999999996,4343.827000000001,1814.875,5811.438000000001,23.797541485643197,2,1,0,1,0,35.0,35.0,35.0,1.0,0.0,0.0,0.0,1,0,0.0,0.0,0.0,1.0,1.0,0.0,0.0,0.0,1.0,0.0
A-2023-12-10,CHOQUE,1,1,3,ICA,ICA,LOS AQUIJES,RURAL,CARRETERA,PROVINCIAL,IC-653,-14.09797832,-75.68375776,DESPEJADO,RURAL,TRAMO RECTO,PLANA ,ASFALTADA,SIN_DATO,SIN_DATO,SIN_DATO,SIN_DATO,EN PROCESO DE INVESTIGACIÓN,NO CUENTA CON CAUSA ESPECIFICA,2023,12,4,0,5,MADRUGADA,COSTA,LEVE,0,0,,,,,,,,,110103.0,0.6321366370204364,78.1199401919606,75.66178721857658,9.921443363677442,1104.135489339046,22115.385438972164,3721.461,698.1859999999996,744.866,2278.409,1102.9029999999996,2618.558,29.636290693359403,3,3,0,0,0,44.0,27.0,66.0,1.0,1.0,0.0,1.0,3,0,0.0,1.0,0.0,1.0,1.0,1.0,1.0,1.0,1.0,1.0
A-2023-12-54,ATROPELLO,1,0,1,TACNA,TACNA,CORONEL GREGORIO ALBARRACIN LANCHIPA,URBANA,AVENIDA,URBANO,NO CORRESPONDE,-18.05367,-70.242646,DESPEJADO,RESIDENCIAL,TRAMO RECTO,PLANA ,ASFALTADA,SIN_DATO,SIN_DATO,SIN_DATO,SIN_DATO,IMPRUDENCIA DEL CONDUCTOR,CONDUCIR EN ESTADO DE EBRIEDAD Y/O DROGADICCIÓN,2023,12,4,0,17,TARDE,COSTA,LEVE,0,0,,,,,,,,,,,,,,,,2650.572,630.6729999999998,487.3610000000001,1532.5379999999998,1068.7019999999998,1581.87,40.31967439480987,2,1,0,1,0,25.0,25.0,25.0,1.0,0.0,1.0,1.0,1,0,0.0,0.0,1.0,0.0,1.0,0.0,0.0,1.0,0.0,1.0
A-2023-12-94,CHOQUE,1,0,1,LIMA,LIMA,LOS OLIVOS,URBANA,CARRETERA,NACIONAL,PE-1N,-11.97016,-77.067188,DESPEJADO,INDUSTRIAL,TRAMO RECTO,PLANA ,ASFALTADA,SIN_DATO,SIN_DATO,SIN_DATO,SIN_DATO,EN PROCESO DE INVESTIGACIÓN,NO CUENTA CON CAUSA ESPECIFICA,2023,12,4,0,19,NOCHE,COSTA,LEVE,0,0,6543.555,3.0,Pavimentado,Bueno,1.0,Autopista del Sol,Eje Estructurante Norte,1475.0,150117.0,0.758462599563312,80.5192231989937,79.20045639149897,11.33839041452458,1628.5661148492152,363987.54389721627,7626.313,1683.4029999999998,1599.0829999999996,4343.827000000001,1814.875,5811.438000000001,23.797541485643197,2,2,0,0,0,48.5,48.0,49.0,1.0,0.0,0.0,0.0,2,0,0.0,0.0,1.0,1.0,0.0,1.0,1.0,0.0,0.0,0.0
A-2023-12-75,DESPISTE,5,1,1,AREQUIPA,CAYLLOMA,YANQUE,RURAL,CARRETERA,DEPARTAMENTAL,AR-109,-15.650821,-71.641526,DESPEJADO,RURAL,TRAMO RECTO,INCLINADA,ASFALTADA,NO,SIN_DATO,SIN_DATO,SI,EN PROCESO DE INVESTIGACIÓN,NO CUENTA CON CAUSA ESPECIFICA,2023,12,4,0,22,NOCHE,COSTA,GRAVE_MORTALIDAD,1,0,,,,,,,,,40519.0,0.5325761945469989,81.34951653829121,50.97523181639888,6.867251361766504,964.6116839691138,2104.1584582441114,10322.272,1495.236,1749.739,7077.2970000000005,2886.595,7435.677000000001,27.964725207783708,6,1,0,0,5,33.0,33.0,33.0,1.0,0.0,0.0,1.0,1,0,0.0,0.0,0.0,1.0,0.0,0.0,1.0,0.0,0.0,0.0
A-2023-12-96,ATROPELLO FUGA,1,0,1,LIMA,LIMA,CARABAYLLO,URBANA,AVENIDA,URBANO,NO CORRESPONDE,-11.8753391,-77.02459206,DESPEJADO,COMERCIAL,TRAMO RECTO,PLANA ,ASFALTADA,SIN_DATO,SIN_DATO,SIN_DATO,SIN_DATO,EN PROCESO DE INVESTIGACIÓN,NO CUENTA CON CAUSA ESPECIFICA,2023,12,5,1,4,MADRUGADA,COSTA,LEVE,0,0,,,,,,,,,150106.0,0.6498693508177541,78.84967382596041,74.11456675539837,9.21786785255454,1246.479589064551,356854.23554603854,7626.313,1683.4029999999998,1599.0829999999996,4343.827000000001,1814.875,5811.438000000001,23.797541485643197,2,1,1,1,0,,,,0.0,0.0,0.0,0.0,1,1,1.0,0.0,0.0,0.0,0.0,0.0,0.0,0.0,0.0,1.0
A-2023-12-159,CHOQUE,1,0,2,PUNO,LAMPA,PUCARA,RURAL,CARRETERA,NACIONAL,PE-3S,-15.096223181605325,-70.35588195391449,DESPEJADO,RURAL,TRAMO RECTO,PLANA ,ASFALTADA,SIN_DATO,SIN_DATO,SIN_DATO,SIN_DATO,IMPRUDENCIA DEL CONDUCTOR,CONDUCIR EN ESTADO DE EBRIEDAD Y/O DROGADICCIÓN,2023,12,5,1,4,MADRUGADA,SIERRA,LEVE,0,0,7586.903,2.0,Pavimentado,Bueno,1.0,No concesionado,CO 10: Abancay - Ayacucho- Huancayo- La Oroya,1198.0,210708.0,0.3321861957084406,76.3620732097923,75.82173747880367,6.343900019252585,249.29068548640728,4882.685224839401,13642.312999999998,2020.7790000000005,2354.117,9267.416999999998,3314.0520000000006,10328.260999999997,24.29244952817019,2,2,0,0,0,38.5,33.0,44.0,1.0,0.0,0.0,0.0,2,0,0.0,0.0,0.0,1.0,0.0,0.0,1.0,1.0,1.0,1.0
A-2023-12-14,CHOQUE,1,0,2,AMAZONAS,RODRIGUEZ DE MENDOZA,SAN NICOLAS,RURAL,CARRETERA,NACIONAL,PE-08B,-6.395578,-77.479176,DESPEJADO,RURAL,INTERSECCIÓN,INCLINADA,CONCRETO,NO,SIN_DATO,SIN_DATO,SI,EN PROCESO DE INVESTIGACIÓN,NO CUENTA CON CAUSA ESPECIFICA,2023,12,5,1,6,MAÑANA,SELVA,LEVE,0,0,2760.8550000000005,1.0,Asfaltado económico,Regular,0.0,No concesionado,No corresponde,1208.0,10601.0,0.5248407423944356,73.63757229637942,51.89732464509744,7.803145385057674,973.5581051719766,5985.646680942184,3903.732,1155.121,585.018,2163.5930000000003,943.591,2960.1410000000005,24.17151074920102,2,2,0,0,0,57.0,42.0,72.0,1.0,1.0,0.0,0.0,2,0,0.0,0.0,0.0,1.0,1.0,0.0,1.0,0.0,1.0,0.0
A-2023-12-85,CHOQUE,1,1,1,PIURA,HUANCABAMBA,CANCHAQUE,RURAL,CARRETERA,NACIONAL,PE-02A,-5.389598,-79.609396,DESPEJADO,RURAL,TRAMO RECTO,PLANA ,ASFALTADA,SIN_DATO,SIN_DATO,SIN_DATO,SIN_DATO,EN PROCESO DE INVESTIGACIÓN,NO CUENTA CON CAUSA ESPECIFICA,2023,12,5,1,15,TARDE,COSTA,LEVE,0,0,722.9000000000002,2.0,Asfaltado económico,Bueno,1.0,Emp.PE-1B-Buenos Aires - Canchaque,No corresponde,123.0,200302.0,0.3603852868720288,67.60449996573556,62.48120564505005,5.939670149803919,415.7154141237434,6773.064239828696,8965.846000060003,1782.4120000599992,636.9959999999999,6546.438000000004,2214.505000059999,6751.341000000004,24.699342371541725,3,2,0,0,1,25.0,15.0,35.0,1.0,1.0,0.0,1.0,2,0,0.0,1.0,0.0,0.0,1.0,0.0,1.0,1.0,1.0,1.0
A-2023-12-133,CHOQUE,2,17,2,TACNA,TACNA,SAMA,RURAL,CARRETERA,NACIONAL,PE-1S,-17.7888694,-70.666925,DESPEJADO,RURAL,TRAMO RECTO,PLANA ,ASFALTADA,SIN_DATO,SIN_DATO,SIN_DATO,SIN_DATO,IMPRUDENCIA DEL CONDUCTOR,CONDUCIR EN ESTADO DE EBRIEDAD Y/O DROGADICCIÓN,2023,12,5,1,18,NOCHE,COSTA,GRAVE_MORTALIDAD,1,1,6639.975,2.0,Pavimentado,Bueno,1.0,No concesionado,Eje Estructurante Sur,1616.0,230109.0,0.5526222945995614,74.2498786138685,70.50025041365525,8.75355945120394,897.5682559826355,2956.51391862955,2650.572,630.6729999999998,487.3610000000001,1532.5379999999998,1068.7019999999998,1581.87,40.31967439480987,19,2,0,0,17,49.5,38.0,61.0,1.0,1.0,0.0,1.0,2,0,0.0,0.0,0.0,1.0,0.0,1.0,1.0,0.0,0.0,0.0