CODIGO_SINIESTRO,CLASE SINIESTRO,CANTIDAD DE FALLECIDOS,CANTIDAD DE LESIONADOS,CANTIDAD DE VEHICULOS DAÑADOS,DEPARTAMENTO,PROVINCIA,DISTRITO,ZONA,TIPO DE VÍA,RED VIAL,COD CARRETERA,COORDENADAS LATITUD,COORDENADAS  LONGITUD,CONDICIÓN CLIMÁTICA,ZONIFICACIÓN,CARACTERÍSTICAS DE VÍA,PERFIL LONGITUDINAL VÍA,SUPERFICIE DE CALZADA,¿EXISTE SEÑAL VERTICAL?,CLASIFICACIÓN DE LA SEÑAL VERTICAL Nº 1,CLASIFICACIÓN DE LA SEÑAL VERTICAL Nº 2,¿EXISTE SEÑAL HORIZONTAL?,CAUSA FACTOR PRINCIPAL,CAUSA ESPECÍFICA,AÑO,MES,DIA_SEMANA,ES_FIN_SEMANA,HORA_NUM,FRANJA_HORARIA,REGION_NATURAL,CATEGORIA_SEVERIDAD,MORTALIDAD_MULTIPLE,LESION_MULTIPLE,MTC_RVN_LONGITUD_KM,MTC_RVN_N_CARRILES_MEDIANA,MTC_RVN_SUPERFICIE_DOMINANTE,MTC_RVN_ESTADO_DOMINANTE,MTC_RVN_ES_CONCESIONADA,MTC_RVN_CONCESION_PRINCIPAL,MTC_RVN_CORREDOR_LOGISTICO,MTC_RVN_N_TRAMOS,IDH_UBIGEO,IDH_2019,IDH_ESP_VIDA_2019,IDH_EDUC_SECUND_PCT_2019,IDH_ANIOS_EDUC_2019,IDH_INGRESO_PERCAP_2019,IDH_POBLACION_2019,MTC_DEP_RED_TOTAL_KM,MTC_DEP_NACIONAL_TOTAL_KM,MTC_DEP_DEPARTAMENTAL_TOTAL_KM,MTC_DEP_VECINAL_TOTAL_KM,MTC_DEP_PAV_TOTAL_KM,MTC_DEP_NO_PAV_TOTAL_KM,MTC_DEP_PCT_PAVIMENTADA,PER_TOTAL_PERSONAS,PER_N_CONDUCTORES,PER_N_CONDUCTORES_FUGADOS,PER_N_PEATONES,PER_N_PASAJEROS_OCUPANTES,PER_EDAD_COND_PROM,PER_EDAD_COND_MIN,PER_EDAD_COND_MAX,PER_ANY_COND_MASCULINO,PER_ANY_LIC_PROBLEMA,PER_ANY_DOSAJE_POS,PER_ANY_DOSAJE_EVALUADO,VEH_TOTAL,VEH_N_FUGADOS,VEH_ANY_FUGADO,VEH_ANY_CARGA,VEH_ANY_PUBLICO,VEH_ANY_PARTICULAR,VEH_ANY_MOTO,VEH_ANY_AUTO,VEH_ANY_CAMION_BUS,VEH_ANY_SOAT_PROBLEMA,VEH_ANY_CITV_PROBLEMA,VEH_ANY_SEGURO_PROBLEMA
A-2024-12-10,DESPISTE,3,1,1,AREQUIPA,CAYLLOMA,TAPAY,RURAL,CARRETERA,SIN CLASIFICAR,SIN CLASIFICAR,-15.58493,-71.99596,DESPEJADO,RURAL,CURVA,PLANA ,TROCHA,SIN_DATO,SIN_DATO,SIN_DATO,SIN_DATO,EN PROCESO DE INVESTIGACIÓN,NO CUENTA CON CAUSA ESPECIFICA,2024,12,3,0,8,MAÑANA,COSTA,GRAVE_MORTALIDAD,1,0,,,,,,,,,40516.0,0.5250847186173486,78.95268823057776,49.51879662164463,7.159390184447137,953.004195955536,588.3169164882227,10322.272,1495.236,1749.739,7077.2970000000005,2886.595,7435.677000000001,27.964725207783708,4,1,0,0,3,44.0,44.0,44.0,1.0,0.0,0.0,1.0,1,0,0.0,0.0,0.0,1.0,0.0,0.0,1.0,0.0,1.0,0.0
A-2024-12-43,DESPISTE,2,0,1,LA LIBERTAD,BOLIVAR,UCHUMARCA,RURAL,CARRETERA,SIN CLASIFICAR,SIN CLASIFICAR,-7.057669990264186,-77.76739414398182,DESPEJADO,RURAL,TRAMO RECTO,PLANA ,AFIRMADO,SIN_DATO,SIN_DATO,SIN_DATO,SIN_DATO,EN PROCESO DE INVESTIGACIÓN,NO CUENTA CON CAUSA ESPECIFICA,2024,12,3,0,10,MAÑANA,COSTA,GRAVE_MORTALIDAD,1,0,,,,,,,,,130305.0,0.2967575668558554,78.85276608267903,34.37675968385336,5.605263722910016,271.47481058898694,2253.8479657387584,8931.828000000005,1335.5899999999997,1935.9830000000004,5660.255000000005,1219.309,7712.519000000005,13.651281686122925,3,1,0,0,2,28.0,28.0,28.0,1.0,0.0,0.0,0.0,1,0,0.0,1.0,0.0,0.0,0.0,0.0,1.0,0.0,0.0,0.0
A-2024-12-44,CHOQUE,1,0,1,LA LIBERTAD,VIRU,CHAO,RURAL,CARRETERA,NACIONAL,PE-1N,-8.541219465385137,-78.6757678961301,SIN_DATO,SIN_DATO,SIN_DATO,SIN_DATO,SIN_DATO,SIN_DATO,SIN_DATO,SIN_DATO,SIN_DATO,EN PROCESO DE INVESTIGACIÓN,NO CUENTA CON CAUSA ESPECIFICA,2024,12,3,0,19,NOCHE,COSTA,LEVE,0,0,6543.555,3.0,Pavimentado,Bueno,1.0,Autopista del Sol,Eje Estructurante Norte,1475.0,131202.0,0.4971504606547645,77.79759708660042,46.44666297237219,6.322206801902116,929.9716106661404,44368.59100642397,8931.828000000005,1335.5899999999997,1935.9830000000004,5660.255000000005,1219.309,7712.519000000005,13.651281686122925,2,2,0,0,0,31.5,19.0,44.0,1.0,1.0,0.0,0.0,2,0,0.0,0.0,0.0,1.0,1.0,0.0,0.0,1.0,0.0,1.0
A-2024-12-100,ATROPELLO FUGA,1,0,1,LIMA,LIMA,SAN MARTIN DE PORRES,URBANA,AVENIDA,URBANO,NO CORRESPONDE,-12.031675407010912,-77.06809336339548,DESPEJADO,COMERCIAL,TRAMO RECTO,PLANA ,ASFALTADA,SIN_DATO,SIN_DATO,SIN_DATO,SIN_DATO,EN PROCESO DE INVESTIGACIÓN,NO CUENTA CON CAUSA ESPECIFICA,2024,12,4,0,1,MADRUGADA,COSTA,LEVE,0,0,,,,,,,,,150135.0,0.7419979630670723,80.31822295927182,79.00446395716813,11.084203715652809,1554.6868971011318,739416.2413542903,7626.313,1683.4029999999998,1599.0829999999996,4343.827000000001,1814.875,5811.438000000001,23.797541485643197,2,1,1,1,0,,,,0.0,0.0,0.0,0.0,1,1,1.0,0.0,0.0,0.0,0.0,0.0,0.0,0.0,0.0,1.0
A-2024-12-101,DESPISTE,1,0,1,LIMA,LIMA,EL AGUSTINO,URBANA,CARRETERA,NACIONAL,PE-1N,-12.03285756513733,-77.00682081487176,DESPEJADO,COMERCIAL,TRAMO RECTO,INCLINADA,ASFALTADA,SIN_DATO,SIN_DATO,SIN_DATO,SIN_DATO,EN PROCESO DE INVESTIGACIÓN,NO CUENTA CON CAUSA ESPECIFICA,2024,12,5,1,2,MADRUGADA,COSTA,LEVE,0,0,6543.555,3.0,Pavimentado,Bueno,1.0,Autopista del Sol,Eje Estructurante Norte,1475.0,150111.0,0.6970617810314195,81.40501156526744,73.5715154770137,9.635174408411393,1428.892506292977,203379.9271948608,7626.313,1683.4029999999998,1599.0829999999996,4343.827000000001,1814.875,5811.438000000001,23.797541485643197,1,1,0,0,0,26.0,26.0,26.0,1.0,0.0,0.0,0.0,1,0,0.0,0.0,0.0,1.0,1.0,0.0,0.0,0.0,1.0,0.0
A-2024-12-102,CHOQUE,1,0,1,LIMA,LIMA,VILLA EL SALVADOR,URBANA,CARRETERA,NACIONAL,PE-1S,-12.24251203982104,-76.94402208978147,DESPEJADO,INDUSTRIAL,TRAMO RECTO,PLANA ,ASFALTADA,SIN_DATO,SIN_DATO,SIN_DATO,SIN_DATO,EN PROCESO DE INVESTIGACIÓN,NO CUENTA CON CAUSA ESPECIFICA,2024,12,5,1,4,MADRUGADA,COSTA,LEVE,0,0,6639.975,2.0,Pavimentado,Bueno,1.0,No concesionado,Eje Estructurante Sur,1616.0,150142.0,0.6990481232857558,80.14597904142546,74.3851677794309,10.004397644056358,1432.5044292531525,459161.0728051392,7626.313,1683.4029999999998,1599.0829999999996,4343.827000000001,1814.875,5811.438000000001,23.797541485643197,2,2,0,0,0,50.0,35.0,65.0,1.0,1.0,0.0,0.0,2,0,0.0,1.0,0.0,1.0,1.0,0.0,1.0,0.0,1.0,1.0
A-2024-12-79,DESPISTE,2,1,1,CAJAMARCA,CAJAMARCA,SAN JUAN,RURAL,CARRETERA,PROVINCIAL,CA-1441,-7.30782322765668,-78.4592540037018,DESPEJADO,RURAL,CURVA,INCLINADA,CASCAJO/RIPIO,SIN_DATO,SIN_DATO,SIN_DATO,SIN_DATO,IMPRUDENCIA DEL CONDUCTOR,OTRO (IMPRUDENCIA DEL CONDUCTOR),2024,12,5,1,23,NOCHE,SIERRA,GRAVE_MORTALIDAD,1,0,,,,,,,,,60112.0,0.2871763458712909,71.92284374528238,38.46051957702505,4.470383362620207,312.57454505408714,4874.023554603855,15935.565011852366,1733.9250000199986,935.692,13265.948011832368,2000.1670000199988,13935.398011832369,12.551591352627522,3,1,0,0,2,44.0,44.0,44.0,1.0,1.0,0.0,1.0,1,0,0.0,0.0,0.0,1.0,0.0,1.0,0.0,0.0,1.0,0.0
A-2024-12-104,CHOQUE,1,1,1,LIMA,LIMA,PUENTE PIEDRA,URBANA,CARRETERA,NACIONAL,PE-1N,-11.841324330668538,-77.10368626847814,DESPEJADO,ESCOLAR,TRAMO RECTO,PLANA ,ASFALTADA,SIN_DATO,SIN_DATO,SIN_DATO,SIN_DATO,EN PROCESO DE INVESTIGACIÓN,NO CUENTA CON CAUSA ESPECIFICA,2024,12,6,1,2,MADRUGADA,COSTA,LEVE,0,0,6543.555,3.0,Pavimentado,Bueno,1.0,Autopista del Sol,Eje Estructurante Norte,1475.0,150125.0,0.6632628912836565,79.15155564666024,73.19223743118206,9.629669813837666,1289.452647666346,383699.2119914347,7626.313,1683.4029999999998,1599.0829999999996,4343.827000000001,1814.875,5811.438000000001,23.797541485643197,4,2,0,0,2,42.5,34.0,51.0,1.0,0.0,0.0,0.0,2,0,0.0,0.0,1.0,1.0,0.0,1.0,1.0,0.0,0.0,0.0
A-2024-12-107,DESPISTE,1,1,1,LIMA,LIMA,MAGDALENA DEL MAR,URBANA,VIA EXPRESA,URBANO,NO CORRESPONDE,-12.097772906945732,-77.07281905686722,DESPEJADO,COMERCIAL,CURVA,PLANA ,ASFALTADA,SIN_DATO,SIN_DATO,SIN_DATO,SIN_DATO,EN PROCESO DE INVESTIGACIÓN,NO CUENTA CON CAUSA ESPECIFICA,2024,12,6,1,5,MADRUGADA,COSTA,LEVE,0,0,,,,,,,,,150120.0,0.8339285469381142,80.46197140280118,79.64957679364637,12.999280633187066,1986.2672977119664,57878.755888650965,7626.313,1683.4029999999998,1599.0829999999996,4343.827000000001,1814.875,5811.438000000001,23.797541485643197,2,1,0,0,1,19.0,19.0,19.0,1.0,0.0,0.0,0.0,1,0,0.0,0.0,0.0,1.0,1.0,0.0,0.0,1.0,1.0,1.0
A-2024-12-12,CHOQUE,1,3,2,AREQUIPA,AREQUIPA,SAN JUAN DE TARUCANI,RURAL,CARRETERA,NACIONAL,PE-34A,-16.04552,-71.32347,DESPEJADO,RURAL,TRAMO RECTO,PLANA ,ASFALTADA,SI,PREVENTIVA (P),SIN_DATO,SI,EN PROCESO DE INVESTIGACIÓN,NO CUENTA CON CAUSA ESPECIFICA,2024,12,6,1,10,MAÑANA,COSTA,GRAVE_LESIONADOS,0,1,1504.4250000000002,2.0,Pavimentado,Bueno,1.0,IIRSA Sur - Tramo 5: Matarani - Azángaro - Ilo,Corredor Matarani - Arequipa - Juliaca,241.0,40119.0,0.4685280505645348,81.83746865987648,70.74305753660312,6.037751599761188,617.4715908037651,1751.8736616702354,10322.272,1495.236,1749.739,7077.2970000000005,2886.595,7435.677000000001,27.964725207783708,4,2,0,0,2,42.0,35.0,49.0,1.0,1.0,0.0,1.0,2,0,0.0,0.0,0.0,1.0,0.0,1.0,0.0,0.0,1.0,0.0
A-2024-12-108,CHOQUE CON OBJETO FIJO,2,0,1,LIMA,LIMA,INDEPENDENCIA,URBANA,AVENIDA,URBANO,NO CORRESPONDE,-11.991470434823938,-77.05703698927088,DESPEJADO,RESIDENCIAL,TRAMO RECTO,PLANA ,ASFALTADA,SIN_DATO,SIN_DATO,SIN_DATO,SIN_DATO,EN PROCESO DE INVESTIGACIÓN,NO CUENTA CON CAUSA ESPECIFICA,2024,12,0,0,2,MADRUGADA,COSTA,GRAVE_MORTALIDAD,1,0,,,,,,,,,150112.0,0.6853375063928137,80.04346891299102,76.32428568750537,8.817291636093138,1443.328322024431,217176.83083511775,7626.313,1683.4029999999998,1599.0829999999996,4343.827000000001,1814.875,5811.438000000001,23.797541485643197,3,1,0,0,2,20.0,20.0,20.0,1.0,0.0,0.0,0.0,1,0,0.0,0.0,0.0,1.0,0.0,1.0,0.0,0.0,0.0,0.0
A-2024-12-9,ATROPELLO,1,0,1,AREQUIPA,AREQUIPA,CERRO COLORADO,URBANA,CARRETERA,NACIONAL,PE-34A,-16.345909,-71.581558,DESPEJADO,INDUSTRIAL,TRAMO RECTO,INCLINADA,ASFALTADA,SIN_DATO,SIN_DATO,SIN_DATO,SIN_DATO,EN PROCESO DE INVESTIGACIÓN,NO CUENTA CON CAUSA ESPECIFICA,2024,12,0,0,2,MADRUGADA,COSTA,LEVE,0,0,1504.4250000000002,2.0,Pavimentado,Bueno,1.0,IIRSA Sur - Tramo 5: Matarani - Azángaro - Ilo,Corredor Matarani - Arequipa - Juliaca,241.0,40104.0,0.6411767862503931,77.2408324916572,78.204125011303,10.595705083047717,1107.223861768016,193412.3169164882,10322.272,1495.236,1749.739,7077.2970000000005,2886.595,7435.677000000001,27.964725207783708,2,1,1,1,0,,,,0.0,0.0,0.0,0.0,1,1,1.0,0.0,0.0,0.0,0.0,0.0,0.0,0.0,0.0,1.0
A-2024-12-45,ATROPELLO,1,0,1,LA LIBERTAD,TRUJILLO,EL PORVENIR,URBANA,AVENIDA,URBANO,NO CORRESPONDE,-8.067477408255444,-79.02971777205885,DESPEJADO,RESIDENCIAL,TRAMO RECTO,PLANA ,ASFALTADA,SIN_DATO,SIN_DATO,SIN_DATO,SIN_DATO,EN PROCESO DE INVESTIGACIÓN,NO CUENTA CON CAUSA ESPECIFICA,2024,12,0,0,10,MAÑANA,COSTA,LEVE,0,0,,,,,,,,,130102.0,0.5628682280502054,79.35078533424159,59.07369130997599,7.880201475313533,999.8741857239928,209189.32119914345,8931.828000000005,1335.5899999999997,1935.9830000000004,5660.255000000005,1219.309,7712.519000000005,13.651281686122925,2,1,0,1,0,27.0,27.0,27.0,1.0,0.0,0.0,0.0,1,0,0.0,0.0,0.0,1.0,0.0,0.0,1.0,0.0,0.0,0.0
A-2024-12-17,DESPISTE,1,0,1,AREQUIPA,CAYLLOMA,HUAMBO,RURAL,CARRETERA,DEPARTAMENTAL,AR-109,-15.724063,-72.100145,NUBLADO,RURAL,CURVA,INCLINADA,ASFALTADA,SI,PREVENTIVA (P),PREVENTIVA (P),SI,EN PROCESO DE INVESTIGACIÓN,NO CUENTA CON CAUSA ESPECIFICA,2024,12,1,0,18,NOCHE,COSTA,LEVE,0,0,,,,,,,,,40507.0,0.4040806169148565,75.9160578671678,47.53804475677884,6.9579731903665,496.2128858818877,368.25481798715225,10322.272,1495.236,1749.739,7077.2970000000005,2886.595,7435.677000000001,27.964725207783708,1,1,0,0,0,39.0,39.0,39.0,1.0,0.0,0.0,0.0,1,0,0.0,1.0,0.0,0.0,0.0,0.0,1.0,0.0,0.0,0.0
A-2024-12-28,ATROPELLO,1,0,1,CUSCO,CANCHIS,SICUANI,RURAL,CARRETERA,NACIONAL,PE-3S,-14.226097,-71.282502,DESPEJADO,RURAL,TRAMO RECTO,PLANA ,ASFALTADA,SI,PREVENTIVA (P),PREVENTIVA (P),NO,IMPRUDENCIA DEL PEATÓN,CRUCE INDEBIDO POR LA CALZADA,2024,12,1,0,19,NOCHE,SIERRA,LEVE,0,0,7586.903,2.0,Pavimentado,Bueno,1.0,No concesionado,CO 10: Abancay - Ayacucho- Huancayo- La Oroya,1198.0,80601.0,0.5265643824923771,76.3202150422939,72.59240802938885,8.636399400985075,746.7361126929013,59032.11777301927,17779.13499998999,2097.3709999899997,2863.123,12818.640999999989,2878.713,14900.421999989989,16.19152450331032,1,0,0,1,0,,,,,,,,1,0,0.0,0.0,1.0,0.0,0.0,0.0,1.0,0.0,0.0,0.0
A-2024-12-29,CHOQUE,1,0,2,CUSCO,PAUCARTAMBO,KOSÑIPATA,RURAL,CARRETERA,DEPARTAMENTAL,CU-113,-12.969065,-71.423707,DESPEJADO,RURAL,TRAMO RECTO,PLANA ,AFIRMADO,SIN_DATO,SIN_DATO,SIN_DATO,SIN_DATO,IMPERICIA DEL CONDUCTOR,SIN_DATO,2024,12,1,0,19,NOCHE,SIERRA,LEVE,0,0,,,,,,,,,81106.0,0.3612121566150602,62.7406214315804,65.88597983983321,5.981484630062685,454.3036246295292,5308.728051391863,17779.13499998999,2097.3709999899997,2863.123,12818.640999999989,2878.713,14900.421999989989,16.19152450331032,1,1,0,0,0,59.0,59.0,59.0,1.0,1.0,0.0,0.0,2,0,0.0,0.0,0.0,1.0,1.0,0.0,1.0,1.0,1.0,1.0
A-2024-12-80,ATROPELLO FUGA,1,0,1,CAJAMARCA,CAJAMARCA,CAJAMARCA,URBANA,JIRÓN,URBANO,NO CORRESPONDE,-7.155486,-78.522833,DESPEJADO,COMERCIAL,TRAMO RECTO,INCLINADA,ASFALTADA,SIN_DATO,SIN_DATO,SIN_DATO,SIN_DATO,EN PROCESO DE INVESTIGACIÓN,NO CUENTA CON CAUSA ESPECIFICA,2024,12,1,0,19,NOCHE,SIERRA,LEVE,0,0,,,,,,,,,60101.0,0.6070175276741574,73.19224654097276,74.29530430690215,9.490386956642766,1117.141592366869,257380.9443254818,15935.565011852366,1733.9250000199986,935.692,13265.948011832368,2000.1670000199988,13935.398011832369,12.551591352627522,2,1,1,1,0,,,,0.0,0.0,0.0,0.0,1,0,0.0,0.0,0.0,1.0,1.0,0.0,0.0,1.0,1.0,1.0
A-2024-12-81,DESPISTE,1,1,1,CAJAMARCA,JAEN,JAEN,RURAL,CARRETERA,NACIONAL,PE-5N,-5.65372610575924,-78.7496782131366,DESPEJADO,RURAL,CURVA,INCLINADA,ASFALTADA,SIN_DATO,SIN_DATO,SIN_DATO,SIN_DATO,IMPRUDENCIA DEL CONDUCTOR,EXCESO DE VELOCIDAD,2024,12,2,0,6,MAÑANA,SIERRA,LEVE,0,0,7758.33400008,2.0,Pavimentado,Bueno,1.0,No concesionado,Corredor IIRSA Norte,2133.0,60801.0,0.5803239946829384,74.49544278598792,68.33065356443184,8.733179344969395,1046.078117086984,102362.46895074946,15935.565011852366,1733.9250000199986,935.692,13265.948011832368,2000.1670000199988,13935.398011832369,12.551591352627522,2,1,0,0,1,60.0,60.0,60.0,1.0,0.0,0.0,1.0,1,0,0.0,0.0,0.0,1.0,1.0,0.0,0.0,0.0,1.0,0.0
A-2024-12-109,ATROPELLO FUGA,1,0,1,LIMA,LIMA,SAN JUAN DE MIRAFLORES,URBANA,CARRETERA,NACIONAL,PE-1S,-12.186998694225922,-76.97398166117583,DESPEJADO,COMERCIAL,TRAMO RECTO,PLANA ,ASFALTADA,SIN_DATO,SIN_DATO,SIN_DATO,SIN_DATO,EN PROCESO DE INVESTIGACIÓN,NO CUENTA CON CAUSA ESPECIFICA,2024,12,2,0,22,NOCHE,COSTA,LEVE,0,0,6639.975,2.0,Pavimentado,Bueno,1.0,No concesionado,Eje Estructurante Sur,1616.0,150133.0,0.7289998534947872,80.50926319493618,76.9124822838204,10.358587270463827,1551.106643515347,384728.5117773019,7626.313,1683.4029999999998,1599.0829999999996,4343.827000000001,1814.875,5811.438000000001,23.797541485643197,2,1,1,1,0,,,,0.0,0.0,0.0,0.0,1,1,1.0,0.0,0.0,0.0,0.0,0.0,0.0,0.0,0.0,1.0
A-2024-12-110,CHOQUE,1,0,1,LIMA,LIMA,SANTIAGO DE SURCO,URBANA,CARRETERA,NACIONAL,PE-1S,-12.117799081580804,-76.97732486059529,DESPEJADO,ESCOLAR,TRAMO RECTO,PLANA ,ASFALTADA,SIN_DATO,SIN_DATO,SIN_DATO,SIN_DATO,EN PROCESO DE INVESTIGACIÓN,NO CUENTA CON CAUSA ESPECIFICA,2024,12,3,0,6,MAÑANA,COSTA,LEVE,0,0,6639.975,2.0,Pavimentado,Bueno,1.0,No concesionado,Eje Estructurante Sur,1616.0,150140.0,0.8017574897902351,80.48487267736287,78.74302427848284,13.156716040468266,1766.1488062170545,359776.608137045,7626.313,1683.4029999999998,1599.0829999999996,4343.827000000001,1814.875,5811.438000000001,23.797541485643197,2,2,0,0,0,35.0,30.0,40.0,1.0,0.0,0.0,0.0,2,0,0.0,0.0,0.0,1.0,1.0,0.0,1.0,0.0,1.0,0.0
A-2024-12-84,VOLCADURA,1,0,1,CUSCO,QUISPICANCHI,QUIQUIJANA,RURAL,CARRETERA,NACIONAL,PE-3S,-13.850571,-71.532271,DESPEJADO,RURAL,CURVA,PLANA ,ASFALTADA,SIN_DATO,SIN_DATO,SIN_DATO,SIN_DATO,IMPRUDENCIA DEL CONDUCTOR,EXCESO DE VELOCIDAD,2024,12,3,0,7,MAÑANA,SIERRA,LEVE,0,0,7586.903,2.0,Pavimentado,Bueno,1.0,No concesionado,CO 10: Abancay - Ayacucho- Huancayo- La Oroya,1198.0,81212.0,0.2662629803896222,69.177138363648,53.22953524136351,4.064477176468824,251.91361966271845,10643.807280513918,17779.13499998999,2097.3709999899997,2863.123,12818.640999999989,2878.713,14900.421999989989,16.19152450331032,1,1,0,0,0,40.0,40.0,40.0,1.0,0.0,0.0,0.0,1,0,0.0,0.0,1.0,0.0,0.0,0.0,1.0,0.0,0.0,0.0
A-2024-12-13,VOLCADURA,1,0,1,AREQUIPA,AREQUIPA,AREQUIPA,URBANA,AVENIDA,URBANO,NO CORRESPONDE,-16.407981,-71.52609,DESPEJADO,RESIDENCIAL,INTERSECCIÓN,PLANA ,ASFALTADA,SI,PREVENTIVA (P),INFORMATIVA (I),SI,EN PROCESO DE INVESTIGACIÓN,NO CUENTA CON CAUSA ESPECIFICA,2024,12,3,0,20,NOCHE,COSTA,LEVE,0,0,,,,,,,,,40101.0,0.7621671359922388,78.82549845032362,81.65077117756084,13.192212326676357,1538.109987002949,42333.23340471092,10322.272,1495.236,1749.739,7077.2970000000005,2886.595,7435.677000000001,27.964725207783708,1,1,0,0,0,34.0,34.0,34.0,1.0,0.0,0.0,0.0,1,0,0.0,0.0,0.0,1.0,1.0,0.0,0.0,0.0,1.0,0.0
A-2024-12-15,CHOQUE,1,0,2,AREQUIPA,AREQUIPA,CAYMA,URBANA,AVENIDA,URBANO,NO CORRESPONDE,-16.375922,-71.538848,DESPEJADO,RESIDENCIAL,INTERSECCIÓN,INCLINADA,ASFALTADA,SI,REGULADORA (R),PREVENTIVA (P),SI,EN PROCESO DE INVESTIGACIÓN,NO CUENTA CON CAUSA ESPECIFICA,2024,12,3,0,22,NOCHE,COSTA,LEVE,0,0,,,,,,,,,40103.0,0.6738551636003771,78.16730405462371,80.12651178794934,11.26654579524565,1199.6180061497348,97926.27408993576,10322.272,1495.236,1749.739,7077.2970000000005,2886.595,7435.677000000001,27.964725207783708,4,2,0,0,2,28.0,27.0,29.0,1.0,0.0,0.0,1.0,2,0,0.0,0.0,0.0,1.0,1.0,1.0,0.0,0.0,1.0,0.0
A-2024-12-46,CHOQUE,1,2,2,LA LIBERTAD,VIRU,VIRU,RURAL,CARRETERA,NACIONAL,PE-1N,-8.46850797005461,-78.7146593209329,DESPEJADO,RURAL,TRAMO RECTO,PLANA ,ASFALTADA,SIN_DATO,SIN_DATO,SIN_DATO,SIN_DATO,EN PROCESO DE INVESTIGACIÓN,NO CUENTA CON CAUSA ESPECIFICA,2024,12,4,0,21,NOCHE,COSTA,LEVE,0,0,6543.555,3.0,Pavimentado,Bueno,1.0,Autopista del Sol,Eje Estructurante Norte,1475.0,131201.0,0.5051395598219868,77.13285387085847,51.52067479184955,6.715328807318118,900.900383457586,67612.41755888652,8931.828000000005,1335.5899999999997,1935.9830000000004,5660.255000000005,1219.309,7712.519000000005,13.651281686122925,3,2,0,0,1,52.0,48.0,56.0,1.0,0.0,0.0,0.0,2,0,0.0,0.0,0.0,1.0,0.0,1.0,0.0,0.0,0.0,1.0
A-2024-12-85,ATROPELLO,1,1,1,CAJAMARCA,CAJAMARCA,CAJAMARCA,URBANA,JIRÓN,URBANO,NO CORRESPONDE,-7.15726405919935,-78.5153127699765,DESPEJADO,COMERCIAL,TRAMO RECTO,PLANA ,ASFALTADA,SIN_DATO,SIN_DATO,SIN_DATO,SIN_DATO,IMPRUDENCIA DEL PEATÓN,ESTADO DE EBRIEDAD Y/O DROGADICCIÓN,2024,12,5,1,1,MADRUGADA,SIERRA,LEVE,0,0,,,,,,,,,60101.0,0.6070175276741574,73.19224654097276,74.29530430690215,9.490386956642766,1117.141592366869,257380.9443254818,15935.565011852366,1733.9250000199986,935.692,13265.948011832368,2000.1670000199988,13935.398011832369,12.551591352627522,3,1,0,2,0,56.0,56.0,56.0,1.0,0.0,0.0,1.0,1,0,0.0,1.0,0.0,0.0,0.0,0.0,1.0,0.0,1.0,0.0
A-2024-12-18,DESPISTE,2,3,1,AREQUIPA,ISLAY,DEAN VALDIVIA,RURAL,CARRETERA,PROVINCIAL,AR-817,-17.128624,-71.849252,NUBLADO,RURAL,CURVA,PLANA ,ASFALTADA,SIN_DATO,SIN_DATO,SIN_DATO,SIN_DATO,EN PROCESO DE INVESTIGACIÓN,NO CUENTA CON CAUSA ESPECIFICA,2024,12,5,1,4,MADRUGADA,COSTA,GRAVE_MORTALIDAD,1,1,,,,,,,,,40703.0,0.61639083938292,77.65150347430681,71.08229457479256,8.361097169993315,1182.892298685911,6725.137044967881,10322.272,1495.236,1749.739,7077.2970000000005,2886.595,7435.677000000001,27.964725207783708,5,1,0,0,4,55.0,55.0,55.0,1.0,1.0,0.0,0.0,1,0,0.0,0.0,0.0,1.0,0.0,1.0,0.0,1.0,1.0,0.0
A-2024-12-20,CHOQUE,1,4,2,TUMBES,ZARUMILLA,PAPAYAL,RURAL,CARRETERA,NACIONAL,PE-1N,-3.5229614186624945,-80.34891844236797,SOLEADO,RURAL,TRAMO RECTO,PLANA ,ASFALTADA,SIN_DATO,SIN_DATO,SIN_DATO,SIN_DATO,IMPRUDENCIA DEL CONDUCTOR,CONDUCIR EN SENTIDO CONTRARIO,2024,12,5,1,11,MAÑANA,COSTA,GRAVE_LESIONADOS,0,1,6543.555,3.0,Pavimentado,Bueno,1.0,Autopista del Sol,Eje Estructurante Norte,1475.0,240304.0,0.506393213976091,71.09604779417722,66.88716723772843,7.8873292871222835,813.0857960318671,5253.152034261242,1009.101,138.47399999999996,287.471,583.156,276.972,732.129,27.447401201663663,6,2,0,0,4,50.0,44.0,56.0,1.0,0.0,0.0,1.0,2,0,0.0,0.0,1.0,1.0,0.0,1.0,1.0,0.0,0.0,0.0
A-2024-12-112,ATROPELLO,1,0,1,LIMA,LIMA,SAN MIGUEL,URBANA,AVENIDA,URBANO,NO CORRESPONDE,-12.074557740842218,-77.09914819879518,DESPEJADO,COMERCIAL,INTERSECCIÓN,PLANA ,ASFALTADA,NO,SIN_DATO,SIN_DATO,SI,EN PROCESO DE INVESTIGACIÓN,NO CUENTA CON CAUSA ESPECIFICA,2024,12,5,1,15,TARDE,COSTA,LEVE,0,0,,,,,,,,,150136.0,0.8224006497057281,80.32617651391924,76.66408959706945,12.77635923087604,1966.554093175902,146885.81156316918,7626.313,1683.4029999999998,1599.0829999999996,4343.827000000001,1814.875,5811.438000000001,23.797541485643197,2,1,0,1,0,61.0,61.0,61.0,1.0,0.0,0.0,0.0,1,0,0.0,0.0,0.0,0.0,0.0,1.0,0.0,0.0,0.0,0.0