CODIGO_SINIESTRO,CLASE SINIESTRO,CANTIDAD DE FALLECIDOS,CANTIDAD DE LESIONADOS,CANTIDAD DE VEHICULOS DAÑADOS,DEPARTAMENTO,PROVINCIA,DISTRITO,ZONA,TIPO DE VÍA,RED VIAL,COD CARRETERA,COORDENADAS LATITUD,COORDENADAS  LONGITUD,CONDICIÓN CLIMÁTICA,ZONIFICACIÓN,CARACTERÍSTICAS DE VÍA,PERFIL LONGITUDINAL VÍA,SUPERFICIE DE CALZADA,¿EXISTE SEÑAL VERTICAL?,CLASIFICACIÓN DE LA SEÑAL VERTICAL Nº 1,CLASIFICACIÓN DE LA SEÑAL VERTICAL Nº 2,¿EXISTE SEÑAL HORIZONTAL?,CAUSA FACTOR PRINCIPAL,CAUSA ESPECÍFICA,AÑO,MES,DIA_SEMANA,ES_FIN_SEMANA,HORA_NUM,FRANJA_HORARIA,REGION_NATURAL,CATEGORIA_SEVERIDAD,MORTALIDAD_MULTIPLE,LESION_MULTIPLE,MTC_RVN_LONGITUD_KM,MTC_RVN_N_CARRILES_MEDIANA,MTC_RVN_SUPERFICIE_DOMINANTE,MTC_RVN_ESTADO_DOMINANTE,MTC_RVN_ES_CONCESIONADA,MTC_RVN_CONCESION_PRINCIPAL,MTC_RVN_CORREDOR_LOGISTICO,MTC_RVN_N_TRAMOS,IDH_UBIGEO,IDH_2019,IDH_ESP_VIDA_2019,IDH_EDUC_SECUND_PCT_2019,IDH_ANIOS_EDUC_2019,IDH_INGRESO_PERCAP_2019,IDH_POBLACION_2019,MTC_DEP_RED_TOTAL_KM,MTC_DEP_NACIONAL_TOTAL_KM,MTC_DEP_DEPARTAMENTAL_TOTAL_KM,MTC_DEP_VECINAL_TOTAL_KM,MTC_DEP_PAV_TOTAL_KM,MTC_DEP_NO_PAV_TOTAL_KM,MTC_DEP_PCT_PAVIMENTADA,PER_TOTAL_PERSONAS,PER_N_CONDUCTORES,PER_N_CONDUCTORES_FUGADOS,PER_N_PEATONES,PER_N_PASAJEROS_OCUPANTES,PER_EDAD_COND_PROM,PER_EDAD_COND_MIN,PER_EDAD_COND_MAX,PER_ANY_COND_MASCULINO,PER_ANY_LIC_PROBLEMA,PER_ANY_DOSAJE_POS,PER_ANY_DOSAJE_EVALUADO,VEH_TOTAL,VEH_N_FUGADOS,VEH_ANY_FUGADO,VEH_ANY_CARGA,VEH_ANY_PUBLICO,VEH_ANY_PARTICULAR,VEH_ANY_MOTO,VEH_ANY_AUTO,VEH_ANY_CAMION_BUS,VEH_ANY_SOAT_PROBLEMA,VEH_ANY_CITV_PROBLEMA,VEH_ANY_SEGURO_PROBLEMA
A-2025-01-102,DESPISTE,1,0,1,LIMA,LIMA,ATE,URBANA,AVENIDA,URBANO,NO CORRESPONDE,-12.064299212173214,-76.97160080323245,DESPEJADO,INDUSTRIAL,INTERSECCIÓN,PLANA ,ASFALTADA,SIN_DATO,SIN_DATO,SIN_DATO,SIN_DATO,EN PROCESO DE INVESTIGACIÓN,NO CUENTA CON CAUSA ESPECIFICA,2025,1,2,0,1,MADRUGADA,COSTA,LEVE,0,0,,,,,,,,,150103.0,0.6868549636939637,79.62363164345142,76.30894566128948,9.209137883551294,1425.4498631666322,684921.8484148846,7626.313,1683.4029999999998,1599.0829999999996,4343.827000000001,1814.875,5811.438000000001,23.797541485643197,1,1,0,0,0,24.0,24.0,24.0,1.0,0.0,0.0,0.0,1,0,0.0,0.0,0.0,1.0,1.0,0.0,0.0,0.0,0.0,0.0
A-2025-01-103,ATROPELLO,1,0,1,LIMA,LIMA,PUEBLO LIBRE,URBANA,AVENIDA,URBANO,NO CORRESPONDE,-12.079649946181071,-77.06124883117977,DESPEJADO,RESIDENCIAL,INTERSECCIÓN,PLANA ,ASFALTADA,SIN_DATO,SIN_DATO,SIN_DATO,SIN_DATO,EN PROCESO DE INVESTIGACIÓN,NO CUENTA CON CAUSA ESPECIFICA,2025,1,2,0,14,TARDE,COSTA,LEVE,0,0,,,,,,,,,,,,,,,,7626.313,1683.4029999999998,1599.0829999999996,4343.827000000001,1814.875,5811.438000000001,23.797541485643197,2,1,0,1,0,41.0,41.0,41.0,1.0,0.0,0.0,0.0,1,0,0.0,0.0,1.0,0.0,0.0,0.0,1.0,0.0,0.0,0.0
A-2025-01-15,CHOQUE,1,1,3,PUNO,CHUCUITO,ZEPITA,RURAL,CARRETERA,NACIONAL,PE-3S,-16.5459194416496,-69.0525388298758,DESPEJADO,RURAL,TRAMO RECTO,PLANA ,ASFALTADA,SIN_DATO,SIN_DATO,SIN_DATO,SIN_DATO,IMPRUDENCIA DEL CONDUCTOR,CONDUCIR EN ESTADO DE EBRIEDAD Y/O DROGADICCIÓN,2025,1,2,0,20,NOCHE,SIERRA,LEVE,0,0,7586.903,2.0,Pavimentado,Bueno,1.0,No concesionado,CO 10: Abancay - Ayacucho- Huancayo- La Oroya,1198.0,210407.0,0.2394362064959017,73.4288503002124,62.51290199484375,6.018616845068367,132.27646614855612,17422.250535331903,13642.312999999998,2020.7790000000005,2354.117,9267.416999999998,3314.0520000000006,10328.260999999997,24.29244952817019,3,3,0,0,0,38.0,24.0,53.0,1.0,1.0,0.0,0.0,3,0,0.0,1.0,1.0,1.0,1.0,0.0,1.0,0.0,0.0,1.0
A-2025-01-95,DESPISTE,1,0,1,CUSCO,CANCHIS,CHECACUPE,URBANA,CALLE,URBANO,NO CORRESPONDE,-14.025484420816198,-71.45640160570592,DESPEJADO,RESIDENCIAL,TRAMO RECTO,PLANA ,CONCRETO,SIN_DATO,SIN_DATO,SIN_DATO,SIN_DATO,IMPRUDENCIA DEL CONDUCTOR,CONDUCIR EN ESTADO DE EBRIEDAD Y/O DROGADICCIÓN,2025,1,3,0,2,MADRUGADA,SIERRA,LEVE,0,0,,,,,,,,,80602.0,0.3409107564841972,74.2782790389362,69.85088681249269,5.816184127144114,302.53841952167744,4833.456102783726,17779.13499998999,2097.3709999899997,2863.123,12818.640999999989,2878.713,14900.421999989989,16.19152450331032,1,1,0,0,0,30.0,30.0,30.0,1.0,0.0,0.0,0.0,1,0,0.0,0.0,0.0,1.0,1.0,0.0,0.0,1.0,1.0,1.0
A-2025-01-107,ATROPELLO,1,0,1,CUSCO,LA CONVENCION,QUELLOUNO,RURAL,CARRETERA,PROVINCIAL,CU-772,-12.636747,-72.4692,DESPEJADO,RURAL,TRAMO RECTO,PLANA ,AFIRMADO,SIN_DATO,SIN_DATO,SIN_DATO,SIN_DATO,IMPRUDENCIA DEL CONDUCTOR,FATIGA Y/O CANSANCIO,2025,1,3,0,9,MAÑANA,SIERRA,LEVE,0,0,,,,,,,,,80906.0,0.3224274496902619,73.65891617421137,66.5279854491578,5.808947591818988,270.08697278161645,17387.97858672377,17779.13499998999,2097.3709999899997,2863.123,12818.640999999989,2878.713,14900.421999989989,16.19152450331032,2,1,0,1,0,55.0,55.0,55.0,1.0,0.0,0.0,0.0,1,0,0.0,0.0,0.0,1.0,0.0,0.0,1.0,1.0,1.0,1.0
A-2025-01-104,ATROPELLO,1,0,1,LIMA,LIMA,SAN JUAN DE LURIGANCHO,URBANA,AVENIDA,URBANO,NO CORRESPONDE,-12.027720130183406,-77.01133096296797,DESPEJADO,RESIDENCIAL,TRAMO RECTO,PLANA ,ASFALTADA,NO,SIN_DATO,SIN_DATO,SI,EN PROCESO DE INVESTIGACIÓN,NO CUENTA CON CAUSA ESPECIFICA,2025,1,3,0,9,MAÑANA,COSTA,LEVE,0,0,,,,,,,,,150132.0,0.701053025277506,79.62867561460851,73.1469484600971,10.064317505194426,1464.6926161541437,1150285.0494171206,7626.313,1683.4029999999998,1599.0829999999996,4343.827000000001,1814.875,5811.438000000001,23.797541485643197,2,1,0,1,0,28.0,28.0,28.0,1.0,0.0,0.0,0.0,1,0,0.0,0.0,0.0,1.0,1.0,0.0,0.0,1.0,1.0,1.0
A-2025-01-105,CHOQUE FUGA,1,0,1,LIMA,LIMA,LOS OLIVOS,URBANA,CARRETERA,NACIONAL,PE-1N,-11.969666,-77.067331,DESPEJADO,COMERCIAL,TRAMO RECTO,PLANA ,ASFALTADA,SIN_DATO,SIN_DATO,SIN_DATO,SIN_DATO,EN PROCESO DE INVESTIGACIÓN,NO CUENTA CON CAUSA ESPECIFICA,2025,1,3,0,23,NOCHE,COSTA,LEVE,0,0,6543.555,3.0,Pavimentado,Bueno,1.0,Autopista del Sol,Eje Estructurante Norte,1475.0,150117.0,0.758462599563312,80.5192231989937,79.20045639149897,11.33839041452458,1628.5661148492152,363987.54389721627,7626.313,1683.4029999999998,1599.0829999999996,4343.827000000001,1814.875,5811.438000000001,23.797541485643197,2,2,1,0,0,37.0,37.0,37.0,1.0,0.0,0.0,0.0,2,0,0.0,0.0,0.0,1.0,1.0,1.0,0.0,0.0,0.0,0.0
A-2025-01-111,DESPISTE,1,0,1,LIMA,LIMA,LOS OLIVOS,URBANA,CARRETERA,NACIONAL,PE-20F,-11.96398086735704,-77.08330337415632,DESPEJADO,RESIDENCIAL,INTERSECCIÓN,PLANA ,ASFALTADA,SIN_DATO,SIN_DATO,SIN_DATO,SIN_DATO,EN PROCESO DE INVESTIGACIÓN,NO CUENTA CON CAUSA ESPECIFICA,2025,1,4,0,14,TARDE,COSTA,LEVE,0,0,28.915,-1.0,Trocha,Malo,0.0,No concesionado,No corresponde,10.0,150117.0,0.758462599563312,80.5192231989937,79.20045639149897,11.33839041452458,1628.5661148492152,363987.54389721627,7626.313,1683.4029999999998,1599.0829999999996,4343.827000000001,1814.875,5811.438000000001,23.797541485643197,1,1,0,0,0,77.0,77.0,77.0,1.0,0.0,0.0,0.0,1,0,0.0,0.0,0.0,1.0,0.0,1.0,0.0,0.0,0.0,0.0
A-2025-01-112,DESPISTE,1,0,1,LIMA,LIMA,LURIGANCHO,URBANA,AVENIDA,URBANO,NO CORRESPONDE,-12.015970361122656,-76.9110696051746,DESPEJADO,INDUSTRIAL,TRAMO RECTO,PLANA ,ASFALTADA,SIN_DATO,SIN_DATO,SIN_DATO,SIN_DATO,EN PROCESO DE INVESTIGACIÓN,NO CUENTA CON CAUSA ESPECIFICA,2025,1,5,1,8,MAÑANA,COSTA,LEVE,0,0,,,,,,,,,150118.0,0.6831952456039544,78.60873873772867,74.49000793376607,10.00420210847705,1376.0472418044385,255143.7301927195,7626.313,1683.4029999999998,1599.0829999999996,4343.827000000001,1814.875,5811.438000000001,23.797541485643197,1,1,0,0,0,24.0,24.0,24.0,1.0,0.0,0.0,0.0,1,0,0.0,0.0,0.0,1.0,1.0,0.0,0.0,0.0,0.0,0.0
A-2025-01-49,DESPISTE,3,0,1,HUANCAVELICA,HUANCAVELICA,ACORIA,RURAL,CARRETERA,PROVINCIAL,HV-772,-12.6488591670366,-74.8506426127071,DESPEJADO,RURAL,TRAMO RECTO,PLANA ,AFIRMADO,SIN_DATO,SIN_DATO,SIN_DATO,SIN_DATO,EN PROCESO DE INVESTIGACIÓN,NO CUENTA CON CAUSA ESPECIFICA,2025,1,5,1,11,MAÑANA,SIERRA,GRAVE_MORTALIDAD,1,0,,,,,,,,,90103.0,0.2663454843382838,65.45457395221479,57.3335802782264,4.413119915061238,247.66524826450583,29100.053533190578,8511.426,1445.3929999999996,2008.516,5057.516999999999,1879.579,6631.846999999998,22.08300935706896,3,1,0,0,2,47.0,47.0,47.0,1.0,0.0,0.0,0.0,1,0,0.0,0.0,0.0,1.0,0.0,1.0,0.0,0.0,0.0,0.0
A-2025-01-55,DESPISTE,1,0,1,ANCASH,YUNGAY,YUNGAY,URBANA,CARRETERA,NACIONAL,PE-3N,-9.14345660308415,-77.74519078038597,DESPEJADO,RURAL,CURVA,INCLINADA,ASFALTADA,SIN_DATO,SIN_DATO,SIN_DATO,SIN_DATO,EN PROCESO DE INVESTIGACIÓN,NO CUENTA CON CAUSA ESPECIFICA,2025,1,5,1,18,NOCHE,SIERRA,LEVE,0,0,9936.932,2.0,Pavimentado,Bueno,1.0,No concesionado,No corresponde,3830.0,22001.0,0.4225175571417921,72.0073136099048,61.38289654748469,6.311615395277217,572.3923378688387,21231.406852248398,10767.648,1885.0630000000003,1222.721,7659.864000000001,2100.343,8667.305000000002,19.506051832303577,1,1,0,0,0,28.0,28.0,28.0,1.0,1.0,0.0,0.0,1,0,0.0,0.0,0.0,1.0,1.0,0.0,0.0,1.0,0.0,1.0
A-2025-01-16,CHOQUE,1,0,1,AREQUIPA,AREQUIPA,CERRO COLORADO,URBANA,CARRETERA,NACIONAL,PE-34A,-16.364409,-71.577629,DESPEJADO,COMERCIAL,TRAMO RECTO,PLANA ,ASFALTADA,NO,SIN_DATO,SIN_DATO,SI,EN PROCESO DE INVESTIGACIÓN,NO CUENTA CON CAUSA ESPECIFICA,2025,1,5,1,22,NOCHE,COSTA,LEVE,0,0,1504.4250000000002,2.0,Pavimentado,Bueno,1.0,IIRSA Sur - Tramo 5: Matarani - Azángaro - Ilo,Corredor Matarani - Arequipa - Juliaca,241.0,40104.0,0.6411767862503931,77.2408324916572,78.204125011303,10.595705083047717,1107.223861768016,193412.3169164882,10322.272,1495.236,1749.739,7077.2970000000005,2886.595,7435.677000000001,27.964725207783708,3,2,0,0,1,36.0,36.0,36.0,1.0,0.0,0.0,0.0,2,0,0.0,0.0,0.0,1.0,0.0,1.0,0.0,0.0,1.0,1.0
A-2025-01-121,ATROPELLO FUGA,1,0,1,LIMA,LIMA,SAN JUAN DE LURIGANCHO,URBANA,AVENIDA,URBANO,NO CORRESPONDE,-12.029792197073256,-77.00845104172873,DESPEJADO,RESIDENCIAL,TRAMO RECTO,PLANA ,ASFALTADA,SIN_DATO,SIN_DATO,SIN_DATO,SIN_DATO,EN PROCESO DE INVESTIGACIÓN,NO CUENTA CON CAUSA ESPECIFICA,2025,1,6,1,3,MADRUGADA,COSTA,LEVE,0,0,,,,,,,,,150132.0,0.701053025277506,79.62867561460851,73.1469484600971,10.064317505194426,1464.6926161541437,1150285.0494171206,7626.313,1683.4029999999998,1599.0829999999996,4343.827000000001,1814.875,5811.438000000001,23.797541485643197,2,1,0,1,0,27.0,27.0,27.0,1.0,0.0,0.0,0.0,1,0,0.0,0.0,0.0,1.0,0.0,1.0,0.0,0.0,0.0,0.0
A-2025-01-28,ATROPELLO FUGA,1,0,1,TUMBES,TUMBES,LA CRUZ,RURAL,CARRETERA,NACIONAL,PE-1N,-3.6202489199569214,-80.55501836594281,DESPEJADO,RURAL,TRAMO RECTO,PLANA ,ASFALTADA,SIN_DATO,SIN_DATO,SIN_DATO,SIN_DATO,IMPRUDENCIA DEL PEATÓN,ESTADO DE EBRIEDAD Y/O DROGADICCIÓN,2025,1,6,1,20,NOCHE,COSTA,LEVE,0,0,6543.555,3.0,Pavimentado,Bueno,1.0,Autopista del Sol,Eje Estructurante Norte,1475.0,240103.0,0.5933967853231009,76.15936550169532,71.30685044051863,9.05807019629612,1035.567875099288,9240.781584582444,1009.101,138.47399999999996,287.471,583.156,276.972,732.129,27.447401201663663,2,1,1,1,0,,,,0.0,0.0,0.0,0.0,1,1,1.0,0.0,0.0,0.0,0.0,0.0,0.0,0.0,0.0,1.0
A-2025-01-29,DESPISTE,1,0,1,TUMBES,TUMBES,PAMPAS DE HOSPITAL,RURAL,CARRETERA,DEPARTAMENTAL,TU-104,-3.6861828368043854,-80.43729715791714,DESPEJADO,RURAL,TRAMO RECTO,PLANA ,ASFALTADA,SIN_DATO,SIN_DATO,SIN_DATO,SIN_DATO,IMPRUDENCIA DEL CONDUCTOR,CONDUCIR EN ESTADO DE EBRIEDAD Y/O DROGADICCIÓN,2025,1,6,1,23,NOCHE,COSTA,LEVE,0,0,,,,,,,,,240104.0,0.5386194716735454,74.7787740016357,67.49100182625884,7.936807809408202,894.646897473815,7012.0428265524615,1009.101,138.47399999999996,287.471,583.156,276.972,732.129,27.447401201663663,1,1,0,0,0,23.0,23.0,23.0,1.0,1.0,0.0,0.0,1,0,0.0,0.0,0.0,1.0,1.0,0.0,0.0,1.0,1.0,1.0
A-2025-01-17,FERROVIARIO,1,1,1,AREQUIPA,AREQUIPA,UCHUMAYO,RURAL,SIN CLASIFICAR,SIN CLASIFICAR,CARRETERA SIN CLASIFICAR VIA FERREA,-16.40713,-71.72668,DESPEJADO,RURAL,TRAMO RECTO,PLANA ,CASCAJO/RIPIO,SIN_DATO,SIN_DATO,SIN_DATO,SIN_DATO,EN PROCESO DE INVESTIGACIÓN,NO CUENTA CON CAUSA ESPECIFICA,2025,1,0,0,0,MADRUGADA,COSTA,LEVE,0,0,,,,,,,,,40124.0,0.6689013265491138,80.68275010974979,77.5560025217936,10.466309714908672,1190.454984819332,14385.036402569593,10322.272,1495.236,1749.739,7077.2970000000005,2886.595,7435.677000000001,27.964725207783708,2,1,0,0,1,38.0,38.0,38.0,1.0,0.0,0.0,1.0,1,0,0.0,0.0,0.0,0.0,0.0,0.0,0.0,1.0,1.0,1.0
A-2025-01-18,CHOQUE,1,0,1,AREQUIPA,AREQUIPA,VITOR,URBANA,AVENIDA,URBANO,NO CORRESPONDE,-16.3451320754109,-71.5845086956664,DESPEJADO,RESIDENCIAL,INTERSECCIÓN,PLANA ,ASFALTADA,SI,REGULADORA (R),SIN_DATO,SI,EN PROCESO DE INVESTIGACIÓN,NO CUENTA CON CAUSA ESPECIFICA,2025,1,0,0,5,MADRUGADA,COSTA,LEVE,0,0,,,,,,,,,40125.0,0.6455852322566902,78.58826324858522,78.38415596279924,8.472481180514539,1258.6172876652156,2628.282655246253,10322.272,1495.236,1749.739,7077.2970000000005,2886.595,7435.677000000001,27.964725207783708,2,2,0,0,0,32.5,29.0,36.0,1.0,0.0,0.0,1.0,2,0,0.0,0.0,0.0,1.0,1.0,1.0,0.0,1.0,1.0,1.0
A-2025-01-113,ATROPELLO,1,0,1,LIMA,LIMA,VILLA MARIA DEL TRIUNFO,URBANA,AVENIDA,URBANO,NO CORRESPONDE,-12.175092976792884,-76.93629647294144,DESPEJADO,RESIDENCIAL,TRAMO RECTO,PLANA ,ASFALTADA,SIN_DATO,SIN_DATO,SIN_DATO,SIN_DATO,EN PROCESO DE INVESTIGACIÓN,NO CUENTA CON CAUSA ESPECIFICA,2025,1,0,0,16,TARDE,COSTA,LEVE,0,0,,,,,,,,,150143.0,0.689811994580126,79.88015655965044,73.89553442371854,9.755251380104111,1409.8432274455126,452660.364025696,7626.313,1683.4029999999998,1599.0829999999996,4343.827000000001,1814.875,5811.438000000001,23.797541485643197,2,1,0,1,0,24.0,24.0,24.0,1.0,0.0,0.0,0.0,1,0,0.0,0.0,0.0,1.0,0.0,0.0,0.0,1.0,1.0,1.0
A-2025-01-21,VOLCADURA,1,0,1,SAN MARTIN,RIOJA,RIOJA,RURAL,CARRETERA,NACIONAL,PE-5N,-6.049593,-77.149162,DESPEJADO,RURAL,TRAMO RECTO,PLANA ,ASFALTADA,SIN_DATO,SIN_DATO,SIN_DATO,SIN_DATO,EN PROCESO DE INVESTIGACIÓN,NO CUENTA CON CAUSA ESPECIFICA,2025,1,0,0,21,NOCHE,SELVA,LEVE,0,0,7758.33400008,2.0,Pavimentado,Bueno,1.0,No concesionado,Corredor IIRSA Norte,2133.0,220801.0,0.5963332411867256,73.80959983510441,63.34953560123128,8.251886446437874,1232.7304200473363,24031.167023554604,5645.136,815.0759999999999,965.298,3864.762,1013.406,4631.73,17.95184385283189,1,1,0,0,0,33.0,33.0,33.0,1.0,1.0,0.0,0.0,1,0,0.0,0.0,0.0,1.0,1.0,0.0,0.0,1.0,1.0,1.0
A-2025-01-128,DESPISTE,1,1,1,PIURA,PIURA,VEINTISEIS DE OCTUBRE,RURAL,CARRETERA,NACIONAL,PE-1N,-5.142745,-80.698673,DESPEJADO,RURAL,TRAMO RECTO,PLANA ,ASFALTADA,SI,REGULADORA (R),SIN_DATO,NO,EN PROCESO DE INVESTIGACIÓN,NO CUENTA CON CAUSA ESPECIFICA,2025,1,0,0,22,NOCHE,COSTA,LEVE,0,0,6543.555,3.0,Pavimentado,Bueno,1.0,Autopista del Sol,Eje Estructurante Norte,1475.0,200115.0,0.5997462042553465,78.40793944726823,72.26811532412637,9.714064362322326,976.3169831713308,183875.0,8965.846000060003,1782.4120000599992,636.9959999999999,6546.438000000004,2214.505000059999,6751.341000000004,24.699342371541725,3,1,0,0,2,39.0,39.0,39.0,1.0,0.0,0.0,0.0,1,0,0.0,0.0,1.0,0.0,1.0,0.0,0.0,1.0,1.0,1.0
A-2025-01-114,DESPISTE,1,0,1,LIMA,LIMA,COMAS,URBANA,AVENIDA,URBANO,NO CORRESPONDE,-11.95678927516469,-77.05998363973045,DESPEJADO,COMERCIAL,TRAMO RECTO,PLANA ,ASFALTADA,SIN_DATO,SIN_DATO,SIN_DATO,SIN_DATO,EN PROCESO DE INVESTIGACIÓN,NO CUENTA CON CAUSA ESPECIFICA,2025,1,0,0,22,NOCHE,COSTA,LEVE,0,0,,,,,,,,,150110.0,0.7218926988400113,80.0902077245261,77.9581888264889,10.971588327733102,1458.3206086290393,530000.3426124197,7626.313,1683.4029999999998,1599.0829999999996,4343.827000000001,1814.875,5811.438000000001,23.797541485643197,1,1,0,0,0,28.0,28.0,28.0,1.0,0.0,0.0,0.0,1,0,0.0,0.0,0.0,1.0,1.0,0.0,0.0,0.0,0.0,0.0
A-2025-01-98,CHOQUE,1,1,1,CUSCO,URUBAMBA,OLLANTAYTAMBO,RURAL,CARRETERA,NACIONAL,PE-28B,-13.25104,-72.27744,DESPEJADO,RURAL,TRAMO RECTO,PLANA ,ASFALTADA,SIN_DATO,SIN_DATO,SIN_DATO,SIN_DATO,IMPRUDENCIA DEL CONDUCTOR,EXCESO DE VELOCIDAD,2025,1,1,0,0,MADRUGADA,SIERRA,LEVE,0,0,3447.8009999999995,1.0,Pavimentado,Regular,0.0,No concesionado,Corredor Ayacucho - Quellouno - Quillabamba,1109.0,81306.0,0.4436910265814239,73.23231952981627,68.31759937357421,6.347812015893606,607.5963608103546,11277.284796573877,17779.13499998999,2097.3709999899997,2863.123,12818.640999999989,2878.713,14900.421999989989,16.19152450331032,3,2,0,0,1,41.0,34.0,48.0,1.0,1.0,0.0,0.0,2,0,0.0,0.0,1.0,1.0,1.0,0.0,1.0,0.0,1.0,0.0
A-2025-01-50,DESPISTE,1,2,1,HUANCAVELICA,CHURCAMPA,COSME,RURAL,CARRETERA,NACIONAL,PE-3S,-12.6084182912401,-74.6596761351672,DESPEJADO,RURAL,TRAMO RECTO,PLANA ,TROCHA,SIN_DATO,SIN_DATO,SIN_DATO,SIN_DATO,EN PROCESO DE INVESTIGACIÓN,NO CUENTA CON CAUSA ESPECIFICA,2025,1,1,0,4,MADRUGADA,SIERRA,LEVE,0,0,7586.903,2.0,Pavimentado,Bueno,1.0,No concesionado,CO 10: Abancay - Ayacucho- Huancayo- La Oroya,1198.0,90511.0,0.1873637841039717,59.12123702937416,59.82158346676752,3.7283267324244393,135.02884691632562,1555.0,8511.426,1445.3929999999996,2008.516,5057.516999999999,1879.579,6631.846999999998,22.08300935706896,3,1,0,0,2,32.0,32.0,32.0,1.0,0.0,0.0,0.0,1,0,0.0,0.0,0.0,0.0,0.0,0.0,1.0,0.0,0.0,0.0
A-2025-01-115,DESPISTE,3,5,1,LIMA,LIMA,SAN MARTIN DE PORRES,URBANA,AVENIDA,URBANO,NO CORRESPONDE,-12.006036329282308,-77.08267837389212,DESPEJADO,COMERCIAL,INTERSECCIÓN,PLANA ,ASFALTADA,SI,PREVENTIVA (P),SIN_DATO,NO,EN PROCESO DE INVESTIGACIÓN,NO CUENTA CON CAUSA ESPECIFICA,2025,1,1,0,8,MAÑANA,COSTA,GRAVE_MORTALIDAD,1,1,,,,,,,,,150135.0,0.7419979630670723,80.31822295927182,79.00446395716813,11.084203715652809,1554.6868971011318,739416.2413542903,7626.313,1683.4029999999998,1599.0829999999996,4343.827000000001,1814.875,5811.438000000001,23.797541485643197,9,1,0,2,6,,,,1.0,0.0,0.0,0.0,1,0,0.0,0.0,1.0,0.0,0.0,0.0,1.0,0.0,1.0,0.0
A-2025-01-93,ATROPELLO FUGA,1,0,1,CUSCO,ANTA,ZURITE,RURAL,CARRETERA,NACIONAL,PE-3S,-13.4863,-72.2498,LLUVIOSO,RURAL,TRAMO RECTO,PLANA ,ASFALTADA,SIN_DATO,SIN_DATO,SIN_DATO,SIN_DATO,IMPRUDENCIA DEL CONDUCTOR,EXCESO DE VELOCIDAD,2025,1,1,0,10,MAÑANA,SIERRA,LEVE,0,0,7586.903,2.0,Pavimentado,Bueno,1.0,No concesionado,CO 10: Abancay - Ayacucho- Huancayo- La Oroya,1198.0,80309.0,0.429914756045985,74.25916870636927,79.51566557864805,7.366336486335375,462.32789717794617,3225.312633832976,17779.13499998999,2097.3709999899997,2863.123,12818.640999999989,2878.713,14900.421999989989,16.19152450331032,2,1,1,1,0,,,,0.0,0.0,0.0,0.0,1,1,1.0,0.0,0.0,0.0,0.0,0.0,0.0,0.0,0.0,1.0
A-2025-01-110,ATROPELLO FUGA,1,0,1,CUSCO,ANTA,ANTA,RURAL,CARRETERA,NACIONAL,PE-3S,-13.498594,-72.186416,DESPEJADO,RURAL,TRAMO RECTO,PLANA ,ASFALTADA,SIN_DATO,SIN_DATO,SIN_DATO,SIN_DATO,IMPRUDENCIA DEL CONDUCTOR,EXCESO DE VELOCIDAD,2025,1,1,0,21,NOCHE,SIERRA,LEVE,0,0,7586.903,2.0,Pavimentado,Bueno,1.0,No concesionado,CO 10: Abancay - Ayacucho- Huancayo- La Oroya,1198.0,80301.0,0.4461630003962475,73.21502670801013,72.39928330950325,7.637017072327872,534.399353077353,18328.770877944324,17779.13499998999,2097.3709999899997,2863.123,12818.640999999989,2878.713,14900.421999989989,16.19152450331032,2,1,1,1,0,,,,0.0,0.0,0.0,0.0,1,1,1.0,0.0,0.0,0.0,0.0,0.0,0.0,0.0,0.0,1.0
A-2025-01-20,CHOQUE,1,0,1,AREQUIPA,AREQUIPA,YURA,RURAL,CARRETERA,NACIONAL,PE-34A,-16.06732,-71.56131,DESPEJADO,RURAL,TRAMO RECTO,INCLINADA,ASFALTADA,SI,PREVENTIVA (P),PREVENTIVA (P),SI,EN PROCESO DE INVESTIGACIÓN,NO CUENTA CON CAUSA ESPECIFICA,2025,1,2,0,3,MADRUGADA,COSTA,LEVE,0,0,1504.4250000000002,2.0,Pavimentado,Bueno,1.0,IIRSA Sur - Tramo 5: Matarani - Azángaro - Ilo,Corredor Matarani - Arequipa - Juliaca,241.0,40128.0,0.6005060748875158,78.21704200773246,77.40211893847457,8.994742794352394,996.014120858737,33335.45824411135,10322.272,1495.236,1749.739,7077.2970000000005,2886.595,7435.677000000001,27.964725207783708,4,2,1,0,2,51.0,51.0,51.0,1.0,0.0,0.0,1.0,2,1,1.0,0.0,0.0,1.0,0.0,1.0,0.0,0.0,0.0,1.0
A-2025-01-116,CHOQUE,1,0,1,LIMA,LIMA,VILLA EL SALVADOR,URBANA,AVENIDA,URBANO,NO CORRESPONDE,-12.21541772828762,-76.95241468571005,DESPEJADO,RESIDENCIAL,INTERSECCIÓN,PLANA ,ASFALTADA,NO,SIN_DATO,SIN_DATO,SI,EN PROCESO DE INVESTIGACIÓN,NO CUENTA CON CAUSA ESPECIFICA,2025,1,3,0,2,MADRUGADA,COSTA,LEVE,0,0,,,,,,,,,150142.0,0.6990481232857558,80.14597904142546,74.3851677794309,10.004397644056358,1432.5044292531525,459161.0728051392,7626.313,1683.4029999999998,1599.0829999999996,4343.827000000001,1814.875,5811.438000000001,23.797541485643197,2,2,0,0,0,26.0,24.0,28.0,1.0,1.0,0.0,0.0,2,0,0.0,0.0,0.0,1.0,1.0,1.0,0.0,0.0,1.0,1.0