CODIGO_SINIESTRO,CLASE SINIESTRO,CANTIDAD DE FALLECIDOS,CANTIDAD DE LESIONADOS,CANTIDAD DE VEHICULOS DAÑADOS,DEPARTAMENTO,PROVINCIA,DISTRITO,ZONA,TIPO DE VÍA,RED VIAL,COD CARRETERA,COORDENADAS LATITUD,COORDENADAS  LONGITUD,CONDICIÓN CLIMÁTICA,ZONIFICACIÓN,CARACTERÍSTICAS DE VÍA,PERFIL LONGITUDINAL VÍA,SUPERFICIE DE CALZADA,¿EXISTE SEÑAL VERTICAL?,CLASIFICACIÓN DE LA SEÑAL VERTICAL Nº 1,CLASIFICACIÓN DE LA SEÑAL VERTICAL Nº 2,¿EXISTE SEÑAL HORIZONTAL?,CAUSA FACTOR PRINCIPAL,CAUSA ESPECÍFICA,AÑO,MES,DIA_SEMANA,ES_FIN_SEMANA,HORA_NUM,FRANJA_HORARIA,REGION_NATURAL,CATEGORIA_SEVERIDAD,MORTALIDAD_MULTIPLE,LESION_MULTIPLE,MTC_RVN_LONGITUD_KM,MTC_RVN_N_CARRILES_MEDIANA,MTC_RVN_SUPERFICIE_DOMINANTE,MTC_RVN_ESTADO_DOMINANTE,MTC_RVN_ES_CONCESIONADA,MTC_RVN_CONCESION_PRINCIPAL,MTC_RVN_CORREDOR_LOGISTICO,MTC_RVN_N_TRAMOS,IDH_UBIGEO,IDH_2019,IDH_ESP_VIDA_2019,IDH_EDUC_SECUND_PCT_2019,IDH_ANIOS_EDUC_2019,IDH_INGRESO_PERCAP_2019,IDH_POBLACION_2019,MTC_DEP_RED_TOTAL_KM,MTC_DEP_NACIONAL_TOTAL_KM,MTC_DEP_DEPARTAMENTAL_TOTAL_KM,MTC_DEP_VECINAL_TOTAL_KM,MTC_DEP_PAV_TOTAL_KM,MTC_DEP_NO_PAV_TOTAL_KM,MTC_DEP_PCT_PAVIMENTADA,PER_TOTAL_PERSONAS,PER_N_CONDUCTORES,PER_N_CONDUCTORES_FUGADOS,PER_N_PEATONES,PER_N_PASAJEROS_OCUPANTES,PER_EDAD_COND_PROM,PER_EDAD_COND_MIN,PER_EDAD_COND_MAX,PER_ANY_COND_MASCULINO,PER_ANY_LIC_PROBLEMA,PER_ANY_DOSAJE_POS,PER_ANY_DOSAJE_EVALUADO,VEH_TOTAL,VEH_N_FUGADOS,VEH_ANY_FUGADO,VEH_ANY_CARGA,VEH_ANY_PUBLICO,VEH_ANY_PARTICULAR,VEH_ANY_MOTO,VEH_ANY_AUTO,VEH_ANY_CAMION_BUS,VEH_ANY_SOAT_PROBLEMA,VEH_ANY_CITV_PROBLEMA,VEH_ANY_SEGURO_PROBLEMA
A-2025-01-69,DESPISTE,1,0,1,CAJAMARCA,CUTERVO,CALLAYUC,RURAL,CARRETERA,PROVINCIAL,CA-822,-6.141162,-78.908867,DESPEJADO,RURAL,CURVA,INCLINADA,AFIRMADO,SIN_DATO,SIN_DATO,SIN_DATO,SIN_DATO,IMPRUDENCIA DEL CONDUCTOR,OTRO (IMPRUDENCIA DEL CONDUCTOR),2025,1,3,0,9,MAÑANA,SIERRA,LEVE,0,0,,,,,,,,,60602.0,0.3376083017713408,75.94590632761323,33.375617175125186,3.943688421298141,532.676256693481,9173.08993576017,15935.565011852366,1733.9250000199986,935.692,13265.948011832368,2000.1670000199988,13935.398011832369,12.551591352627522,1,1,0,0,0,29.0,29.0,29.0,1.0,0.0,0.0,1.0,1,0,0.0,0.0,0.0,1.0,0.0,0.0,1.0,0.0,0.0,0.0
A-2025-01-92,DESPISTE,1,0,1,CUSCO,PAUCARTAMBO,HUANCARANI,URBANA,CALLE,URBANO,NO CORRESPONDE,-13.502974,-71.656937,DESPEJADO,RESIDENCIAL,INTERSECCIÓN,PLANA ,CONCRETO,SIN_DATO,SIN_DATO,SIN_DATO,SIN_DATO,IMPRUDENCIA DEL CONDUCTOR,CONDUCIR EN ESTADO DE EBRIEDAD Y/O DROGADICCIÓN,2025,1,3,0,21,NOCHE,SIERRA,LEVE,0,0,,,,,,,,,81105.0,0.2541722767056332,67.16121635446689,71.50117567714217,3.933066904389543,210.76197394371945,7395.248394004283,17779.13499998999,2097.3709999899997,2863.123,12818.640999999989,2878.713,14900.421999989989,16.19152450331032,1,1,0,0,0,38.0,38.0,38.0,1.0,1.0,0.0,0.0,1,0,0.0,0.0,0.0,1.0,1.0,0.0,0.0,1.0,0.0,1.0
A-2025-01-70,DESPISTE,1,0,1,CAJAMARCA,CAJAMARCA,CAJAMARCA,URBANA,CARRETERA,SIN CLASIFICAR,SIN CLASIFICAR,-7.209173,-78.469036,DESPEJADO,COMERCIAL,TRAMO RECTO,INCLINADA,AFIRMADO,SIN_DATO,SIN_DATO,SIN_DATO,SIN_DATO,IMPRUDENCIA DEL CONDUCTOR,CONDUCIR EN ESTADO DE EBRIEDAD Y/O DROGADICCIÓN,2025,1,3,0,21,NOCHE,SIERRA,LEVE,0,0,,,,,,,,,60101.0,0.6070175276741574,73.19224654097276,74.29530430690215,9.490386956642766,1117.141592366869,257380.9443254818,15935.565011852366,1733.9250000199986,935.692,13265.948011832368,2000.1670000199988,13935.398011832369,12.551591352627522,1,1,0,0,0,20.0,20.0,20.0,1.0,0.0,1.0,1.0,1,0,0.0,0.0,0.0,1.0,1.0,0.0,0.0,1.0,1.0,1.0
A-2025-01-56,DESPISTE,1,4,1,ANCASH,SIHUAS,RAGASH,RURAL,CARRETERA,PROVINCIAL,AN-558,-8.45668236897441,-77.68355541637838,DESPEJADO,RURAL,SINUOSA,INCLINADA,TROCHA,SIN_DATO,SIN_DATO,SIN_DATO,SIN_DATO,EN PROCESO DE INVESTIGACIÓN,NO CUENTA CON CAUSA ESPECIFICA,2025,1,4,0,5,MADRUGADA,SIERRA,GRAVE_LESIONADOS,0,1,,,,,,,,,21908.0,0.2325584263917059,72.64360534941214,36.48535155520705,4.733231343149393,177.22355887607105,2180.86295503212,10767.648,1885.0630000000003,1222.721,7659.864000000001,2100.343,8667.305000000002,19.506051832303577,5,1,0,0,4,31.0,31.0,31.0,1.0,0.0,0.0,0.0,1,0,0.0,0.0,1.0,0.0,0.0,1.0,0.0,0.0,1.0,0.0
A-2025-01-22,DESPISTE,1,0,1,SAN MARTIN,RIOJA,PARDO MIGUEL,RURAL,CARRETERA,NACIONAL,PE-5N,-5.767011,-77.447328,DESPEJADO,RURAL,TRAMO RECTO,PLANA ,ASFALTADA,SIN_DATO,SIN_DATO,SIN_DATO,SIN_DATO,EN PROCESO DE INVESTIGACIÓN,NO CUENTA CON CAUSA ESPECIFICA,2025,1,4,0,5,MADRUGADA,SELVA,LEVE,0,0,7758.33400008,2.0,Pavimentado,Bueno,1.0,No concesionado,Corredor IIRSA Norte,2133.0,220805.0,0.395409368693869,74.01814372927417,48.94523443220634,5.029353255237231,594.0921143791977,22212.160599571733,5645.136,815.0759999999999,965.298,3864.762,1013.406,4631.73,17.95184385283189,1,1,0,0,0,65.0,65.0,65.0,1.0,0.0,0.0,0.0,1,0,0.0,0.0,1.0,0.0,1.0,0.0,0.0,0.0,1.0,0.0
A-2025-01-71,DESPISTE,1,0,1,CAJAMARCA,CONTUMAZA,SAN BENITO,RURAL,CARRETERA,SIN CLASIFICAR,SIN CLASIFICAR,-7.386466,-78.87999,DESPEJADO,RURAL,TRAMO RECTO,INCLINADA,AFIRMADO,SIN_DATO,SIN_DATO,SIN_DATO,SIN_DATO,IMPRUDENCIA DEL CONDUCTOR,EXCESO DE VELOCIDAD,2025,1,4,0,10,MAÑANA,SIERRA,LEVE,0,0,,,,,,,,,60505.0,0.3823902663135393,71.09068474573519,45.001407169342805,5.318456172141619,572.316964501879,3707.070663811563,15935.565011852366,1733.9250000199986,935.692,13265.948011832368,2000.1670000199988,13935.398011832369,12.551591352627522,1,1,0,0,0,47.0,47.0,47.0,0.0,1.0,0.0,1.0,1,0,0.0,1.0,0.0,0.0,0.0,1.0,0.0,0.0,0.0,0.0
A-2025-01-19,ATROPELLO FUGA,1,1,1,LIMA,HUARAL,HUARAL,RURAL,CARRETERA,NACIONAL,PE-20C,-11.5180094,-77.2053468,SOLEADO,RURAL,TRAMO RECTO,PLANA ,ASFALTADA,SIN_DATO,SIN_DATO,SIN_DATO,SIN_DATO,EN PROCESO DE INVESTIGACIÓN,NO CUENTA CON CAUSA ESPECIFICA,2025,1,4,0,16,TARDE,COSTA,LEVE,0,0,782.3000000000001,-1.0,Afirmado,Bueno,1.0,No concesionado,Corredor Chancay - Huaral - Acos - Unish,161.0,150601.0,0.6447048661877788,79.92873744030881,69.7224229508107,9.344738893386534,1220.4608925685638,104439.11563169166,7626.313,1683.4029999999998,1599.0829999999996,4343.827000000001,1814.875,5811.438000000001,23.797541485643197,3,1,1,2,0,,,,0.0,0.0,0.0,0.0,1,1,1.0,0.0,0.0,0.0,0.0,0.0,0.0,0.0,0.0,1.0
A-2025-01-30,VOLCADURA,1,1,2,TUMBES,TUMBES,CORRALES,RURAL,CARRETERA,NACIONAL,PE-1N,-3.6041394538629112,-80.49857509842347,DESPEJADO,RURAL,TRAMO RECTO,PLANA ,ASFALTADA,SI,PREVENTIVA (P),SIN_DATO,NO,IMPRUDENCIA DEL CONDUCTOR,OTRO (IMPRUDENCIA DEL CONDUCTOR),2025,1,5,1,19,NOCHE,COSTA,LEVE,0,0,6543.555,3.0,Pavimentado,Bueno,1.0,Autopista del Sol,Eje Estructurante Norte,1475.0,240102.0,0.5691277377037675,76.83860361118322,66.3560753457607,8.686409348773196,962.153294603348,23971.755888650965,1009.101,138.47399999999996,287.471,583.156,276.972,732.129,27.447401201663663,3,2,0,0,1,39.5,23.0,56.0,1.0,1.0,0.0,1.0,2,0,0.0,0.0,0.0,1.0,1.0,1.0,0.0,0.0,1.0,1.0
A-2025-01-23,ATROPELLO FUGA,1,0,1,PUNO,PUNO,CHUCUITO,RURAL,CARRETERA,NACIONAL,PE-3S,-15.919678,-69.881995,SIN_DATO,SIN_DATO,SIN_DATO,SIN_DATO,SIN_DATO,SIN_DATO,SIN_DATO,SIN_DATO,SIN_DATO,EN PROCESO DE INVESTIGACIÓN,NO CUENTA CON CAUSA ESPECIFICA,2025,1,5,1,21,NOCHE,SIERRA,LEVE,0,0,7586.903,2.0,Pavimentado,Bueno,1.0,No concesionado,CO 10: Abancay - Ayacucho- Huancayo- La Oroya,1198.0,210106.0,0.3492776286092784,69.0024577433395,71.96566663107897,6.507478728969356,328.2181581851397,6084.453961456104,13642.312999999998,2020.7790000000005,2354.117,9267.416999999998,3314.0520000000006,10328.260999999997,24.29244952817019,2,1,1,1,0,,,,0.0,0.0,0.0,0.0,1,1,1.0,0.0,0.0,0.0,0.0,0.0,0.0,0.0,0.0,1.0
A-2025-01-108,CHOQUE,1,0,3,CUSCO,QUISPICANCHI,CAMANTI,RURAL,CARRETERA,NACIONAL,PE-30C,-13.242795,-70.773526,DESPEJADO,RURAL,TRAMO RECTO,PLANA ,ASFALTADA,SIN_DATO,SIN_DATO,SIN_DATO,SIN_DATO,IMPRUDENCIA DEL CONDUCTOR,CONDUCIR EN ESTADO DE EBRIEDAD Y/O DROGADICCIÓN,2025,1,6,1,2,MADRUGADA,SIERRA,LEVE,0,0,3263.58,2.0,Pavimentado,Bueno,1.0,IIRSA Sur - Tramo 3: Inambari - Iñapari,Corredor Cusco - Puerto Maldonado - Iñapari,566.0,81203.0,0.456269323491559,57.22814439496783,65.7020880165366,7.857170607722528,858.4104388154956,2071.82869379015,17779.13499998999,2097.3709999899997,2863.123,12818.640999999989,2878.713,14900.421999989989,16.19152450331032,2,2,0,0,0,53.0,48.0,58.0,1.0,0.0,0.0,0.0,2,0,0.0,0.0,1.0,1.0,1.0,0.0,1.0,1.0,1.0,0.0
A-2025-01-109,DESPISTE,3,0,1,CUSCO,ANTA,HUAROCONDO,RURAL,CARRETERA,PROVINCIAL,CU-1209,-13.40366017067056,-72.20754186912477,DESPEJADO,RURAL,CURVA,INCLINADA,TROCHA,SIN_DATO,SIN_DATO,SIN_DATO,SIN_DATO,IMPERICIA DEL CONDUCTOR,SIN_DATO,2025,1,6,1,19,NOCHE,SIERRA,GRAVE_MORTALIDAD,1,0,,,,,,,,,80305.0,0.3348371658521636,78.42846227006076,53.51947276655214,5.306039402438105,320.875102720464,4926.6017130620985,17779.13499998999,2097.3709999899997,2863.123,12818.640999999989,2878.713,14900.421999989989,16.19152450331032,3,1,0,0,2,28.0,28.0,28.0,1.0,0.0,0.0,0.0,1,0,0.0,0.0,0.0,1.0,0.0,1.0,0.0,0.0,0.0,0.0
A-2025-01-133,CHOQUE,1,3,2,PIURA,PIURA,CASTILLA,RURAL,CARRETERA,NACIONAL,PE-1NJ,-5.17802305023736,-80.5642240254017,DESPEJADO,INDUSTRIAL,TRAMO RECTO,PLANA ,ASFALTADA,SIN_DATO,SIN_DATO,SIN_DATO,SIN_DATO,EN PROCESO DE INVESTIGACIÓN,NO CUENTA CON CAUSA ESPECIFICA,2025,1,6,1,22,NOCHE,COSTA,GRAVE_LESIONADOS,0,1,1305.18,2.0,Pavimentado,Bueno,1.0,Eje Multimodal Amazonas Norte,Corredor IIRSA Norte,163.0,200104.0,0.6220812987247925,80.20155828147696,72.71675503872983,10.02377668600292,1028.915688621886,159840.92719486082,8965.846000060003,1782.4120000599992,636.9959999999999,6546.438000000004,2214.505000059999,6751.341000000004,24.699342371541725,4,2,0,0,2,36.5,22.0,51.0,1.0,1.0,1.0,1.0,2,0,0.0,1.0,0.0,1.0,1.0,0.0,0.0,1.0,1.0,1.0
A-2025-01-99,CHOQUE CON OBJETO FIJO,1,0,1,CUSCO,CUSCO,CUSCO,URBANA,AVENIDA,URBANO,NO CORRESPONDE,-13.52483086057941,-71.97281744033995,DESPEJADO,COMERCIAL,TRAMO RECTO,PLANA ,CONCRETO,SIN_DATO,SIN_DATO,SIN_DATO,SIN_DATO,IMPRUDENCIA DEL CONDUCTOR,EXCESO DE VELOCIDAD,2025,1,0,0,5,MADRUGADA,SIERRA,LEVE,0,0,,,,,,,,,80101.0,0.659083927657813,75.61465237849653,81.09709385188002,11.294406746128049,1171.1134172238742,122604.71092077089,17779.13499998999,2097.3709999899997,2863.123,12818.640999999989,2878.713,14900.421999989989,16.19152450331032,1,1,0,0,0,27.0,27.0,27.0,1.0,0.0,0.0,1.0,1,0,0.0,0.0,0.0,1.0,1.0,0.0,0.0,1.0,1.0,1.0
A-2025-01-117,ATROPELLO,1,0,1,LIMA,LIMA,LIMA,URBANA,AVENIDA,URBANO,NO CORRESPONDE,-12.057409373276268,-77.01798032360311,DESPEJADO,COMERCIAL,TRAMO RECTO,PLANA ,ASFALTADA,SIN_DATO,SIN_DATO,SIN_DATO,SIN_DATO,EN PROCESO DE INVESTIGACIÓN,NO CUENTA CON CAUSA ESPECIFICA,2025,1,0,0,23,NOCHE,COSTA,LEVE,0,0,,,,,,,,,150101.0,0.7646845961658533,80.23682119426338,77.96082737891015,12.014176158371615,1633.787715186093,250806.0877944326,7626.313,1683.4029999999998,1599.0829999999996,4343.827000000001,1814.875,5811.438000000001,23.797541485643197,2,1,0,1,0,21.0,21.0,21.0,1.0,0.0,0.0,0.0,1,0,0.0,0.0,1.0,0.0,0.0,0.0,1.0,0.0,0.0,0.0
A-2025-01-129,ATROPELLO FUGA,1,0,1,PIURA,MORROPON,LA MATANZA,RURAL,CARRETERA,NACIONAL,PE-02A,-5.229517,-80.0463496,DESPEJADO,RURAL,TRAMO RECTO,PLANA ,ASFALTADA,SIN_DATO,SIN_DATO,SIN_DATO,SIN_DATO,EN PROCESO DE INVESTIGACIÓN,NO CUENTA CON CAUSA ESPECIFICA,2025,1,1,0,1,MADRUGADA,COSTA,LEVE,0,0,722.9000000000002,2.0,Asfaltado económico,Bueno,1.0,Emp.PE-1B-Buenos Aires - Canchaque,No corresponde,123.0,200404.0,0.3893523155396837,73.6911779276771,49.78375684989758,4.513910151215105,616.2310203311459,12720.513918629553,8965.846000060003,1782.4120000599992,636.9959999999999,6546.438000000004,2214.505000059999,6751.341000000004,24.699342371541725,2,1,1,1,0,,,,0.0,0.0,0.0,0.0,1,1,1.0,0.0,0.0,0.0,0.0,0.0,0.0,0.0,0.0,1.0
A-2025-01-118,CHOQUE,1,1,1,LIMA,LIMA,ATE,URBANA,CARRETERA,DEPARTAMENTAL,LM-117,-12.062008132419876,-76.96130021170244,DESPEJADO,COMERCIAL,INTERSECCIÓN,PLANA ,ASFALTADA,SIN_DATO,SIN_DATO,SIN_DATO,SIN_DATO,EN PROCESO DE INVESTIGACIÓN,NO CUENTA CON CAUSA ESPECIFICA,2025,1,1,0,5,MADRUGADA,COSTA,LEVE,0,0,,,,,,,,,150103.0,0.6868549636939637,79.62363164345142,76.30894566128948,9.209137883551294,1425.4498631666322,684921.8484148846,7626.313,1683.4029999999998,1599.0829999999996,4343.827000000001,1814.875,5811.438000000001,23.797541485643197,3,2,0,0,1,42.5,22.0,63.0,1.0,0.0,0.0,0.0,2,0,0.0,1.0,0.0,1.0,0.0,1.0,1.0,0.0,0.0,0.0
A-2025-01-53,DESPISTE,2,7,1,HUANCAVELICA,ANGARAES,LIRCAY,RURAL,CARRETERA,DEPARTAMENTAL,HV-116,-13.0012586,-74.7839614,DESPEJADO,RURAL,CURVA,INCLINADA,ASFALTADA,SI,PREVENTIVA (P),SIN_DATO,NO,EN PROCESO DE INVESTIGACIÓN,NO CUENTA CON CAUSA ESPECIFICA,2025,1,1,0,13,TARDE,SIERRA,GRAVE_MORTALIDAD,1,1,,,,,,,,,90301.0,0.3648777342527826,72.61386206398959,50.19709555656983,5.638488277525374,444.6393044914551,24733.083511777302,8511.426,1445.3929999999996,2008.516,5057.516999999999,1879.579,6631.846999999998,22.08300935706896,9,1,0,0,8,30.0,30.0,30.0,1.0,0.0,0.0,0.0,1,0,0.0,0.0,1.0,0.0,0.0,0.0,1.0,0.0,1.0,0.0
A-2025-01-130,DESPISTE,1,1,1,PIURA,PIURA,PIURA,RURAL,CARRETERA,SIN CLASIFICAR,SIN CLASIFICAR,-5.0618071957089,-80.6593778948127,DESPEJADO,RURAL,TRAMO RECTO,PLANA ,ASFALTADA,SIN_DATO,SIN_DATO,SIN_DATO,SIN_DATO,EN PROCESO DE INVESTIGACIÓN,NO CUENTA CON CAUSA ESPECIFICA,2025,1,1,0,17,TARDE,COSTA,LEVE,0,0,,,,,,,,,200101.0,0.6582040223794163,78.74105515718446,77.3206684883171,11.334167841567446,1124.177237253568,178905.3426124197,8965.846000060003,1782.4120000599992,636.9959999999999,6546.438000000004,2214.505000059999,6751.341000000004,24.699342371541725,2,1,0,0,1,45.0,45.0,45.0,1.0,1.0,0.0,1.0,1,0,0.0,1.0,0.0,0.0,1.0,0.0,0.0,1.0,1.0,1.0
A-2025-01-27,ATROPELLO,1,0,1,AREQUIPA,AREQUIPA,YANAHUARA,URBANA,CARRETERA,NACIONAL,PE-34A,-16.2958435782469,-71.6284940971826,DESPEJADO,RURAL,TRAMO RECTO,PLANA ,ASFALTADA,SI,REGULADORA (R),PREVENTIVA (P),NO,EN PROCESO DE INVESTIGACIÓN,NO CUENTA CON CAUSA ESPECIFICA,2025,1,2,0,17,TARDE,COSTA,LEVE,0,0,1504.4250000000002,2.0,Pavimentado,Bueno,1.0,IIRSA Sur - Tramo 5: Matarani - Azángaro - Ilo,Corredor Matarani - Arequipa - Juliaca,241.0,40126.0,0.7653437300682744,78.6226545944725,83.51549406889337,13.790438975095991,1507.4228664951638,27292.80085653105,10322.272,1495.236,1749.739,7077.2970000000005,2886.595,7435.677000000001,27.964725207783708,2,1,0,1,0,35.0,35.0,35.0,1.0,0.0,0.0,1.0,1,0,0.0,1.0,0.0,0.0,0.0,0.0,1.0,0.0,0.0,0.0
A-2025-01-119,CHOQUE,1,1,1,LIMA,LIMA,PUNTA NEGRA,URBANA,AVENIDA,URBANO,NO CORRESPONDE,-12.370402,-76.789477,DESPEJADO,RESIDENCIAL,TRAMO RECTO,PLANA ,ASFALTADA,SIN_DATO,SIN_DATO,SIN_DATO,SIN_DATO,EN PROCESO DE INVESTIGACIÓN,NO CUENTA CON CAUSA ESPECIFICA,2025,1,2,0,21,NOCHE,COSTA,LEVE,0,0,,,,,,,,,150127.0,0.6997623570346938,76.1024633480164,67.4916969677081,10.594360693484372,1568.8925177861563,8292.871520342613,7626.313,1683.4029999999998,1599.0829999999996,4343.827000000001,1814.875,5811.438000000001,23.797541485643197,3,2,0,0,1,34.5,28.0,41.0,1.0,1.0,0.0,0.0,2,0,0.0,0.0,1.0,1.0,1.0,0.0,1.0,1.0,1.0,1.0
A-2025-01-52,ATROPELLO FUGA,1,0,1,ICA,CHINCHA,GROCIO PRADO,RURAL,CARRETERA,NACIONAL,PE-1S,-13.379285,-76.206371,DESPEJADO,RURAL,TRAMO RECTO,PLANA ,ASFALTADA,SIN_DATO,SIN_DATO,SIN_DATO,SIN_DATO,EN PROCESO DE INVESTIGACIÓN,NO CUENTA CON CAUSA ESPECIFICA,2025,1,3,0,1,MADRUGADA,COSTA,LEVE,0,0,6639.975,2.0,Pavimentado,Bueno,1.0,No concesionado,Eje Estructurante Sur,1616.0,110206.0,0.5736744275518083,81.67473861808857,68.1608574885675,9.138785887908334,865.1176766860625,26660.92933618844,3721.461,698.1859999999996,744.866,2278.409,1102.9029999999996,2618.558,29.636290693359403,2,1,1,1,0,,,,0.0,0.0,0.0,0.0,1,1,1.0,0.0,0.0,0.0,0.0,0.0,0.0,0.0,0.0,1.0
A-2025-01-120,CHOQUE,1,0,1,LIMA,LIMA,LURIGANCHO,RURAL,AVENIDA,URBANO,NO CORRESPONDE,-11.995275603435363,-76.92991259086659,DESPEJADO,RURAL,TRAMO RECTO,PLANA ,ASFALTADA,SIN_DATO,SIN_DATO,SIN_DATO,SIN_DATO,EN PROCESO DE INVESTIGACIÓN,NO CUENTA CON CAUSA ESPECIFICA,2025,1,3,0,20,NOCHE,COSTA,LEVE,0,0,,,,,,,,,150118.0,0.6831952456039544,78.60873873772867,74.49000793376607,10.00420210847705,1376.0472418044385,255143.7301927195,7626.313,1683.4029999999998,1599.0829999999996,4343.827000000001,1814.875,5811.438000000001,23.797541485643197,2,2,0,0,0,21.0,21.0,21.0,1.0,1.0,0.0,0.0,2,0,0.0,0.0,0.0,1.0,1.0,0.0,0.0,0.0,1.0,1.0
A-2025-01-132,ATROPELLO,1,0,1,PIURA,PIURA,CASTILLA,URBANA,AVENIDA,URBANO,NO CORRESPONDE,-5.193840707343721,-80.62217129466552,DESPEJADO,COMERCIAL,TRAMO RECTO,PLANA ,ASFALTADA,SIN_DATO,SIN_DATO,SIN_DATO,SIN_DATO,EN PROCESO DE INVESTIGACIÓN,NO CUENTA CON CAUSA ESPECIFICA,2025,1,3,0,23,NOCHE,COSTA,LEVE,0,0,,,,,,,,,200104.0,0.6220812987247925,80.20155828147696,72.71675503872983,10.02377668600292,1028.915688621886,159840.92719486082,8965.846000060003,1782.4120000599992,636.9959999999999,6546.438000000004,2214.505000059999,6751.341000000004,24.699342371541725,2,1,1,1,0,,,,0.0,0.0,0.0,0.0,1,1,1.0,0.0,0.0,0.0,0.0,0.0,0.0,0.0,0.0,1.0
A-2025-01-131,VOLCADURA,1,2,1,PIURA,MORROPON,YAMANGO,RURAL,CARRETERA,PROVINCIAL,PI-807,-5.165408,-79.777564,DESPEJADO,RURAL,TRAMO RECTO,PLANA ,TROCHA,SIN_DATO,SIN_DATO,SIN_DATO,SIN_DATO,EN PROCESO DE INVESTIGACIÓN,NO CUENTA CON CAUSA ESPECIFICA,2025,1,4,0,4,MADRUGADA,COSTA,LEVE,0,0,,,,,,,,,200410.0,0.2574887680691773,73.49455681759831,53.4122646614079,4.258772404694747,206.2042566614391,8442.558886509636,8965.846000060003,1782.4120000599992,636.9959999999999,6546.438000000004,2214.505000059999,6751.341000000004,24.699342371541725,3,1,0,0,2,41.0,41.0,41.0,1.0,1.0,0.0,1.0,1,0,0.0,0.0,0.0,1.0,0.0,0.0,1.0,0.0,1.0,0.0
A-2025-02-21,DESPISTE,1,0,1,LA LIBERTAD,TRUJILLO,HUANCHACO,RURAL,CARRETERA,NACIONAL,PE-1N,-8.1056625421,-79.0980933545,SIN_DATO,SIN_DATO,SIN_DATO,SIN_DATO,SIN_DATO,SIN_DATO,SIN_DATO,SIN_DATO,SIN_DATO,EN PROCESO DE INVESTIGACIÓN,NO CUENTA CON CAUSA ESPECIFICA,2025,2,5,1,0,MADRUGADA,COSTA,LEVE,0,0,6543.555,3.0,Pavimentado,Bueno,1.0,Autopista del Sol,Eje Estructurante Norte,1475.0,130104.0,0.583006771156836,78.2441938961209,62.24037484511178,8.807312392374042,1028.2282118265089,76607.295503212,8931.828000000005,1335.5899999999997,1935.9830000000004,5660.255000000005,1219.309,7712.519000000005,13.651281686122925,1,1,0,0,0,35.0,35.0,35.0,1.0,0.0,0.0,0.0,1,0,0.0,0.0,0.0,1.0,1.0,0.0,0.0,0.0,0.0,0.0
A-2025-02-60,DESPISTE,1,2,1,CAJAMARCA,CUTERVO,CUTERVO,RURAL,CARRETERA,NACIONAL,PE-3ND,-6.352866,-78.749786,DESPEJADO,RURAL,TRAMO RECTO,PLANA ,AFIRMADO,SIN_DATO,SIN_DATO,SIN_DATO,SIN_DATO,IMPRUDENCIA DEL CONDUCTOR,OTRO (IMPRUDENCIA DEL CONDUCTOR),2025,2,5,1,3,MADRUGADA,SIERRA,LEVE,0,0,687.412,-1.0,Asfaltado económico,Regular,0.0,No concesionado,No corresponde,530.0,60601.0,0.3988811935496497,76.27795285736048,52.72074369701245,5.402568072747514,535.5131446860119,52449.71734475375,15935.565011852366,1733.9250000199986,935.692,13265.948011832368,2000.1670000199988,13935.398011832369,12.551591352627522,3,1,0,0,2,34.0,34.0,34.0,1.0,0.0,0.0,1.0,1,0,0.0,0.0,1.0,0.0,0.0,1.0,0.0,0.0,0.0,0.0
A-2025-02-103,CHOQUE,1,0,1,CUSCO,LA CONVENCION,SANTA ANA,RURAL,CARRETERA,NACIONAL,PE-28B,-12.86257,-72.69468,DESPEJADO,RURAL,TRAMO RECTO,PLANA ,ASFALTADA,SIN_DATO,SIN_DATO,SIN_DATO,SIN_DATO,IMPRUDENCIA DEL CONDUCTOR,CONDUCIR EN ESTADO DE EBRIEDAD Y/O DROGADICCIÓN,2025,2,5,1,4,MADRUGADA,SIERRA,LEVE,0,0,3447.8009999999995,1.0,Pavimentado,Regular,0.0,No concesionado,Corredor Ayacucho - Quellouno - Quillabamba,1109.0,80901.0,0.5803892132127203,77.20158157453214,80.09764322421019,9.63293466488124,868.3252877671093,30810.066381156317,17779.13499998999,2097.3709999899997,2863.123,12818.640999999989,2878.713,14900.421999989989,16.19152450331032,2,2,0,0,0,48.5,44.0,53.0,1.0,0.0,1.0,1.0,2,0,0.0,0.0,0.0,1.0,0.0,0.0,1.0,0.0,1.0,0.0
A-2025-02-76,CHOQUE,1,0,1,LIMA,LIMA,LURIGANCHO,URBANA,CARRETERA,DEPARTAMENTAL,LM-114,-12.013163303798532,-76.90209597592707,DESPEJADO,COMERCIAL,INTERSECCIÓN,PLANA ,ASFALTADA,SIN_DATO,SIN_DATO,SIN_DATO,SIN_DATO,EN PROCESO DE INVESTIGACIÓN,NO CUENTA CON CAUSA ESPECIFICA,2025,2,5,1,14,TARDE,COSTA,LEVE,0,0,,,,,,,,,150118.0,0.6831952456039544,78.60873873772867,74.49000793376607,10.00420210847705,1376.0472418044385,255143.7301927195,7626.313,1683.4029999999998,1599.0829999999996,4343.827000000001,1814.875,5811.438000000001,23.797541485643197,3,2,0,0,1,47.5,30.0,65.0,1.0,1.0,0.0,0.0,2,0,0.0,1.0,1.0,0.0,1.0,0.0,1.0,0.0,1.0,1.0