CODIGO_SINIESTRO,CLASE SINIESTRO,CANTIDAD DE FALLECIDOS,CANTIDAD DE LESIONADOS,CANTIDAD DE VEHICULOS DAÑADOS,DEPARTAMENTO,PROVINCIA,DISTRITO,ZONA,TIPO DE VÍA,RED VIAL,COD CARRETERA,COORDENADAS LATITUD,COORDENADAS  LONGITUD,CONDICIÓN CLIMÁTICA,ZONIFICACIÓN,CARACTERÍSTICAS DE VÍA,PERFIL LONGITUDINAL VÍA,SUPERFICIE DE CALZADA,¿EXISTE SEÑAL VERTICAL?,CLASIFICACIÓN DE LA SEÑAL VERTICAL Nº 1,CLASIFICACIÓN DE LA SEÑAL VERTICAL Nº 2,¿EXISTE SEÑAL HORIZONTAL?,CAUSA FACTOR PRINCIPAL,CAUSA ESPECÍFICA,AÑO,MES,DIA_SEMANA,ES_FIN_SEMANA,HORA_NUM,FRANJA_HORARIA,REGION_NATURAL,CATEGORIA_SEVERIDAD,MORTALIDAD_MULTIPLE,LESION_MULTIPLE,MTC_RVN_LONGITUD_KM,MTC_RVN_N_CARRILES_MEDIANA,MTC_RVN_SUPERFICIE_DOMINANTE,MTC_RVN_ESTADO_DOMINANTE,MTC_RVN_ES_CONCESIONADA,MTC_RVN_CONCESION_PRINCIPAL,MTC_RVN_CORREDOR_LOGISTICO,MTC_RVN_N_TRAMOS,IDH_UBIGEO,IDH_2019,IDH_ESP_VIDA_2019,IDH_EDUC_SECUND_PCT_2019,IDH_ANIOS_EDUC_2019,IDH_INGRESO_PERCAP_2019,IDH_POBLACION_2019,MTC_DEP_RED_TOTAL_KM,MTC_DEP_NACIONAL_TOTAL_KM,MTC_DEP_DEPARTAMENTAL_TOTAL_KM,MTC_DEP_VECINAL_TOTAL_KM,MTC_DEP_PAV_TOTAL_KM,MTC_DEP_NO_PAV_TOTAL_KM,MTC_DEP_PCT_PAVIMENTADA,PER_TOTAL_PERSONAS,PER_N_CONDUCTORES,PER_N_CONDUCTORES_FUGADOS,PER_N_PEATONES,PER_N_PASAJEROS_OCUPANTES,PER_EDAD_COND_PROM,PER_EDAD_COND_MIN,PER_EDAD_COND_MAX,PER_ANY_COND_MASCULINO,PER_ANY_LIC_PROBLEMA,PER_ANY_DOSAJE_POS,PER_ANY_DOSAJE_EVALUADO,VEH_TOTAL,VEH_N_FUGADOS,VEH_ANY_FUGADO,VEH_ANY_CARGA,VEH_ANY_PUBLICO,VEH_ANY_PARTICULAR,VEH_ANY_MOTO,VEH_ANY_AUTO,VEH_ANY_CAMION_BUS,VEH_ANY_SOAT_PROBLEMA,VEH_ANY_CITV_PROBLEMA,VEH_ANY_SEGURO_PROBLEMA
A-2025-10-78,DESPISTE,1,1,1,AREQUIPA,AREQUIPA,CHARACATO,URBANA,CARRETERA,PROVINCIAL,AR-784,-16.470257,-71.495631,DESPEJADO,RURAL,TRAMO RECTO,PLANA ,ASFALTADA,NO,SIN_DATO,SIN_DATO,NO,EN PROCESO DE INVESTIGACIÓN,NO CUENTA CON CAUSA ESPECIFICA,2025,10,6,1,19,NOCHE,COSTA,LEVE,0,0,,,,,,,,,40105.0,0.6166469235795027,77.77225006805689,77.91875276745213,10.140371959554365,1006.4103716604302,12645.16488222698,10322.272,1495.236,1749.739,7077.2970000000005,2886.595,7435.677000000001,27.964725207783708,2,1,0,1,0,39.0,39.0,39.0,1.0,0.0,1.0,1.0,1,0,0.0,0.0,1.0,0.0,0.0,0.0,1.0,0.0,0.0,0.0
A-2025-10-73,CHOQUE,1,2,2,SAN MARTIN,RIOJA,RIOJA,RURAL,CARRETERA,NACIONAL,PE-5N,-6.04139014457038,-77.1883271275821,DESPEJADO,RURAL,TRAMO RECTO,PLANA ,ASFALTADA,SIN_DATO,SIN_DATO,SIN_DATO,SIN_DATO,IMPRUDENCIA DEL CONDUCTOR,OTRO (IMPRUDENCIA DEL CONDUCTOR),2025,10,1,0,6,MAÑANA,SELVA,LEVE,0,0,7758.33400008,2.0,Pavimentado,Bueno,1.0,No concesionado,Corredor IIRSA Norte,2133.0,220801.0,0.5963332411867256,73.80959983510441,63.34953560123128,8.251886446437874,1232.7304200473363,24031.167023554604,5645.136,815.0759999999999,965.298,3864.762,1013.406,4631.73,17.95184385283189,4,2,0,0,2,41.5,39.0,44.0,1.0,1.0,0.0,0.0,2,0,0.0,0.0,1.0,1.0,1.0,0.0,0.0,1.0,1.0,1.0
A-2025-10-82,DESPISTE,1,2,1,AREQUIPA,AREQUIPA,YURA,URBANA,CARRETERA,NACIONAL,PE-34E,-16.035324,-71.40243,DESPEJADO,RURAL,CURVA,PLANA ,ASFALTADA,SI,PREVENTIVA (P),SIN_DATO,NO,EN PROCESO DE INVESTIGACIÓN,NO CUENTA CON CAUSA ESPECIFICA,2025,10,2,0,6,MAÑANA,COSTA,LEVE,0,0,1021.21199996,1.0,Afirmado,Malo,0.0,No concesionado,No corresponde,277.0,40128.0,0.6005060748875158,78.21704200773246,77.40211893847457,8.994742794352394,996.014120858737,33335.45824411135,10322.272,1495.236,1749.739,7077.2970000000005,2886.595,7435.677000000001,27.964725207783708,3,1,0,0,2,25.0,25.0,25.0,1.0,0.0,0.0,1.0,1,0,0.0,0.0,0.0,1.0,0.0,0.0,1.0,0.0,0.0,0.0
A-2025-10-92,CHOQUE,2,0,1,AREQUIPA,CARAVELI,ATIQUIPA,RURAL,CARRETERA,NACIONAL,PE-1S,-15.834422,-74.293082,DESPEJADO,RURAL,CURVA,INCLINADA,ASFALTADA,NO,SIN_DATO,SIN_DATO,SI,EN PROCESO DE INVESTIGACIÓN,NO CUENTA CON CAUSA ESPECIFICA,2025,10,3,0,18,NOCHE,COSTA,GRAVE_MORTALIDAD,1,0,6639.975,2.0,Pavimentado,Bueno,1.0,No concesionado,Eje Estructurante Sur,1616.0,40304.0,0.5759660838327949,85.0,57.78458871790271,8.237349280259481,955.2212903110584,731.8543897216274,10322.272,1495.236,1749.739,7077.2970000000005,2886.595,7435.677000000001,27.964725207783708,2,2,0,0,0,44.0,29.0,59.0,1.0,0.0,0.0,0.0,2,0,0.0,1.0,0.0,0.0,0.0,0.0,1.0,0.0,0.0,0.0
A-2025-10-85,DESPISTE,1,4,1,AREQUIPA,ISLAY,COCACHACRA,RURAL,CARRETERA,NACIONAL,PE-1S,-16.9936099,-71.7304756,NIEBLA,RURAL,CURVA,PLANA ,ASFALTADA,SI,PREVENTIVA (P),SIN_DATO,NO,EN PROCESO DE INVESTIGACIÓN,NO CUENTA CON CAUSA ESPECIFICA,2025,10,6,1,6,MAÑANA,COSTA,GRAVE_LESIONADOS,0,1,6639.975,2.0,Pavimentado,Bueno,1.0,No concesionado,Eje Estructurante Sur,1616.0,40702.0,0.6449493635682252,78.44719582624413,79.23084709401536,8.759364777311836,1226.330683483547,8054.678800856533,10322.272,1495.236,1749.739,7077.2970000000005,2886.595,7435.677000000001,27.964725207783708,5,2,0,0,3,52.0,43.0,61.0,1.0,0.0,0.0,1.0,2,0,0.0,0.0,0.0,1.0,0.0,1.0,1.0,0.0,0.0,0.0
A-2025-10-74,VOLCADURA,1,0,1,SAN MARTIN,MOYOBAMBA,CALZADA,RURAL,CARRETERA,NACIONAL,PE-5N,-6.03949550117566,-77.098177417361,DESPEJADO,RURAL,TRAMO RECTO,PLANA ,ASFALTADA,SIN_DATO,SIN_DATO,SIN_DATO,SIN_DATO,IMPRUDENCIA DEL CONDUCTOR,OTRO (IMPRUDENCIA DEL CONDUCTOR),2025,10,6,1,6,MAÑANA,SELVA,LEVE,0,0,7758.33400008,2.0,Pavimentado,Bueno,1.0,No concesionado,Corredor IIRSA Norte,2133.0,220102.0,0.5147882301210585,74.70882653725891,51.74890369370718,6.543161279603341,1011.2929178100565,4267.862955032119,5645.136,815.0759999999999,965.298,3864.762,1013.406,4631.73,17.95184385283189,1,1,0,0,0,21.0,21.0,21.0,1.0,1.0,0.0,0.0,1,0,0.0,0.0,0.0,1.0,1.0,0.0,0.0,1.0,1.0,1.0
A-2025-10-281,DESPISTE,1,1,1,HUANCAVELICA,ANGARAES,SAN ANTONIO DE ANTAPARCO,RURAL,CARRETERA,PROVINCIAL,HV-680,-13.0456499590814,-74.3943412134477,DESPEJADO,RURAL,CURVA,PLANA ,ASFALTADA,SIN_DATO,SIN_DATO,SIN_DATO,SIN_DATO,IMPERICIA DEL CONDUCTOR,SIN_DATO,2025,10,1,0,14,TARDE,SIERRA,LEVE,0,0,,,,,,,,,90310.0,0.2885674365297043,73.1469860309209,85.31614394281824,7.697661128249196,159.00228503326167,6289.650963597431,8511.426,1445.3929999999996,2008.516,5057.516999999999,1879.579,6631.846999999998,22.08300935706896,2,1,0,0,1,22.0,22.0,22.0,1.0,0.0,0.0,1.0,1,0,0.0,1.0,0.0,0.0,0.0,0.0,1.0,0.0,0.0,0.0
A-2025-10-91,CHOQUE,1,0,2,LIMA,HUARAL,AUCALLAMA,RURAL,CARRETERA,SIN CLASIFICAR,SIN CLASIFICAR,-11.5122467,-77.1423172,DESPEJADO,RURAL,TRAMO RECTO,PLANA ,ASFALTADA,SIN_DATO,SIN_DATO,SIN_DATO,SIN_DATO,EN PROCESO DE INVESTIGACIÓN,NO CUENTA CON CAUSA ESPECIFICA,2025,10,3,0,11,MAÑANA,COSTA,LEVE,0,0,,,,,,,,,150604.0,0.606011890732538,79.10580202061365,64.14379964647316,7.172095916125169,1269.9879605915198,20981.39186295503,7626.313,1683.4029999999998,1599.0829999999996,4343.827000000001,1814.875,5811.438000000001,23.797541485643197,2,2,0,0,0,49.0,37.0,61.0,1.0,1.0,0.0,1.0,2,0,0.0,1.0,0.0,1.0,1.0,0.0,1.0,1.0,1.0,1.0
A-2025-11-10,CHOQUE,1,0,2,SAN MARTIN,RIOJA,AWAJUN,RURAL,CARRETERA,NACIONAL,PE-5N,-5.816409,-77.38497,DESPEJADO,RURAL,TRAMO RECTO,PLANA ,ASFALTADA,SIN_DATO,SIN_DATO,SIN_DATO,SIN_DATO,IMPRUDENCIA DEL CONDUCTOR,EXCESO DE VELOCIDAD,2025,11,6,1,4,MADRUGADA,SELVA,LEVE,0,0,7758.33400008,2.0,Pavimentado,Bueno,1.0,No concesionado,Corredor IIRSA Norte,2133.0,220802.0,0.3490236341472501,73.80303880571165,34.287308240418106,5.251593843982846,481.3272995041394,11414.025695931476,5645.136,815.0759999999999,965.298,3864.762,1013.406,4631.73,17.95184385283189,2,2,0,0,0,46.0,44.0,48.0,1.0,1.0,0.0,0.0,2,0,0.0,0.0,1.0,1.0,1.0,0.0,1.0,0.0,1.0,1.0
A-2025-11-157,CHOQUE,1,0,1,CUSCO,CHUMBIVILCAS,COLQUEMARCA,RURAL,CARRETERA,DEPARTAMENTAL,CU-119,-14.338814616316428,-72.06086568259929,DESPEJADO,RURAL,TRAMO RECTO,PLANA ,ASFALTADA,SIN_DATO,SIN_DATO,SIN_DATO,SIN_DATO,IMPRUDENCIA DEL CONDUCTOR,INVASIÓN DE CARRIL,2025,11,6,1,14,TARDE,SIERRA,LEVE,0,0,,,,,,,,,80704.0,0.3582063239468129,73.72125513625039,50.68912238545782,4.370934077592676,495.5648271945098,7210.27408993576,17779.13499998999,2097.3709999899997,2863.123,12818.640999999989,2878.713,14900.421999989989,16.19152450331032,2,2,0,0,0,24.0,19.0,29.0,1.0,1.0,0.0,1.0,2,0,0.0,0.0,0.0,1.0,1.0,0.0,1.0,0.0,1.0,1.0
A-2025-11-156,CHOQUE,1,5,2,HUANCAVELICA,ANGARAES,LIRCAY,RURAL,CARRETERA,NACIONAL,PE-26B,-12.979089,-74.736443,DESPEJADO,RURAL,CURVA,INCLINADA,ASFALTADA,SI,PREVENTIVA (P),SIN_DATO,NO,IMPRUDENCIA DEL CONDUCTOR,EXCESO DE VELOCIDAD,2025,11,2,0,8,MAÑANA,SIERRA,GRAVE_LESIONADOS,0,1,943.58,1.0,Asfaltado económico,Bueno,0.0,No concesionado,No corresponde,135.0,90301.0,0.3648777342527826,72.61386206398959,50.19709555656983,5.638488277525374,444.6393044914551,24733.083511777302,8511.426,1445.3929999999996,2008.516,5057.516999999999,1879.579,6631.846999999998,22.08300935706896,7,2,0,0,5,30.0,30.0,30.0,1.0,0.0,0.0,1.0,2,0,0.0,1.0,0.0,0.0,1.0,0.0,1.0,0.0,0.0,0.0
A-2025-11-19,ATROPELLO,1,0,1,AREQUIPA,AREQUIPA,JOSE LUIS BUSTAMANTE Y RIVERO,URBANA,CALLE,URBANO,NO CORRESPONDE,-16.424305,-71.534437,DESPEJADO,RURAL,TRAMO RECTO,PLANA ,ASFALTADA,NO,SIN_DATO,SIN_DATO,SI,EN PROCESO DE INVESTIGACIÓN,NO CUENTA CON CAUSA ESPECIFICA,2025,11,3,0,20,NOCHE,COSTA,LEVE,0,0,,,,,,,,,40129.0,0.7453744058790387,79.4589730074046,82.73398367318066,12.665195784530074,1448.5317937470898,76620.6295503212,10322.272,1495.236,1749.739,7077.2970000000005,2886.595,7435.677000000001,27.964725207783708,2,1,0,1,0,20.0,20.0,20.0,1.0,0.0,0.0,1.0,1,0,0.0,1.0,0.0,0.0,0.0,0.0,1.0,0.0,0.0,0.0
A-2025-11-144,DESPISTE,1,0,1,CUSCO,ESPINAR,OCORURO,RURAL,CARRETERA,NACIONAL,PE-34J,-15.051019,-71.12941,DESPEJADO,RURAL,PUENTE,PLANA ,ASFALTADA,SIN_DATO,SIN_DATO,SIN_DATO,SIN_DATO,IMPRUDENCIA DEL CONDUCTOR,EXCESO DE VELOCIDAD,2025,11,4,0,20,NOCHE,SIERRA,LEVE,0,0,568.5409999999999,1.0,Pavimentado,Regular,0.0,No concesionado,Alimentador del corredor logístico 05,93.0,80804.0,0.3491291336434085,68.34579473193322,63.63866309000273,4.984551874124405,419.36068685534286,1114.627408993576,17779.13499998999,2097.3709999899997,2863.123,12818.640999999989,2878.713,14900.421999989989,16.19152450331032,1,1,0,0,0,28.0,28.0,28.0,1.0,0.0,0.0,0.0,1,0,0.0,0.0,0.0,1.0,1.0,0.0,0.0,0.0,0.0,0.0
A-2025-11-11,CHOQUE,1,1,1,AREQUIPA,ISLAY,COCACHACRA,URBANA,CARRETERA,NACIONAL,PE-1S,-16.980001,-71.781158,DESPEJADO,RESIDENCIAL,OTRO,PLANA ,ASFALTADA,NO,SIN_DATO,SIN_DATO,SI,EN PROCESO DE INVESTIGACIÓN,NO CUENTA CON CAUSA ESPECIFICA,2025,11,5,1,8,MAÑANA,COSTA,LEVE,0,0,6639.975,2.0,Pavimentado,Bueno,1.0,No concesionado,Eje Estructurante Sur,1616.0,40702.0,0.6449493635682252,78.44719582624413,79.23084709401536,8.759364777311836,1226.330683483547,8054.678800856533,10322.272,1495.236,1749.739,7077.2970000000005,2886.595,7435.677000000001,27.964725207783708,3,2,0,0,1,60.0,55.0,65.0,1.0,0.0,0.0,1.0,2,0,0.0,1.0,0.0,1.0,0.0,1.0,1.0,0.0,0.0,0.0
A-2025-11-153,CHOQUE,1,1,1,AREQUIPA,CAMANA,MARISCAL CACERES,RURAL,CARRETERA,NACIONAL,PE-1S,-16.500944,-72.929594,DESPEJADO,RURAL,CURVA,PLANA ,ASFALTADA,SI,REGULADORA (R),PREVENTIVA (P),SI,NEGLIGENCIA DEL CONDUCTOR,OTRO (NEGLIGENCIA DEL CONDUCTOR),2025,11,6,1,23,NOCHE,COSTA,LEVE,0,0,6639.975,2.0,Pavimentado,Bueno,1.0,No concesionado,Eje Estructurante Sur,1616.0,40204.0,0.6284906431913255,82.78407372565209,71.14349913795081,8.056064718969015,1169.9648513716202,6654.391862955032,10322.272,1495.236,1749.739,7077.2970000000005,2886.595,7435.677000000001,27.964725207783708,3,2,0,0,1,38.5,32.0,45.0,1.0,1.0,0.0,0.0,2,0,0.0,1.0,0.0,1.0,0.0,1.0,1.0,0.0,0.0,0.0
A-2025-11-150,ATROPELLO,1,1,1,CUSCO,CALCA,CALCA,RURAL,CARRETERA,NACIONAL,PE-28B,-13.3126008970692,-72.0122844128497,DESPEJADO,RURAL,TRAMO RECTO,PLANA ,ASFALTADA,SIN_DATO,SIN_DATO,SIN_DATO,SIN_DATO,IMPRUDENCIA DEL PEATÓN,CRUCE INDEBIDO POR LA CALZADA,2025,11,1,0,7,MAÑANA,SIERRA,LEVE,0,0,3447.8009999999995,1.0,Pavimentado,Regular,0.0,No concesionado,Corredor Ayacucho - Quellouno - Quillabamba,1109.0,80401.0,0.4562958894633943,70.99144093489087,58.8848672914879,7.768452023359112,649.1045217688833,23833.353319057816,17779.13499998999,2097.3709999899997,2863.123,12818.640999999989,2878.713,14900.421999989989,16.19152450331032,2,1,0,1,0,26.0,26.0,26.0,1.0,0.0,0.0,1.0,1,0,0.0,0.0,0.0,1.0,1.0,0.0,0.0,0.0,1.0,0.0
A-2025-11-22,CHOQUE,1,0,1,AREQUIPA,CAYLLOMA,MAJES,URBANA,AVENIDA,URBANO,NO CORRESPONDE,-16.331055,-72.197832,DESPEJADO,RESIDENCIAL,TRAMO RECTO,PLANA ,ASFALTADA,NO,SIN_DATO,SIN_DATO,SI,EN PROCESO DE INVESTIGACIÓN,NO CUENTA CON CAUSA ESPECIFICA,2025,11,3,0,0,MADRUGADA,COSTA,LEVE,0,0,,,,,,,,,40520.0,0.6077843615696785,76.53072135400231,69.81276959706165,8.77367759087771,1135.5159013374655,74658.55888650964,10322.272,1495.236,1749.739,7077.2970000000005,2886.595,7435.677000000001,27.964725207783708,2,2,0,0,0,22.0,22.0,22.0,1.0,0.0,0.0,1.0,2,0,0.0,0.0,0.0,1.0,1.0,1.0,0.0,0.0,0.0,0.0
A-2025-11-12,ATROPELLO FUGA,1,0,1,LIMA,HUARAL,AUCALLAMA,URBANA,CARRETERA,NACIONAL,PE-1N,-11.6039142,-77.2063534,DESPEJADO,ESCOLAR,TRAMO RECTO,INCLINADA,ASFALTADA,SI,REGULADORA (R),SIN_DATO,NO,EN PROCESO DE INVESTIGACIÓN,NO CUENTA CON CAUSA ESPECIFICA,2025,11,3,0,12,TARDE,COSTA,LEVE,0,0,6543.555,3.0,Pavimentado,Bueno,1.0,Autopista del Sol,Eje Estructurante Norte,1475.0,150604.0,0.606011890732538,79.10580202061365,64.14379964647316,7.172095916125169,1269.9879605915198,20981.39186295503,7626.313,1683.4029999999998,1599.0829999999996,4343.827000000001,1814.875,5811.438000000001,23.797541485643197,2,1,1,1,0,,,,0.0,0.0,0.0,0.0,1,1,1.0,0.0,0.0,0.0,0.0,0.0,0.0,0.0,0.0,1.0
A-2025-11-13,CHOQUE,1,1,2,TUMBES,ZARUMILLA,AGUAS VERDES,URBANA,CARRETERA,NACIONAL,PE-1NO,-3.4914283,-80.2676616,DESPEJADO,RURAL,TRAMO RECTO,PLANA ,ASFALTADA,SIN_DATO,SIN_DATO,SIN_DATO,SIN_DATO,IMPRUDENCIA DEL CONDUCTOR,INVASIÓN DE CARRIL,2025,11,5,1,0,MADRUGADA,COSTA,LEVE,0,0,34.68,2.0,Pavimentado,Bueno,0.0,No concesionado,No corresponde,10.0,240302.0,0.4809550242578706,73.07176248806164,62.28512716598154,7.343272081128487,729.1613405110833,22758.41541755889,1009.101,138.47399999999996,287.471,583.156,276.972,732.129,27.447401201663663,2,2,0,0,0,45.0,34.0,56.0,1.0,1.0,0.0,0.0,2,0,0.0,0.0,1.0,1.0,1.0,0.0,0.0,1.0,1.0,1.0
A-2025-11-15,DESPISTE,1,0,1,SAN MARTIN,MOYOBAMBA,CALZADA,RURAL,CARRETERA,NACIONAL,PE-5N,-6.048196,-77.147931,DESPEJADO,RURAL,TRAMO RECTO,PLANA ,ASFALTADA,SIN_DATO,SIN_DATO,SIN_DATO,SIN_DATO,IMPRUDENCIA DEL CONDUCTOR,CONDUCIR EN ESTADO DE EBRIEDAD Y/O DROGADICCIÓN,2025,11,5,1,17,TARDE,SELVA,LEVE,0,0,7758.33400008,2.0,Pavimentado,Bueno,1.0,No concesionado,Corredor IIRSA Norte,2133.0,220102.0,0.5147882301210585,74.70882653725891,51.74890369370718,6.543161279603341,1011.2929178100565,4267.862955032119,5645.136,815.0759999999999,965.298,3864.762,1013.406,4631.73,17.95184385283189,1,1,0,0,0,76.0,76.0,76.0,1.0,0.0,0.0,0.0,1,0,0.0,0.0,1.0,0.0,1.0,0.0,0.0,1.0,1.0,1.0
A-2025-11-23,CHOQUE,1,1,1,AREQUIPA,CAYLLOMA,SAN ANTONIO DE CHUCA,URBANA,CARRETERA,NACIONAL,PE-34A,-15.819738,-71.07154,DESPEJADO,RESIDENCIAL,TRAMO RECTO,PLANA ,ASFALTADA,NO,SIN_DATO,SIN_DATO,SI,EN PROCESO DE INVESTIGACIÓN,NO CUENTA CON CAUSA ESPECIFICA,2025,11,6,1,3,MADRUGADA,COSTA,LEVE,0,0,1504.4250000000002,2.0,Pavimentado,Bueno,1.0,IIRSA Sur - Tramo 5: Matarani - Azángaro - Ilo,Corredor Matarani - Arequipa - Juliaca,241.0,40514.0,0.4498224071382834,81.63336343193146,58.84842497065013,5.774685730039019,620.6584683449911,1358.612419700214,10322.272,1495.236,1749.739,7077.2970000000005,2886.595,7435.677000000001,27.964725207783708,2,2,0,0,0,33.0,25.0,41.0,1.0,0.0,0.0,1.0,2,0,0.0,0.0,1.0,1.0,0.0,1.0,1.0,0.0,0.0,0.0
A-2025-11-26,CHOQUE,1,0,1,AREQUIPA,AREQUIPA,PAUCARPATA,URBANA,AVENIDA,URBANO,NO CORRESPONDE,-16.4294248605063,-71.4988601070911,DESPEJADO,RURAL,TRAMO RECTO,PLANA ,ASFALTADA,SIN_DATO,SIN_DATO,SIN_DATO,SIN_DATO,EN PROCESO DE INVESTIGACIÓN,NO CUENTA CON CAUSA ESPECIFICA,2025,11,0,0,7,MAÑANA,COSTA,LEVE,0,0,,,,,,,,,40112.0,0.6497628344872909,78.50677470622946,79.58517547019379,10.832141867699551,1100.753355561081,126056.75374732334,10322.272,1495.236,1749.739,7077.2970000000005,2886.595,7435.677000000001,27.964725207783708,2,2,0,0,0,40.5,29.0,52.0,1.0,0.0,0.0,1.0,2,0,0.0,0.0,1.0,1.0,1.0,0.0,1.0,1.0,1.0,0.0
A-2025-11-25,DESPISTE,1,0,1,AREQUIPA,ISLAY,ISLAY,RURAL,CARRETERA,PROVINCIAL,AR-803,-17.001671,-72.054978,DESPEJADO,RURAL,TRAMO RECTO,PLANA ,ASFALTADA,NO,SIN_DATO,SIN_DATO,SI,EN PROCESO DE INVESTIGACIÓN,NO CUENTA CON CAUSA ESPECIFICA,2025,11,2,0,5,MADRUGADA,COSTA,LEVE,0,0,,,,,,,,,40704.0,0.5784035125051519,74.737535639558,71.5667957422958,10.005034846291316,929.7976738409852,7264.014989293362,10322.272,1495.236,1749.739,7077.2970000000005,2886.595,7435.677000000001,27.964725207783708,1,1,0,0,0,32.0,32.0,32.0,1.0,0.0,0.0,0.0,1,0,0.0,0.0,0.0,1.0,1.0,0.0,0.0,0.0,1.0,0.0
A-2025-11-20,ATROPELLO FUGA,1,1,1,SAN MARTIN,RIOJA,YURACYACU,RURAL,CARRETERA,PROVINCIAL,SM-552,-5.90903125229912,-77.2690975319528,DESPEJADO,RURAL,TRAMO RECTO,PLANA ,ASFALTADA,SIN_DATO,SIN_DATO,SIN_DATO,SIN_DATO,EN PROCESO DE INVESTIGACIÓN,NO CUENTA CON CAUSA ESPECIFICA,2025,11,2,0,23,NOCHE,SELVA,LEVE,0,0,,,,,,,,,220809.0,0.4797278789109669,73.57625129312893,47.93902103362005,6.3765489816209255,890.1840358018073,3398.1798715203427,5645.136,815.0759999999999,965.298,3864.762,1013.406,4631.73,17.95184385283189,3,1,1,1,1,,,,0.0,0.0,0.0,0.0,1,1,1.0,0.0,0.0,0.0,0.0,0.0,0.0,0.0,0.0,1.0
A-2025-11-28,CHOQUE,1,0,1,AREQUIPA,AREQUIPA,LA JOYA,RURAL,CARRETERA,NACIONAL,PE-1S,-16.677733,-71.870904,DESPEJADO,RURAL,TRAMO RECTO,PLANA ,ASFALTADA,NO,SIN_DATO,SIN_DATO,SI,EN PROCESO DE INVESTIGACIÓN,NO CUENTA CON CAUSA ESPECIFICA,2025,11,4,0,22,NOCHE,COSTA,LEVE,0,0,6639.975,2.0,Pavimentado,Bueno,1.0,No concesionado,Eje Estructurante Sur,1616.0,40108.0,0.6105481451420971,78.10653088113892,68.35418098658066,8.411557426919764,1158.5430895193692,35025.678800856535,10322.272,1495.236,1749.739,7077.2970000000005,2886.595,7435.677000000001,27.964725207783708,2,2,1,0,0,27.0,27.0,27.0,1.0,0.0,0.0,0.0,2,1,1.0,1.0,0.0,1.0,1.0,0.0,1.0,1.0,1.0,0.0
A-2025-11-14,DESPISTE,1,0,1,LIMA,HUARAL,AUCALLAMA,RURAL,CARRETERA,NACIONAL,PE-1N,-11.6070792,-77.2143235,DESPEJADO,RURAL,TRAMO RECTO,INCLINADA,ASFALTADA,SI,REGULADORA (R),SIN_DATO,NO,EN PROCESO DE INVESTIGACIÓN,NO CUENTA CON CAUSA ESPECIFICA,2025,11,6,1,4,MADRUGADA,COSTA,LEVE,0,0,6543.555,3.0,Pavimentado,Bueno,1.0,Autopista del Sol,Eje Estructurante Norte,1475.0,150604.0,0.606011890732538,79.10580202061365,64.14379964647316,7.172095916125169,1269.9879605915198,20981.39186295503,7626.313,1683.4029999999998,1599.0829999999996,4343.827000000001,1814.875,5811.438000000001,23.797541485643197,1,1,0,0,0,38.0,38.0,38.0,1.0,0.0,0.0,0.0,1,0,0.0,0.0,0.0,1.0,1.0,0.0,0.0,1.0,1.0,1.0
A-2025-11-16,ATROPELLO,1,1,1,TUMBES,ZARUMILLA,ZARUMILLA,RURAL,CARRETERA,NACIONAL,PE-1N,-3.5084116,-80.2982707,DESPEJADO,RURAL,CURVA,INCLINADA,ASFALTADA,SI,REGULADORA (R),PREVENTIVA (P),NO,IMPRUDENCIA DEL CONDUCTOR,NO DAR PASO PREFERENTE AL PEATÓN,2025,11,6,1,20,NOCHE,COSTA,LEVE,0,0,6543.555,3.0,Pavimentado,Bueno,1.0,Autopista del Sol,Eje Estructurante Norte,1475.0,240301.0,0.5517527352166962,72.19810860253655,65.69527868627884,9.147232287140229,937.8014966124026,23389.404710920768,1009.101,138.47399999999996,287.471,583.156,276.972,732.129,27.447401201663663,2,1,0,1,0,25.0,25.0,25.0,1.0,1.0,0.0,0.0,1,0,0.0,0.0,0.0,1.0,1.0,0.0,0.0,1.0,0.0,1.0
A-2025-11-18,CHOQUE,1,2,2,TUMBES,TUMBES,CORRALES,RURAL,CARRETERA,NACIONAL,PE-1N,-3.5892631,-80.4766528,DESPEJADO,RURAL,TRAMO RECTO,PLANA ,ASFALTADA,SIN_DATO,SIN_DATO,SIN_DATO,SIN_DATO,IMPRUDENCIA DEL CONDUCTOR,CONDUCIR EN ESTADO DE EBRIEDAD Y/O DROGADICCIÓN,2025,11,5,1,4,MADRUGADA,COSTA,LEVE,0,0,6543.555,3.0,Pavimentado,Bueno,1.0,Autopista del Sol,Eje Estructurante Norte,1475.0,240102.0,0.5691277377037675,76.83860361118322,66.3560753457607,8.686409348773196,962.153294603348,23971.755888650965,1009.101,138.47399999999996,287.471,583.156,276.972,732.129,27.447401201663663,3,2,0,0,1,51.0,43.0,59.0,1.0,1.0,1.0,1.0,2,0,0.0,0.0,1.0,1.0,1.0,0.0,0.0,1.0,1.0,1.0