CODIGO_SINIESTRO,CLASE SINIESTRO,CANTIDAD DE FALLECIDOS,CANTIDAD DE LESIONADOS,CANTIDAD DE VEHICULOS DAÑADOS,DEPARTAMENTO,PROVINCIA,DISTRITO,ZONA,TIPO DE VÍA,RED VIAL,COD CARRETERA,COORDENADAS LATITUD,COORDENADAS  LONGITUD,CONDICIÓN CLIMÁTICA,ZONIFICACIÓN,CARACTERÍSTICAS DE VÍA,PERFIL LONGITUDINAL VÍA,SUPERFICIE DE CALZADA,¿EXISTE SEÑAL VERTICAL?,CLASIFICACIÓN DE LA SEÑAL VERTICAL Nº 1,CLASIFICACIÓN DE LA SEÑAL VERTICAL Nº 2,¿EXISTE SEÑAL HORIZONTAL?,CAUSA FACTOR PRINCIPAL,CAUSA ESPECÍFICA,AÑO,MES,DIA_SEMANA,ES_FIN_SEMANA,HORA_NUM,FRANJA_HORARIA,REGION_NATURAL,CATEGORIA_SEVERIDAD,MORTALIDAD_MULTIPLE,LESION_MULTIPLE,MTC_RVN_LONGITUD_KM,MTC_RVN_N_CARRILES_MEDIANA,MTC_RVN_SUPERFICIE_DOMINANTE,MTC_RVN_ESTADO_DOMINANTE,MTC_RVN_ES_CONCESIONADA,MTC_RVN_CONCESION_PRINCIPAL,MTC_RVN_CORREDOR_LOGISTICO,MTC_RVN_N_TRAMOS,IDH_UBIGEO,IDH_2019,IDH_ESP_VIDA_2019,IDH_EDUC_SECUND_PCT_2019,IDH_ANIOS_EDUC_2019,IDH_INGRESO_PERCAP_2019,IDH_POBLACION_2019,MTC_DEP_RED_TOTAL_KM,MTC_DEP_NACIONAL_TOTAL_KM,MTC_DEP_DEPARTAMENTAL_TOTAL_KM,MTC_DEP_VECINAL_TOTAL_KM,MTC_DEP_PAV_TOTAL_KM,MTC_DEP_NO_PAV_TOTAL_KM,MTC_DEP_PCT_PAVIMENTADA,PER_TOTAL_PERSONAS,PER_N_CONDUCTORES,PER_N_CONDUCTORES_FUGADOS,PER_N_PEATONES,PER_N_PASAJEROS_OCUPANTES,PER_EDAD_COND_PROM,PER_EDAD_COND_MIN,PER_EDAD_COND_MAX,PER_ANY_COND_MASCULINO,PER_ANY_LIC_PROBLEMA,PER_ANY_DOSAJE_POS,PER_ANY_DOSAJE_EVALUADO,VEH_TOTAL,VEH_N_FUGADOS,VEH_ANY_FUGADO,VEH_ANY_CARGA,VEH_ANY_PUBLICO,VEH_ANY_PARTICULAR,VEH_ANY_MOTO,VEH_ANY_AUTO,VEH_ANY_CAMION_BUS,VEH_ANY_SOAT_PROBLEMA,VEH_ANY_CITV_PROBLEMA,VEH_ANY_SEGURO_PROBLEMA
A-2025-11-151,ATROPELLO,1,0,1,CUSCO,CANCHIS,SICUANI,URBANA,CALLE,URBANO,NO CORRESPONDE,-14.2833294456838,-71.2297416225971,DESPEJADO,RESIDENCIAL,TRAMO RECTO,PLANA ,AFIRMADO,SIN_DATO,SIN_DATO,SIN_DATO,SIN_DATO,IMPERICIA DEL CONDUCTOR,SIN_DATO,2025,11,5,1,17,TARDE,SIERRA,LEVE,0,0,,,,,,,,,80601.0,0.5265643824923771,76.3202150422939,72.59240802938885,8.636399400985075,746.7361126929013,59032.11777301927,17779.13499998999,2097.3709999899997,2863.123,12818.640999999989,2878.713,14900.421999989989,16.19152450331032,2,1,0,1,0,40.0,40.0,40.0,1.0,0.0,0.0,1.0,1,0,0.0,0.0,1.0,0.0,0.0,0.0,1.0,0.0,0.0,0.0
A-2025-11-29,CHOQUE,2,0,1,AREQUIPA,CAYLLOMA,MAJES,RURAL,CARRETERA,NACIONAL,PE-1S,-16.391638,-72.20298,DESPEJADO,RURAL,TRAMO RECTO,PLANA ,ASFALTADA,NO,SIN_DATO,SIN_DATO,SI,EN PROCESO DE INVESTIGACIÓN,NO CUENTA CON CAUSA ESPECIFICA,2025,11,6,1,4,MADRUGADA,COSTA,GRAVE_MORTALIDAD,1,0,6639.975,2.0,Pavimentado,Bueno,1.0,No concesionado,Eje Estructurante Sur,1616.0,40520.0,0.6077843615696785,76.53072135400231,69.81276959706165,8.77367759087771,1135.5159013374655,74658.55888650964,10322.272,1495.236,1749.739,7077.2970000000005,2886.595,7435.677000000001,27.964725207783708,3,2,0,0,1,30.5,21.0,40.0,1.0,0.0,0.0,1.0,2,0,0.0,1.0,0.0,1.0,1.0,0.0,1.0,0.0,0.0,0.0
A-2025-11-159,DESPISTE,1,0,1,CUSCO,PARURO,CCAPI,RURAL,CARRETERA,DEPARTAMENTAL,CU-119B,-13.868303188960542,-71.94447683501927,DESPEJADO,RURAL,CURVA,PLANA ,AFIRMADO,SIN_DATO,SIN_DATO,SIN_DATO,SIN_DATO,IMPRUDENCIA DEL CONDUCTOR,EXCESO DE VELOCIDAD,2025,11,6,1,7,MAÑANA,SIERRA,LEVE,0,0,,,,,,,,,81003.0,0.2244190091334229,64.64082794550986,42.795438259848936,3.80933887341347,206.36543146846336,2897.199143468951,17779.13499998999,2097.3709999899997,2863.123,12818.640999999989,2878.713,14900.421999989989,16.19152450331032,1,1,0,0,0,19.0,19.0,19.0,1.0,0.0,0.0,1.0,1,0,0.0,0.0,0.0,1.0,0.0,0.0,1.0,0.0,0.0,0.0
A-2025-11-21,ATROPELLO,1,0,1,SAN MARTIN,RIOJA,AWAJUN,RURAL,CARRETERA,NACIONAL,PE-5N,-5.79701341737171,-77.4096056460597,DESPEJADO,RURAL,TRAMO RECTO,PLANA ,ASFALTADA,SIN_DATO,SIN_DATO,SIN_DATO,SIN_DATO,EN PROCESO DE INVESTIGACIÓN,NO CUENTA CON CAUSA ESPECIFICA,2025,11,6,1,19,NOCHE,SELVA,LEVE,0,0,7758.33400008,2.0,Pavimentado,Bueno,1.0,No concesionado,Corredor IIRSA Norte,2133.0,220802.0,0.3490236341472501,73.80303880571165,34.287308240418106,5.251593843982846,481.3272995041394,11414.025695931476,5645.136,815.0759999999999,965.298,3864.762,1013.406,4631.73,17.95184385283189,2,1,0,1,0,38.0,38.0,38.0,1.0,0.0,0.0,0.0,1,0,0.0,0.0,0.0,1.0,0.0,1.0,0.0,0.0,0.0,0.0
A-2025-12-1,ATROPELLO FUGA,1,0,1,SAN MARTIN,RIOJA,NUEVA CAJAMARCA,RURAL,CARRETERA,NACIONAL,PE-5N,-5.860813,-77.347487,DESPEJADO,RURAL,TRAMO RECTO,PLANA ,ASFALTADA,SIN_DATO,SIN_DATO,SIN_DATO,SIN_DATO,EN PROCESO DE INVESTIGACIÓN,NO CUENTA CON CAUSA ESPECIFICA,2025,12,0,0,0,MADRUGADA,SELVA,LEVE,0,0,7758.33400008,2.0,Pavimentado,Bueno,1.0,No concesionado,Corredor IIRSA Norte,2133.0,220804.0,0.4789759027469384,73.43778249935497,54.01635312204597,6.285279694551369,847.2910954428505,47552.6295503212,5645.136,815.0759999999999,965.298,3864.762,1013.406,4631.73,17.95184385283189,2,1,1,1,0,,,,0.0,0.0,0.0,0.0,1,1,1.0,0.0,0.0,0.0,0.0,0.0,0.0,0.0,0.0,1.0
A-2025-12-2,CHOQUE,1,1,3,SAN MARTIN,RIOJA,RIOJA,RURAL,CARRETERA,NACIONAL,PE-5N,-6.019445,-77.2288,DESPEJADO,RURAL,TRAMO RECTO,INCLINADA,ASFALTADA,SIN_DATO,SIN_DATO,SIN_DATO,SIN_DATO,EN PROCESO DE INVESTIGACIÓN,NO CUENTA CON CAUSA ESPECIFICA,2025,12,1,0,13,TARDE,SELVA,LEVE,0,0,7758.33400008,2.0,Pavimentado,Bueno,1.0,No concesionado,Corredor IIRSA Norte,2133.0,220801.0,0.5963332411867256,73.80959983510441,63.34953560123128,8.251886446437874,1232.7304200473363,24031.167023554604,5645.136,815.0759999999999,965.298,3864.762,1013.406,4631.73,17.95184385283189,4,3,0,0,1,61.0,42.0,73.0,1.0,0.0,0.0,0.0,3,0,0.0,0.0,1.0,1.0,1.0,1.0,1.0,0.0,1.0,1.0
A-2025-12-8,DESPISTE,1,0,1,SAN MARTIN,RIOJA,NUEVA CAJAMARCA,RURAL,CARRETERA,PROVINCIAL,SM-520,-5.92976302902708,-77.3089590151594,DESPEJADO,RURAL,TRAMO RECTO,PLANA ,ASFALTADA,SIN_DATO,SIN_DATO,SIN_DATO,SIN_DATO,EN PROCESO DE INVESTIGACIÓN,NO CUENTA CON CAUSA ESPECIFICA,2025,12,4,0,10,MAÑANA,SELVA,LEVE,0,0,,,,,,,,,220804.0,0.4789759027469384,73.43778249935497,54.01635312204597,6.285279694551369,847.2910954428505,47552.6295503212,5645.136,815.0759999999999,965.298,3864.762,1013.406,4631.73,17.95184385283189,1,1,0,0,0,36.0,36.0,36.0,1.0,0.0,0.0,0.0,1,0,0.0,0.0,0.0,1.0,1.0,0.0,0.0,1.0,1.0,1.0
A-2025-12-7,CHOQUE,1,1,2,SAN MARTIN,MOYOBAMBA,SORITOR,URBANA,JIRÓN,URBANO,NO CORRESPONDE,-6.137788,-77.104915,DESPEJADO,ESCOLAR,INTERSECCIÓN,PLANA ,ASFALTADA,SIN_DATO,SIN_DATO,SIN_DATO,SIN_DATO,EN PROCESO DE INVESTIGACIÓN,NO CUENTA CON CAUSA ESPECIFICA,2025,12,4,0,16,TARDE,SELVA,LEVE,0,0,,,,,,,,,220105.0,0.4209273482033048,73.3551698063197,46.02617740809915,5.54816545192792,689.4538596354846,31717.576017130617,5645.136,815.0759999999999,965.298,3864.762,1013.406,4631.73,17.95184385283189,4,2,0,0,2,27.5,18.0,37.0,1.0,1.0,0.0,0.0,2,0,0.0,0.0,0.0,1.0,1.0,0.0,1.0,1.0,1.0,1.0
A-2025-12-3,ATROPELLO,1,0,1,LIMA,HUARAL,CHANCAY,URBANA,CARRETERA,NACIONAL,PE-1N,-11.5914173,-77.2572694,DESPEJADO,RURAL,TRAMO RECTO,INCLINADA,ASFALTADA,SIN_DATO,SIN_DATO,SIN_DATO,SIN_DATO,EN PROCESO DE INVESTIGACIÓN,NO CUENTA CON CAUSA ESPECIFICA,2025,12,5,1,19,NOCHE,COSTA,LEVE,0,0,6543.555,3.0,Pavimentado,Bueno,1.0,Autopista del Sol,Eje Estructurante Norte,1475.0,150605.0,0.6328991168419597,79.8522840328396,72.51785912375117,8.65057438382499,1190.6734036432963,65701.61456102783,7626.313,1683.4029999999998,1599.0829999999996,4343.827000000001,1814.875,5811.438000000001,23.797541485643197,2,1,0,1,0,43.0,43.0,43.0,1.0,0.0,0.0,1.0,1,0,0.0,1.0,0.0,0.0,0.0,0.0,1.0,0.0,1.0,0.0
A-2025-12-4,CHOQUE,1,0,2,LIMA,HUARAL,AUCALLAMA,RURAL,CARRETERA,NACIONAL,PE-1NA,-11.6729712,-77.1965717,DESPEJADO,RURAL,SINUOSA,PLANA ,ASFALTADA,SIN_DATO,SIN_DATO,SIN_DATO,SIN_DATO,EN PROCESO DE INVESTIGACIÓN,NO CUENTA CON CAUSA ESPECIFICA,2025,12,6,1,2,MADRUGADA,COSTA,LEVE,0,0,114.25,2.0,Pavimentado,Bueno,1.0,Red Vial N° 5 - Tramo Vial: Ancón - Huacho - Pativilca,No corresponde,15.0,150604.0,0.606011890732538,79.10580202061365,64.14379964647316,7.172095916125169,1269.9879605915198,20981.39186295503,7626.313,1683.4029999999998,1599.0829999999996,4343.827000000001,1814.875,5811.438000000001,23.797541485643197,2,2,0,0,0,34.0,31.0,37.0,1.0,0.0,0.0,1.0,2,0,0.0,1.0,0.0,0.0,0.0,0.0,1.0,0.0,0.0,0.0
A-2025-12-5,CHOQUE,1,2,2,LIMA,HUARAL,CHANCAY,RURAL,CARRETERA,NACIONAL,PE-1N,-11.4694393,-77.3095766,DESPEJADO,RURAL,TRAMO RECTO,INCLINADA,ASFALTADA,SIN_DATO,SIN_DATO,SIN_DATO,SIN_DATO,EN PROCESO DE INVESTIGACIÓN,NO CUENTA CON CAUSA ESPECIFICA,2025,12,6,1,6,MAÑANA,COSTA,LEVE,0,0,6543.555,3.0,Pavimentado,Bueno,1.0,Autopista del Sol,Eje Estructurante Norte,1475.0,150605.0,0.6328991168419597,79.8522840328396,72.51785912375117,8.65057438382499,1190.6734036432963,65701.61456102783,7626.313,1683.4029999999998,1599.0829999999996,4343.827000000001,1814.875,5811.438000000001,23.797541485643197,5,2,0,0,3,27.5,22.0,33.0,1.0,1.0,0.0,1.0,2,0,0.0,1.0,0.0,1.0,0.0,1.0,1.0,0.0,1.0,0.0
A-2025-12-12,CHOQUE,1,0,2,SAN MARTIN,RIOJA,NUEVA CAJAMARCA,URBANA,CARRETERA,NACIONAL,PE-5N,-5.96118,-77.29743,DESPEJADO,RURAL,TRAMO RECTO,PLANA ,ASFALTADA,SIN_DATO,SIN_DATO,SIN_DATO,SIN_DATO,EN PROCESO DE INVESTIGACIÓN,NO CUENTA CON CAUSA ESPECIFICA,2025,12,6,1,11,MAÑANA,SELVA,LEVE,0,0,7758.33400008,2.0,Pavimentado,Bueno,1.0,No concesionado,Corredor IIRSA Norte,2133.0,220804.0,0.4789759027469384,73.43778249935497,54.01635312204597,6.285279694551369,847.2910954428505,47552.6295503212,5645.136,815.0759999999999,965.298,3864.762,1013.406,4631.73,17.95184385283189,2,2,0,0,0,42.5,19.0,66.0,1.0,1.0,0.0,0.0,2,0,0.0,0.0,1.0,1.0,1.0,0.0,0.0,1.0,1.0,1.0
A-2025-12-11,DESPISTE,1,0,1,SAN MARTIN,MOYOBAMBA,MOYOBAMBA,URBANA,CARRETERA,PROVINCIAL,SM-588,-6.00111373027902,-76.9812832517358,DESPEJADO,INDUSTRIAL,OTRO,INCLINADA,AFIRMADO,SIN_DATO,SIN_DATO,SIN_DATO,SIN_DATO,EN PROCESO DE INVESTIGACIÓN,NO CUENTA CON CAUSA ESPECIFICA,2025,12,6,1,17,TARDE,SELVA,LEVE,0,0,,,,,,,,,220101.0,0.5294800468051228,72.46713251445857,60.50982579904599,7.757161651692042,952.984823255978,86435.21199143468,5645.136,815.0759999999999,965.298,3864.762,1013.406,4631.73,17.95184385283189,2,1,0,0,1,33.0,33.0,33.0,0.0,0.0,0.0,0.0,1,0,0.0,0.0,1.0,0.0,1.0,0.0,0.0,1.0,1.0,1.0
A-2025-12-6,CHOQUE,1,0,2,TUMBES,TUMBES,CORRALES,URBANA,CARRETERA,NACIONAL,PE-1N,-3.614284,-80.51437,DESPEJADO,RURAL,TRAMO RECTO,PLANA ,ASFALTADA,SI,REGULADORA (R),SIN_DATO,NO,IMPRUDENCIA DEL CONDUCTOR,INVASIÓN DE CARRIL,2025,12,0,0,19,NOCHE,COSTA,LEVE,0,0,6543.555,3.0,Pavimentado,Bueno,1.0,Autopista del Sol,Eje Estructurante Norte,1475.0,240102.0,0.5691277377037675,76.83860361118322,66.3560753457607,8.686409348773196,962.153294603348,23971.755888650965,1009.101,138.47399999999996,287.471,583.156,276.972,732.129,27.447401201663663,2,2,0,0,0,44.0,33.0,55.0,1.0,1.0,0.0,0.0,2,0,0.0,1.0,1.0,0.0,1.0,0.0,1.0,1.0,1.0,1.0
A-2025-12-70,CHOQUE,1,4,1,AREQUIPA,AREQUIPA,UCHUMAYO,RURAL,CARRETERA,DEPARTAMENTAL,AR-115,-16.459298,-71.624885,DESPEJADO,RURAL,CURVA,INCLINADA,ASFALTADA,SI,PREVENTIVA (P),INFORMATIVA (I),SI,IMPRUDENCIA DEL CONDUCTOR,INVASIÓN DE CARRIL,2025,12,1,0,15,TARDE,COSTA,GRAVE_LESIONADOS,0,1,,,,,,,,,40124.0,0.6689013265491138,80.68275010974979,77.5560025217936,10.466309714908672,1190.454984819332,14385.036402569593,10322.272,1495.236,1749.739,7077.2970000000005,2886.595,7435.677000000001,27.964725207783708,5,2,0,0,3,48.0,45.0,51.0,1.0,0.0,0.0,1.0,2,0,0.0,0.0,0.0,1.0,0.0,1.0,0.0,0.0,0.0,0.0
A-2025-12-9,ATROPELLO FUGA,1,0,1,LIMA,HUARAL,AUCALLAMA,RURAL,CARRETERA,NACIONAL,PE-1N,-11.676886,-77.1837419,DESPEJADO,RURAL,TRAMO RECTO,INCLINADA,ASFALTADA,SIN_DATO,SIN_DATO,SIN_DATO,SIN_DATO,EN PROCESO DE INVESTIGACIÓN,NO CUENTA CON CAUSA ESPECIFICA,2025,12,4,0,12,TARDE,COSTA,LEVE,0,0,6543.555,3.0,Pavimentado,Bueno,1.0,Autopista del Sol,Eje Estructurante Norte,1475.0,150604.0,0.606011890732538,79.10580202061365,64.14379964647316,7.172095916125169,1269.9879605915198,20981.39186295503,7626.313,1683.4029999999998,1599.0829999999996,4343.827000000001,1814.875,5811.438000000001,23.797541485643197,2,1,1,1,0,,,,0.0,0.0,0.0,0.0,1,1,1.0,0.0,0.0,0.0,0.0,0.0,0.0,0.0,0.0,1.0
A-2025-12-130,CHOQUE,1,0,1,AREQUIPA,CARAVELI,LOMAS,RURAL,CARRETERA,NACIONAL,PE-1S,-15.315688,-74.907817,DESPEJADO,RURAL,TRAMO RECTO,PLANA ,ASFALTADA,SIN_DATO,SIN_DATO,SIN_DATO,SIN_DATO,EN PROCESO DE INVESTIGACIÓN,NO CUENTA CON CAUSA ESPECIFICA,2025,12,4,0,16,TARDE,COSTA,LEVE,0,0,6639.975,2.0,Pavimentado,Bueno,1.0,No concesionado,Eje Estructurante Sur,1616.0,40311.0,0.5140293355498681,82.11897853059659,54.01885147561242,9.200693902288776,697.8064626086847,1477.7837259100645,10322.272,1495.236,1749.739,7077.2970000000005,2886.595,7435.677000000001,27.964725207783708,3,3,0,0,0,32.666666666666664,30.0,34.0,1.0,0.0,0.0,1.0,3,0,0.0,1.0,0.0,1.0,1.0,0.0,1.0,0.0,0.0,0.0
A-2025-12-13,CHOQUE,1,0,2,SAN MARTIN,RIOJA,RIOJA,RURAL,CARRETERA,NACIONAL,PE-5N,-6.052769,-77.156114,DESPEJADO,RURAL,TRAMO RECTO,PLANA ,ASFALTADA,SIN_DATO,SIN_DATO,SIN_DATO,SIN_DATO,EN PROCESO DE INVESTIGACIÓN,NO CUENTA CON CAUSA ESPECIFICA,2025,12,5,1,20,NOCHE,SELVA,LEVE,0,0,7758.33400008,2.0,Pavimentado,Bueno,1.0,No concesionado,Corredor IIRSA Norte,2133.0,220801.0,0.5963332411867256,73.80959983510441,63.34953560123128,8.251886446437874,1232.7304200473363,24031.167023554604,5645.136,815.0759999999999,965.298,3864.762,1013.406,4631.73,17.95184385283189,2,2,0,0,0,38.5,30.0,47.0,1.0,0.0,0.0,0.0,2,0,0.0,0.0,0.0,1.0,1.0,0.0,1.0,1.0,1.0,1.0
A-2025-12-140,DESPISTE,1,0,1,AREQUIPA,AREQUIPA,SOCABAYA,URBANA,CARRETERA,PROVINCIAL,AR-796,-16.460456,-71.547633,DESPEJADO,RESIDENCIAL,TRAMO RECTO,PLANA ,ASFALTADA,SIN_DATO,SIN_DATO,SIN_DATO,SIN_DATO,EN PROCESO DE INVESTIGACIÓN,NO CUENTA CON CAUSA ESPECIFICA,2025,12,6,1,2,MADRUGADA,COSTA,LEVE,0,0,,,,,,,,,40122.0,0.6667517543391563,77.72519918989518,79.84779472154914,11.061117097797226,1187.188317676406,87112.27408993576,10322.272,1495.236,1749.739,7077.2970000000005,2886.595,7435.677000000001,27.964725207783708,1,1,0,0,0,30.0,30.0,30.0,1.0,0.0,0.0,0.0,1,0,0.0,0.0,0.0,1.0,0.0,1.0,0.0,0.0,0.0,0.0
A-2025-12-35,DESPISTE,1,0,1,SAN MARTIN,RIOJA,NUEVA CAJAMARCA,URBANA,CARRETERA,NACIONAL,PE-5N,-5.94353015523087,-77.306147902828,DESPEJADO,COMERCIAL,TRAMO RECTO,PLANA ,ASFALTADA,SIN_DATO,SIN_DATO,SIN_DATO,SIN_DATO,IMPRUDENCIA DEL CONDUCTOR,CONDUCIR EN ESTADO DE EBRIEDAD Y/O DROGADICCIÓN,2025,12,0,0,12,TARDE,SELVA,LEVE,0,0,7758.33400008,2.0,Pavimentado,Bueno,1.0,No concesionado,Corredor IIRSA Norte,2133.0,220804.0,0.4789759027469384,73.43778249935497,54.01635312204597,6.285279694551369,847.2910954428505,47552.6295503212,5645.136,815.0759999999999,965.298,3864.762,1013.406,4631.73,17.95184385283189,1,1,0,0,0,30.0,30.0,30.0,1.0,0.0,0.0,0.0,1,0,0.0,0.0,0.0,1.0,0.0,1.0,0.0,0.0,0.0,0.0
A-2025-12-139,CHOQUE FUGA,1,0,1,AREQUIPA,AREQUIPA,VITOR,RURAL,CARRETERA,NACIONAL,PE-1S,-16.432225,-72.005177,DESPEJADO,RURAL,TRAMO RECTO,PLANA ,ASFALTADA,SI,REGULADORA (R),SIN_DATO,SI,EN PROCESO DE INVESTIGACIÓN,NO CUENTA CON CAUSA ESPECIFICA,2025,12,0,0,21,NOCHE,COSTA,LEVE,0,0,6639.975,2.0,Pavimentado,Bueno,1.0,No concesionado,Eje Estructurante Sur,1616.0,40125.0,0.6455852322566902,78.58826324858522,78.38415596279924,8.472481180514539,1258.6172876652156,2628.282655246253,10322.272,1495.236,1749.739,7077.2970000000005,2886.595,7435.677000000001,27.964725207783708,2,2,0,0,0,48.5,31.0,66.0,1.0,1.0,1.0,1.0,2,0,0.0,1.0,0.0,0.0,0.0,0.0,1.0,0.0,0.0,0.0
A-2025-12-36,DESPISTE,1,1,1,SAN MARTIN,MOYOBAMBA,JEPELACIO,RURAL,CARRETERA,NACIONAL,PE-5N,-6.098945,-76.869748,DESPEJADO,RURAL,TRAMO RECTO,PLANA ,ASFALTADA,SIN_DATO,SIN_DATO,SIN_DATO,SIN_DATO,EN PROCESO DE INVESTIGACIÓN,NO CUENTA CON CAUSA ESPECIFICA,2025,12,0,0,23,NOCHE,SELVA,LEVE,0,0,7758.33400008,2.0,Pavimentado,Bueno,1.0,No concesionado,Corredor IIRSA Norte,2133.0,220104.0,0.3492524985551798,73.87945975179423,47.35782955662357,4.584830643679292,457.969668231556,16120.93790149893,5645.136,815.0759999999999,965.298,3864.762,1013.406,4631.73,17.95184385283189,2,1,0,0,1,22.0,22.0,22.0,0.0,1.0,0.0,0.0,1,0,0.0,0.0,0.0,1.0,1.0,0.0,0.0,1.0,1.0,1.0
A-2025-12-10,DESPISTE,1,0,1,TUMBES,TUMBES,SAN JACINTO,RURAL,CARRETERA,DEPARTAMENTAL,TU-105,-3.7124443,-80.4526939,DESPEJADO,RURAL,CURVA,INCLINADA,ASFALTADA,SI,PREVENTIVA (P),SIN_DATO,NO,IMPRUDENCIA DEL CONDUCTOR,EXCESO DE VELOCIDAD,2025,12,3,0,3,MADRUGADA,COSTA,LEVE,0,0,,,,,,,,,240105.0,0.5487372145199809,74.84097561571106,72.74741822907339,8.228710766965138,889.3745801533016,8740.119914346895,1009.101,138.47399999999996,287.471,583.156,276.972,732.129,27.447401201663663,1,1,0,0,0,17.0,17.0,17.0,1.0,1.0,0.0,1.0,1,0,0.0,0.0,0.0,1.0,1.0,0.0,0.0,0.0,0.0,1.0
A-2025-12-159,CHOQUE,1,1,2,TUMBES,CONTRALMIRANTE VILLAR,ZORRITOS,URBANA,CARRETERA,NACIONAL,PE-1N,-3.70561973337602,-80.7177304702349,DESPEJADO,RESIDENCIAL,TRAMO RECTO,PLANA ,ASFALTADA,SIN_DATO,SIN_DATO,SIN_DATO,SIN_DATO,IMPRUDENCIA DEL CONDUCTOR,CONDUCIR EN ESTADO DE EBRIEDAD Y/O DROGADICCIÓN,2025,12,6,1,21,NOCHE,COSTA,LEVE,0,0,6543.555,3.0,Pavimentado,Bueno,1.0,Autopista del Sol,Eje Estructurante Norte,1475.0,240201.0,0.568342833663152,74.37886913017682,68.79116494388956,9.025058202905662,964.4271707185276,11360.244111349037,1009.101,138.47399999999996,287.471,583.156,276.972,732.129,27.447401201663663,2,2,0,0,0,26.5,23.0,30.0,1.0,1.0,1.0,1.0,2,0,0.0,0.0,1.0,1.0,1.0,0.0,0.0,1.0,1.0,1.0
A-2025-12-93,ATROPELLO FUGA,1,0,1,TUMBES,TUMBES,TUMBES,URBANA,AVENIDA,URBANO,NO CORRESPONDE,-3.56519282630022,-80.4588500357501,DESPEJADO,RESIDENCIAL,TRAMO RECTO,PLANA ,ASFALTADA,SIN_DATO,SIN_DATO,SIN_DATO,SIN_DATO,IMPRUDENCIA DEL PEATÓN,ESTADO DE EBRIEDAD Y/O DROGADICCIÓN,2025,12,6,1,22,NOCHE,COSTA,LEVE,0,0,,,,,,,,,240101.0,0.6025111043634478,77.63758231637303,72.22144062196868,9.79150322507506,998.9716590818762,109744.95931477516,1009.101,138.47399999999996,287.471,583.156,276.972,732.129,27.447401201663663,2,1,1,1,0,,,,0.0,0.0,0.0,0.0,1,1,1.0,0.0,0.0,0.0,0.0,0.0,0.0,0.0,0.0,1.0
A-2025-12-138,CHOQUE,2,0,1,AREQUIPA,CAYLLOMA,SAN ANTONIO DE CHUCA,RURAL,CARRETERA,NACIONAL,PE-34A,-15.97581,-71.227033,DESPEJADO,RURAL,CURVA,INCLINADA,ASFALTADA,SI,REGULADORA (R),SIN_DATO,SI,EN PROCESO DE INVESTIGACIÓN,NO CUENTA CON CAUSA ESPECIFICA,2025,12,2,0,3,MADRUGADA,COSTA,GRAVE_MORTALIDAD,1,0,1504.4250000000002,2.0,Pavimentado,Bueno,1.0,IIRSA Sur - Tramo 5: Matarani - Azángaro - Ilo,Corredor Matarani - Arequipa - Juliaca,241.0,40514.0,0.4498224071382834,81.63336343193146,58.84842497065013,5.774685730039019,620.6584683449911,1358.612419700214,10322.272,1495.236,1749.739,7077.2970000000005,2886.595,7435.677000000001,27.964725207783708,4,3,0,0,1,40.0,32.0,46.0,1.0,0.0,0.0,1.0,3,0,0.0,0.0,1.0,1.0,0.0,1.0,1.0,0.0,0.0,0.0
A-2025-12-132,CHOQUE,1,0,1,AREQUIPA,AREQUIPA,MARIANO MELGAR,URBANA,AVENIDA,URBANO,NO CORRESPONDE,-16.403622,-71.49484,DESPEJADO,ESCOLAR,INTERSECCIÓN,INCLINADA,ASFALTADA,SI,PREVENTIVA (P),SIN_DATO,SI,EN PROCESO DE INVESTIGACIÓN,NO CUENTA CON CAUSA ESPECIFICA,2025,12,2,0,7,MAÑANA,COSTA,LEVE,0,0,,,,,,,,,40109.0,0.6695059447902582,78.31157187229299,82.77181279277993,11.14882835263472,1162.805854980513,56182.85653104924,10322.272,1495.236,1749.739,7077.2970000000005,2886.595,7435.677000000001,27.964725207783708,2,2,0,0,0,46.0,37.0,55.0,1.0,0.0,0.0,1.0,2,0,0.0,0.0,1.0,1.0,1.0,0.0,1.0,1.0,0.0,0.0
A-2025-12-164,DESPISTE,1,0,1,TUMBES,TUMBES,TUMBES,URBANA,CARRETERA,NACIONAL,PE-1N,-3.55800500853835,-80.4520372615088,DESPEJADO,RESIDENCIAL,CURVA,PLANA ,ASFALTADA,SI,PREVENTIVA (P),SIN_DATO,NO,IMPRUDENCIA DEL CONDUCTOR,CONDUCIR EN ESTADO DE EBRIEDAD Y/O DROGADICCIÓN,2025,12,6,1,3,MADRUGADA,COSTA,LEVE,0,0,6543.555,3.0,Pavimentado,Bueno,1.0,Autopista del Sol,Eje Estructurante Norte,1475.0,240101.0,0.6025111043634478,77.63758231637303,72.22144062196868,9.79150322507506,998.9716590818762,109744.95931477516,1009.101,138.47399999999996,287.471,583.156,276.972,732.129,27.447401201663663,1,1,0,0,0,33.0,33.0,33.0,1.0,0.0,0.0,0.0,1,0,0.0,0.0,0.0,1.0,1.0,0.0,0.0,1.0,1.0,1.0
A-2025-12-131,DESPISTE,1,0,1,AREQUIPA,AREQUIPA,LA JOYA,RURAL,CARRETERA,SIN CLASIFICAR,SIN CLASIFICAR,-16.521657,-71.831193,DESPEJADO,RURAL,TRAMO RECTO,PLANA ,AFIRMADO,NO,SIN_DATO,SIN_DATO,SI,EN PROCESO DE INVESTIGACIÓN,NO CUENTA CON CAUSA ESPECIFICA,2025,12,1,0,15,TARDE,COSTA,LEVE,0,0,,,,,,,,,40108.0,0.6105481451420971,78.10653088113892,68.35418098658066,8.411557426919764,1158.5430895193692,35025.678800856535,10322.272,1495.236,1749.739,7077.2970000000005,2886.595,7435.677000000001,27.964725207783708,1,1,0,0,0,52.0,52.0,52.0,1.0,0.0,0.0,0.0,1,0,0.0,0.0,0.0,1.0,0.0,0.0,1.0,1.0,1.0,1.0